# Word classes for cefr_words.tsv, from the CEFR-J Vocabulary Profile 1.5 and the Octanove Vocabulary Profile C1/C2 1.0 (CC BY-SA 4.0). Built by scripts/build-word-classes.py.
abandon	verb
abandoned	adjective
aberration	noun
abhor	verb
abhorrent	adjective
abhorrently	adverb
ability	noun
abject	adjective
able	adjective
abnormal	adjective
abnormally	adverb
aboard	adverb,other
abolish	verb
aboriginal	adjective
aborigine	noun
abound	verb
about	adverb,other
above	adjective,adverb,other
abroad	adverb
abruptly	adverb
absence	noun
absent	adjective
absentee	noun
absolute	adjective,noun
absolutely	adverb
absorb	verb
abstract	adjective
abstraction	noun
absurd	adjective
abundance	noun
abundant	adjective
abundantly	adverb
abuse	noun
academic	adjective
academy	noun
accent	noun
accept	verb
acceptable	adjective
acceptance	noun
access	noun,verb
accessibility	noun
accessible	adjective
accessory	noun
accident	noun
accidental	adjective
accidentally	adverb
accommodation	noun
accompany	verb
accomplish	verb
accordingly	adverb
account	noun,verb
accountability	noun
accountant	noun
accrue	verb
accumulate	verb
accuracy	noun
accurate	adjective
accurately	adverb
accusation	noun
accuse	verb
accustom	verb
accustomed	adjective
ache	noun,verb
achievable	adjective
achieve	verb
achievement	noun
acid	noun
acidic	adjective
acknowledge	verb
acknowledgment	noun
acoustic	adjective
acoustically	adverb
acoustics	noun
acquaintance	noun
acquire	verb
acquisition	noun
acre	noun
acreage	noun
acrobatic	adjective
acrobatically	adverb
acrobatics	noun
across	adverb,other
act	noun,verb
action	noun
active	adjective
actively	adverb
activity	noun
actor	noun
actress	noun
actual	adjective
actually	adverb
acute	adjective
acutely	adverb
adapt	verb
adaptable	adjective
add	verb
addict	noun
addicted	adjective
addiction	noun
addition	noun
additional	adjective
additionally	adverb
additive	adjective,noun
address	noun,verb
addressee	noun
adept	adjective,noun
adequate	adjective
adequately	adverb
adhere	verb
adhesion	noun
adjective	noun
adjoin	verb
adjoining	adjective
adjust	verb
adjustable	adjective
adjustment	noun
administration	noun
administrative	adjective
admirable	adjective
admiration	noun
admire	verb
admiringly	adverb
admission	noun
admit	verb
admittedly	adverb
adopt	verb
adopted	adjective
adoption	noun
adorable	adjective
adore	verb
adorn	verb
adornment	noun
adrenaline	noun
adult	adjective,noun
adulterate	verb
advance	noun,verb
advanced	adjective
advancement	noun
advantage	noun
advantageous	adjective
advent	noun
adventure	noun
adventurous	adjective
adverb	noun
adverbial	adjective
adversary	noun
adverse	adjective
adversely	adverb
adversity	noun
advert	noun
advertise	verb
advertisement	noun
advertising	noun
advice	noun
advise	verb
adviser	noun
advisory	adjective
aerobics	noun
aesthetic	adjective
aesthetically	adverb
affair	noun
affect	verb
affectation	noun
affection	noun
affectionate	adjective
affectionately	adverb
afford	verb
affordable	adjective
afraid	adjective
after	adverb,other
afternoon	noun
afterward	adverb
afterwards	adverb
again	adverb
age	noun
aged	adjective
ageless	adjective
agency	noun
agenda	noun
agent	noun
aggressive	adjective
aggressively	adverb
aghast	adjective
agile	adjective
agility	noun
ago	adverb
agonize	verb
agony	noun
agree	verb
agreeable	adjective
agreement	noun
agricultural	adjective
agriculture	noun
ahead	adverb
aid	noun,verb
aim	noun,verb
aimless	adjective
aimlessly	adverb
air	noun
aircraft	noun
aircrew	noun
airline	noun
airplane	noun
airport	noun
aisle	noun
alarm	noun,verb
album	noun
alcohol	noun
alcoholic	adjective,noun
alcoholism	noun
alert	verb
alienate	verb
align	verb
alignment	noun
alike	adjective,adverb
alive	adjective
all	adverb,other
allegation	noun
allege	verb
allegorical	adjective
allegory	noun
allergic	adjective
alleviate	verb
alliance	noun
allot	verb
allotment	noun
allow	verb
allowance	noun
allude	verb
allusion	noun
ally	noun,verb
almost	adverb
alone	adjective,adverb
along	adverb,other
aloud	adverb
alphabet	noun
alphabetical	adjective
already	adverb
alright	adjective,adverb
also	adverb
altar	noun
alter	verb
alternate	verb
alternative	adjective,noun
alternatively	adverb
altitude	noun
altogether	adverb
altruism	noun
altruistic	adjective
aluminum	noun
always	adverb
amateur	adjective,noun
amaze	verb
amazed	adjective
amazement	noun
amazing	adjective
amazingly	adverb
ambassador	noun
ambiguity	noun
ambiguous	adjective
ambition	noun
ambitious	adjective
ambulance	noun
ammonia	noun
amorphous	adjective
amorphously	adverb
amount	noun
ample	adjective
amplification	noun
amplifier	noun
amplify	verb
amply	adverb
amuse	verb
amused	adjective
amusement	noun
amusing	adjective
analogy	noun
analysis	noun
analyst	noun
analyze	verb
anarchic	adjective
ancestor	noun
anchor	noun,verb
anchorage	noun
anchored	adjective
anchorman	noun
anchorperson	noun
ancient	adjective
angel	noun
anger	noun
angle	noun,verb
angrily	adverb
angry	adjective
angst	noun
angsty	adjective
anguish	noun
angular	adjective
angularity	noun
animal	noun
animate	verb
animated	adjective
animatedly	adverb
animation	noun
ankle	noun
annex	noun,verb
anniversary	noun
announce	verb
announcement	noun
annoy	verb
annoyance	noun
annoyed	adjective
annoying	adjective
annual	adjective
annually	adverb
anonymity	noun
anonymous	adjective
answer	noun,verb
ant	noun
antediluvian	adjective
anthology	noun
anthropological	adjective
anthropologically	adverb
anthropologist	noun
anthropology	noun
anti	adjective
antiaircraft	adjective
antibacterial	adjective
anticancer	noun
anticipate	verb
anticipation	noun
anticlimactic	adjective
anticlimactically	adverb
antics	noun
antidote	noun
antipollution	noun
antiquated	adjective
antique	adjective,noun
antiquity	noun
antistatic	adjective
antithesis	noun
antithetical	adjective
antivirus	noun
antonym	noun
anxiety	noun
anxious	adjective
anxiously	adverb
anyhow	adverb
anymore	adverb
anyway	adverb
anywhere	adverb
apart	adverb
apartment	noun
ape	noun
apologize	verb
apology	noun
apostle	noun
apostrophe	noun
appall	verb
appalling	adjective
appallingly	adverb
apparent	adjective
apparently	adverb
appeal	noun,verb
appear	verb
appearance	noun
appetite	noun
applaud	verb
applause	noun
apple	noun
appliance	noun
applicant	noun
application	noun
apply	verb
appoint	verb
appointment	noun
appreciate	verb
appreciation	noun
appreciative	adjective
apprehend	verb
apprehensive	adjective
apprentice	noun,verb
apprenticeship	noun
approach	noun,verb
appropriate	adjective
appropriately	adverb
approval	noun
approve	verb
approximate	adjective
approximately	adverb
april	noun
apron	noun
apt	adjective
aptitude	noun
aqua	adjective
aquarium	noun
arcane	adjective
arcanely	adverb
arch	noun
archaeologist	noun
archetypal	adjective
archetype	noun
architect	noun
architecture	noun
archival	adjective
arctic	adjective
ardor	noun
arduous	adjective
arduously	adverb
area	noun
arena	noun
argue	verb
argument	noun
arise	verb
aristocracy	noun
arithmetic	noun
arm	noun,verb
armchair	noun
armed	adjective
armful	noun
armory	noun
army	noun
around	adverb,other
arouse	verb
arrange	verb
arrangement	noun
arrest	noun,verb
arrival	noun
arrive	verb
arrogant	adjective
arrow	noun
art	noun
artery	noun
article	noun
articulate	adjective,verb
articulation	noun
artifact	noun
artifice	noun
artificial	adjective
artificially	adverb
artist	noun
artistic	adjective
artistically	adverb
artistry	noun
ash	noun
ashamed	adjective
aside	adverb
ask	verb
asleep	adjective
aspect	noun
aspiration	noun
aspire	verb
aspirin	noun
assault	noun
assemble	verb
assembly	noun
assert	verb
assertion	noun
assess	verb
assessment	noun
assign	verb
assignment	noun
assimilate	verb
assimilation	noun
assist	verb
assistance	noun
assistant	adjective,noun
associate	verb
association	noun
assume	verb
assumption	noun
assurance	noun
assure	verb
astonish	verb
astonished	adjective
astonishing	adjective
astonishment	noun
astray	adverb
astringent	noun
astronaut	noun
astronomer	noun
astronomy	noun
athlete	noun
athletic	adjective
athleticism	noun
athletics	noun
atlantic	adjective
atmosphere	noun
atmospheric	adjective
atom	noun
atomic	adjective
attach	verb
attached	adjective
attachment	noun
attack	noun,verb
attain	verb
attainable	adjective
attainment	noun
attempt	noun,verb
attend	verb
attendance	noun
attention	noun
attentive	adjective
attentively	adverb
attitude	noun
attract	verb
attraction	noun
attractive	adjective
attractiveness	noun
attribute	noun,verb
attributive	adjective
attrition	noun
attuned	adjective
atypical	adjective
aubergine	noun
audience	noun
audio	adjective
audit	noun,verb
audition	noun
august	noun
aunt	noun
austere	adjective
austerely	adverb
austerity	noun
authenticity	noun
author	noun
authoritative	adjective
authority	noun
authorize	verb
automate	verb
automatic	adjective,verb
automatically	adverb
autonomous	adjective
autonomously	adverb
autopilot	noun
autumn	noun
auxiliary	adjective
availability	noun
available	adjective
avenue	noun
average	adjective,noun
averse	adjective
avian	adjective
avid	adjective
avoid	verb
await	verb
awake	adjective
award	noun,verb
aware	adjective
awareness	noun
away	adverb
awe	noun,verb
awesome	adjective
awful	adjective
awkward	adjective
axiom	noun
axiomatic	adjective
axis	noun
babble	verb
baby	noun
babysit	verb
babysitter	noun
back	adjective,adverb,noun,verb
backache	noun
background	noun
backpack	noun
backpacker	noun
backpacking	noun
backup	noun
backward	adverb
backyard	noun
bacon	noun
bad	adjective
badge	noun
badly	adverb
badminton	noun
bag	noun
baggage	noun
bake	verb
baker	noun
bakery	noun
balance	noun,verb
balanced	adjective
balcony	noun
bald	adjective,verb
baldly	adverb
balky	adjective
ball	noun
ballad	noun
ballet	noun
balloon	noun
ballot	noun
ban	noun,verb
banana	noun
band	noun
bandage	noun
bang	noun,verb
banish	verb
banishment	noun
bank	noun,verb
banker	noun
banking	noun
bankrupt	verb
bankruptcy	noun
bar	noun,verb
barbecue	noun,verb
barber	noun
barbershop	noun
bare	adjective,verb
barely	adverb
bargain	noun,verb
bark	noun,verb
barley	noun
barman	noun
barn	noun
barometer	noun
baroque	adjective
barrel	noun
barren	adjective
barrier	noun
bartender	noun
base	noun,verb
baseball	noun
basement	noun
basic	adjective
basically	adverb
basin	noun
basis	noun
basket	noun
basketball	noun
bat	noun,verb
batch	noun
bath	noun
bathe	verb
bathhouse	noun
bathroom	noun
batter	noun,verb
battered	adjective
battery	noun
battle	noun
battlefield	noun
bauble	noun
bay	noun
beach	noun
beagle	noun
beak	noun
beam	noun
bean	noun
bear	noun,verb
beard	noun
bearded	adjective
bearing	noun
beast	noun
beat	noun,verb
beautiful	adjective
beautifully	adverb
beautify	verb
beauty	noun
beaver	noun
become	verb
bed	noun
bedroom	noun
bedside	noun
bee	noun
beef	noun
beer	noun
before	adverb,other
beforehand	adverb
beg	verb
begin	verb
beginner	noun
beginning	noun
beguiling	adjective
beguilingly	adverb
behalf	noun
behave	verb
behavior	noun
behest	noun
behind	adverb,other
being	noun
belief	noun
believably	adverb
believe	verb
bell	noun
belligerence	noun
belligerent	adjective
bellow	verb
belly	noun
belong	verb
belongings	noun
beloved	adjective
below	adverb,other
belt	noun
bench	noun
bend	noun,verb
beneficial	adjective
beneficiary	noun
benefit	noun,verb
benevolence	noun
benevolent	adjective
benign	adjective
benignly	adverb
bent	adjective
bequeath	verb
bereft	adjective
bereftly	adverb
berry	noun
besides	adverb,other
besiege	verb
best	adjective,adverb
bestow	verb
bestseller	noun
bet	verb
betray	verb
better	adjective,adverb
bewilder	verb
bewilderment	noun
bicycle	noun
bid	verb
bidding	noun
big	adjective
bike	noun
bikini	noun
bilingual	adjective
bill	noun,verb
billiards	noun
billion	noun
bin	noun
bind	verb
bio	noun
biochemistry	noun
biography	noun
biological	adjective
biology	noun
biotechnology	noun
bird	noun
birdcage	noun
birth	noun
birthday	noun
birthplace	noun
biscuit	noun
bishop	noun
bit	noun
bite	noun,verb
bitter	adjective
bitterly	adverb
bizarre	adjective
black	adjective,noun
blackboard	noun
blade	noun
blame	noun,verb
blandishment	noun
blank	adjective
blanket	noun
blankness	noun
blast	noun,verb
blaze	noun,verb
bleed	verb
blend	noun,verb
bless	verb
blessing	noun
blight	noun,verb
blind	adjective
blindly	adverb
blindness	noun
blink	verb
bliss	noun
blister	noun,verb
blithely	adverb
blitz	noun,verb
block	noun,verb
blockbuster	noun
blog	noun
blogger	noun
blonde	adjective
blood	noun
bloodstream	noun
bloody	adjective,adverb
bloom	noun,verb
blooming	adjective
blossom	noun
blow	noun,verb
blubber	noun
blubbery	adjective
blue	adjective,noun
blur	verb
blurb	noun
blurt	noun
blush	noun,verb
board	noun,verb
boast	noun,verb
boat	noun
body	noun
bogus	adjective
boil	verb
boiled	adjective
boiling	adjective
bold	adjective,noun
boldly	adverb
bolt	noun,verb
bomb	noun,verb
bombard	noun
bomber	noun
bombing	noun
bond	noun
bone	noun
bonus	noun
bony	adjective
book	noun,verb
bookcase	noun
booking	noun
bookish	adjective
booklet	noun
bookmark	noun,verb
bookshelf	noun
bookshop	noun
bookstore	noun
boom	noun
boost	noun,verb
boot	noun
booth	noun
border	noun
bore	verb
bored	adjective
boredom	noun
boring	adjective
borrow	verb
boss	noun
bossy	adjective
botany	noun
both	adverb,other
bother	noun,verb
bothered	adjective
bothersome	adjective
bottle	noun,verb
bottom	noun
bounce	noun,verb
bound	adjective
bouquet	noun
bourbon	noun
bout	noun
bow	noun,verb
bowl	noun,verb
box	noun
boxer	noun
boxing	noun
boy	noun
boyfriend	noun
bra	noun
bracelet	noun
bracket	noun
brag	noun
brain	noun
brainstorm	noun
brainstorming	noun
brainwash	verb
brainwashing	noun
brake	noun,verb
branch	noun,verb
brand	noun
brandish	verb
brass	noun
brave	adjective
bravely	adverb
bravery	noun
bread	noun
breadwinner	noun
break	noun,verb
breakable	adjective
breakdown	noun
breakfast	noun
breakthrough	noun
breakup	noun
breast	noun
breath	noun
breathe	verb
breathless	adjective
breathtaking	adjective
breed	noun,verb
breeding	noun
breeze	noun
breezy	adjective
brevity	noun
brewery	noun
bribe	noun,verb
bribery	noun
brick	noun
bride	noun
bridge	noun
brief	adjective,noun,verb
briefly	adverb
bright	adjective
brightly	adverb
brilliant	adjective
brilliantly	adverb
brim	verb
brimstone	noun
bring	verb
brink	noun
broad	adjective
broadband	noun
broadcast	noun,verb
broadcaster	noun
broaden	verb
broadly	adverb
broccoli	noun
brochure	noun
broken	adjective
bronze	noun
brood	noun,verb
brother	noun
brotherhood	noun
brouhaha	noun
brown	adjective,noun
browse	verb
browser	noun
bruise	noun
brush	noun,verb
bubble	noun
bubbly	adjective
buccaneer	noun,verb
bucket	noun
bud	noun
buddy	noun
budget	adjective,noun
buffer	noun,verb
buffoon	noun
buffoonery	noun
bug	noun
build	verb
builder	noun
building	noun
bulb	noun
bulimia	noun
bulk	noun
bulky	adjective
bull	noun
bullet	noun
bulletin	noun
bully	verb
bum	noun
bump	verb
bumper	noun
bun	noun
bunch	noun
burden	noun,verb
burdensome	adjective
bureau	noun
bureaucracy	noun
bureaucratic	adjective
bureaucratically	adverb
burgeoning	adjective
burger	noun
burglar	noun
burglary	noun
burgle	verb
burial	noun
burn	noun,verb
burning	adjective
burst	noun,verb
bury	verb
bus	noun
bush	noun
business	noun
businessman	noun
businesswoman	noun
bust	verb
bustle	verb
bustling	adjective
busy	adjective
butcher	noun,verb
butter	noun
butterfly	noun
button	noun
buy	verb
buyer	noun
buzz	noun,verb
buzzard	noun
buzzer	noun
bye	noun
bypass	verb
cab	noun
cabbage	noun
cabin	noun
cabinet	noun
cable	noun
cafe	noun
cafeteria	noun
caffeinate	verb
cage	noun
cake	noun
calamitous	adjective
calamitously	adverb
calamity	noun
calculate	verb
calculation	noun
calculator	noun
calendar	noun
calf	noun
call	noun,verb
caller	noun
callous	adjective
callously	adverb
calm	adjective
calmly	adverb
calmness	noun
calorie	noun
calorific	adjective
camel	noun
camera	noun
camp	noun,verb
campaign	noun,verb
camping	noun
campsite	noun
campus	noun
can	noun,other
canal	noun
cancel	verb
cancer	noun
candid	adjective
candidate	noun
candidly	adverb
candle	noun
candy	noun
cane	noun
canned	adjective
cannonball	noun
canoe	noun
canon	noun
canteen	noun
cap	noun
capability	noun
capable	adjective
capacious	adjective
capacity	noun
capital	noun
capsule	noun
captain	noun
caption	noun
captive	noun
capture	noun,verb
car	noun
caravan	noun
carbon	noun
carbonize	verb
card	noun
cardboard	noun
cardigan	noun
care	noun,verb
career	noun
carefree	adjective
careful	adjective
carefully	adverb
careless	adjective
carelessly	adverb
carelessness	noun
caring	adjective
carnival	noun
carpenter	noun
carpentry	noun
carpet	noun
carpool	noun
carriage	noun
carrier	noun
carrot	noun
carry	verb
carton	noun
cartoon	noun
carve	verb
cascade	noun,verb
case	noun
cash	noun
cashpoint	noun
cassette	noun
cast	noun,verb
castle	noun
casual	adjective
casually	adverb
cat	noun
catalog	noun
catalyst	noun
catastrophe	noun
catastrophic	adjective
catastrophically	adverb
catch	noun,verb
catchy	adjective
categorization	noun
categorize	verb
category	noun
catering	noun
cathedral	noun
cattle	noun
cause	noun,verb
caution	noun
cautious	adjective
cave	noun
cavity	noun
cay	noun
cease	verb
ceaseless	adjective
ceaselessly	adverb
ceiling	noun
celebrate	verb
celebration	noun
celebrity	noun
cell	noun
cellar	noun
cellist	noun
cello	noun
cemetery	noun
cent	noun
center	noun
centigrade	noun
centimeter	noun
central	adjective
centralized	adjective
century	noun
cereal	noun
ceremony	noun
certain	adjective
certainly	adverb
certainty	noun
certificate	noun
certification	noun
certify	verb
cessation	noun
chain	noun
chair	noun
chairman	noun
challenge	noun,verb
challenging	adjective
champagne	noun
champion	noun
championship	noun
chance	noun
chancellor	noun
change	noun,verb
channel	noun
chaos	noun
chaotic	adjective
chaotically	adverb
chapter	noun
character	noun
characteristic	adjective,noun
characterization	noun
characterize	verb
charge	noun,verb
chariot	noun
charity	noun
charm	noun
charming	adjective
chart	noun,verb
charter	noun,verb
chase	noun,verb
chat	noun,verb
chauffer	noun,verb
cheap	adjective
cheat	verb
check	noun,verb
checkout	noun
checkpoint	noun
cheek	noun
cheeky	adjective
cheer	verb
cheerful	adjective
cheerfully	adverb
cheerfulness	noun
cheese	noun
chef	noun
chemical	adjective,noun
chemist	noun
chemistry	noun
chemotherapy	noun
cheque	noun
cherish	verb
cherished	adjective
cherry	noun
chess	noun
chest	noun
chew	verb
chicken	noun
chief	adjective,noun
child	noun
childhood	noun
childish	adjective
chili	noun
chill	noun,verb
chilly	adjective
chimney	noun
chimpanzee	noun
chin	noun
chip	noun
chirp	noun
chisel	verb
chiselled	adjective
chocolate	noun
choice	noun
choir	noun
choke	verb
choose	verb
chop	verb
choreographical	adjective
choreography	noun
christian	adjective
chronological	adjective
chronologically	adverb
chronology	noun
chrysalis	noun
chuckle	noun
chunk	noun
church	noun
churn	verb
cigarette	noun
cinema	noun
cinematographer	noun
cinematography	noun
circle	noun,verb
circuit	noun
circuitry	noun
circular	adjective
circulate	verb
circulation	noun
circumnavigate	verb
circumnavigation	noun
circumstance	noun
circus	noun
citation	noun
cite	verb
citizen	noun
citizenship	noun
city	noun
citywide	adjective
civil	adjective
civilization	noun
claim	noun,verb
clam	noun
clammy	adjective
clan	noun
clap	verb
clarify	verb
class	noun,verb
classic	adjective,noun
classical	adjective
classification	noun
classify	verb
classmate	noun
classroom	noun
classy	adjective
clause	noun
claustrophobia	noun
claustrophobic	adjective
clean	adjective,verb
cleaner	noun
cleanly	adverb
clear	adjective,verb
clearly	adverb
clearness	noun
clench	verb
clerical	adjective
clerk	noun
clever	adjective
cleverness	noun
click	noun,verb
client	noun
cliff	noun
climactic	adjective
climate	noun
climax	noun
climb	noun,verb
climber	noun
climbing	noun
clinch	verb
clinic	noun
clinical	adjective
clip	noun
cloak	noun
clock	noun
clog	verb
cloister	noun
cloistered	adjective
clone	verb
close	adjective,verb
closed	adjective
closely	adverb
closeness	noun
closure	noun
cloth	noun
clothes	noun
clothing	noun
cloud	noun
cloudy	adjective
clown	noun
club	noun
clue	noun
clumsy	adjective
clutch	noun,verb
clutter	noun,verb
coach	noun,verb
coaching	noun
coal	noun
coalition	noun
coarse	adjective
coast	noun,verb
coastal	adjective
coastline	noun
coat	noun
coax	verb
cocktail	noun
cocoa	noun
coconut	noun
cocoon	verb
cod	noun
code	noun
coffee	noun
coffin	noun
cogent	adjective
cogently	adverb
cognitive	adjective
coherence	noun
coherent	adjective
coin	noun
coincide	verb
coincidence	noun
coke	noun
cola	noun
cold	adjective,noun
collaborate	verb
collaboration	noun
collaborative	adjective
collaborator	noun
collapse	noun,verb
collar	noun
colleague	noun
collect	verb
collection	noun
collector	noun
college	noun
collide	verb
collider	noun
collocation	noun
colloquial	adjective
colloquially	adverb
colloquium	noun
colon	noun
colonial	adjective
color	noun,verb
colorful	adjective
column	noun
columnist	noun
coma	noun
comb	noun,verb
combination	noun
combine	verb
combustion	noun
come	verb
comedian	noun
comedy	noun
comet	noun
comfort	noun
comfortable	adjective
comfortably	adverb
comic	adjective,noun
comma	noun
command	noun
commander	noun
commemorate	verb
commend	verb
commendation	noun
commensurate	adjective
commensurately	adverb
comment	noun,verb
commerce	noun
commercial	adjective,noun
commercially	adverb
commission	noun,verb
commit	verb
commitment	noun
committee	noun
commode	noun
commodity	noun
common	adjective
commonly	adverb
commonwealth	noun
communicate	verb
communication	noun
communicative	adjective
community	noun
commute	verb
companion	noun
company	noun
comparative	noun
compare	verb
comparison	noun
compassion	noun
compassionate	adjective
compatible	adjective
compel	verb
compellingly	adverb
compensate	verb
compensation	noun
compete	verb
competence	noun
competent	adjective
competition	noun
competitive	adjective
competitor	noun
compile	verb
complain	verb
complaint	noun
complement	noun
complementary	adjective
complete	adjective,verb
completely	adverb
completion	noun
complex	adjective
complexion	noun
complexity	noun
compliance	noun
compliant	adjective
compliantly	adverb
complicate	verb
complicated	adjective
compliment	noun
complimentary	adjective
comply	verb
component	noun
compose	verb
composer	noun
composition	noun
compound	noun
comprehension	noun
comprehensive	adjective
compress	noun
compression	noun
comprise	verb
compromise	noun,verb
compromised	adjective
compulsion	noun
compulsory	adjective
compute	verb
computer	noun
computerize	verb
con	noun,verb
conceal	verb
concede	verb
conceit	noun
conceivable	adjective
conceive	verb
concentrate	verb
concentration	noun
concept	noun
conception	noun
concern	noun,verb
concerned	adjective
concert	noun
concerto	noun
concession	noun
conciliation	noun
conciliatory	adjective
conclude	verb
conclusion	noun
concrete	adjective,noun
concur	verb
concurrence	noun
condemn	verb
condensation	noun
condition	noun,verb
conditional	adjective
conditionally	adverb
condone	verb
conduct	noun,verb
conductor	noun
conduit	noun
cone	noun
confabulate	verb
confabulation	noun
confection	noun
conference	noun
conferencing	noun
confess	verb
confession	noun
confide	verb
confidence	noun
confident	adjective
confidently	adverb
confine	verb
confinement	noun
confirm	verb
confirmation	noun
conflict	noun
conform	verb
conformity	noun
confront	verb
confrontational	adjective
confrontationally	adverb
confuse	verb
confused	adjective
confusing	adjective
confusion	noun
conglomerate	noun
congratulate	verb
congregate	verb
conjecture	noun,verb
conjunction	noun
conjure	verb
connect	verb
connection	noun
connoisseur	noun
connotation	noun
connote	verb
conquer	verb
conquest	noun
conscience	noun
conscientious	adjective
conscientiously	adverb
conscious	adjective
consciousness	noun
consensus	noun
consent	noun
consequence	noun
consequently	adverb
conservation	noun
conservative	adjective
conservatory	noun
conserve	verb
consider	verb
considerable	adjective
considerably	adverb
consideration	noun
consign	verb
consignment	noun
consist	verb
consistent	adjective
consolation	noun
console	verb
consonant	noun
constant	adjective
constantly	adverb
consternation	noun
constitute	verb
constitution	noun
constrained	adjective
constraint	noun
construct	verb
construction	noun
consult	verb
consultancy	noun
consultant	noun
consultation	noun
consume	verb
consumer	noun
consumption	noun
contact	noun,verb
contagion	noun
contain	verb
container	noun
contaminate	verb
contemporary	adjective
contempt	noun
contemptuous	adjective
contemptuously	adverb
content	adjective,noun
contest	noun,verb
contested	adjective
context	noun
contextual	adjective
contextually	adverb
continent	noun
continual	adjective
continually	adverb
continue	verb
continuity	noun
continuous	adjective
continuously	adverb
contract	noun,verb
contractor	noun
contractual	adjective
contractually	adverb
contradict	verb
contradiction	noun
contradictory	adjective
contraption	noun
contrary	adjective
contrast	noun
contribute	verb
contribution	noun
contrive	verb
control	noun,verb
controversial	adjective
controversy	noun
convenience	noun
convenient	adjective
conveniently	adverb
convention	noun
conventional	adjective
conversation	noun
converse	adjective,noun
conversely	adverb
conversion	noun
convert	verb
convey	verb
convict	noun,verb
conviction	noun
convince	verb
convinced	adjective
convoluted	adjective
cook	noun,verb
cooker	noun
cookie	noun
cooking	noun
cool	adjective,verb
cooler	noun
cooperate	verb
cooperation	noun
cooperative	adjective
cop	noun
cope	verb
copper	noun
copy	noun,verb
copyright	noun
coral	noun
cordon	verb
core	noun
corn	noun
corner	noun
cornerstone	noun
cornet	noun
corona	noun
corporal	adjective
corporate	adjective
corporation	noun
corps	noun
corpse	noun
corpus	noun
correct	adjective,verb
correction	noun
correctly	adverb
correctness	noun
correlate	noun,verb
correlation	noun
correspond	verb
correspondence	noun
correspondent	noun
corresponding	adjective
corridor	noun
corrupt	adjective
corruption	noun
cosmic	adjective
cosset	verb
cost	noun,verb
costly	adjective
costume	noun
cottage	noun
cotton	noun
couch	noun
cough	noun,verb
council	noun
counsel	noun
counseling	noun
count	noun,verb
counter	noun,verb
counterproductive	adjective
counterproductively	adverb
countless	adjective
country	noun
countryman	noun
countryside	noun
countrywide	adjective
county	noun
couple	noun
coupled	adjective
courage	noun
courageous	adjective
courgette	noun
course	noun
court	noun
courtesy	noun
cousin	noun
cover	noun,verb
coverage	noun
cow	noun
coward	noun
cowardly	adjective
coziness	noun
cozy	adjective
crab	noun
crack	noun,verb
craft	noun,verb
craftsman	noun
crash	noun,verb
crater	noun
crave	verb
craving	noun
crawl	verb
crazy	adjective
cream	adjective,noun
creamy	adjective
crease	noun
create	verb
creation	noun
creative	adjective
creatively	adverb
creativity	noun
creator	noun
creature	noun
credential	noun
credibility	noun
credible	adjective
credibly	adverb
credit	noun
creek	noun
creepy	adjective
crew	noun
cricket	noun
crime	noun
criminal	adjective,noun
cripple	noun
crippling	adjective
crisis	noun
crisp	noun
criteria	noun
critic	noun
critical	adjective
critically	adverb
criticism	noun
criticize	verb
crocodile	noun
crony	noun
crop	noun
cross	noun,verb
crossing	noun
crossly	adverb
crossroads	noun
crow	noun
crowd	noun
crowded	adjective
crown	noun
crucial	adjective
crude	adjective
crudely	adverb
cruel	adjective
cruelly	adverb
cruelty	noun
cruise	noun,verb
crumb	noun
crumble	verb
crush	noun
cry	noun,verb
crystallization	noun
crystallize	verb
cube	noun
cubism	noun
cucumber	noun
cuff	noun
cull	verb
culmination	noun
cultish	adjective
cultivate	verb
cultural	adjective
culturally	adverb
culture	noun
cup	noun
cupboard	noun
curate	verb
curator	noun
cure	noun,verb
curiosity	noun
curious	adjective
curiously	adverb
curl	noun
curly	adjective
currency	noun
current	adjective
currently	adverb
curriculum	noun
curry	noun
curse	noun
cursor	noun
curtain	noun
curve	noun
cushion	noun
custom	noun
customary	adjective
customer	noun
customs	noun
cut	noun,verb
cute	adjective
cyberaddict	noun
cybercafe	noun
cybercrime	noun
cyberpet	noun
cyberschool	noun
cyberspace	noun
cycle	noun,verb
cycling	noun
cyclist	noun
cynic	noun
cynical	adjective
cynically	adverb
cynicism	noun
dad	noun
daddy	noun
daft	adjective
daily	adjective,adverb
daisy	noun
dam	noun
damage	noun,verb
damaged	adjective
damn	adjective,adverb,other
damp	adjective
dampen	verb
damply	adverb
dance	noun,verb
dancer	noun
dancing	noun
dandelion	noun
danger	noun
dangerous	adjective
dangerously	adverb
dare	verb
dark	adjective
darkness	noun
darkroom	noun
darling	adjective,noun
dash	noun,verb
data	noun
database	noun
date	noun,verb
dated	adjective
dating	noun
daughter	noun
daunt	verb
daunting	adjective
dawn	noun
day	noun
daydream	noun,verb
daylight	noun
daytime	noun
daze	noun
dazzle	noun
dead	adjective
deaden	verb
deadline	noun
deadly	adjective
deaf	adjective
deal	noun,verb
dealer	noun
dear	adjective,noun
dearly	adverb
death	noun
debate	noun
debit	noun,verb
debris	noun
debt	noun
debut	noun,verb
decade	noun
decay	verb
deceit	noun
deceive	verb
december	noun
decent	adjective
decentralize	verb
deceptive	adjective
decide	verb
decision	noun
decisive	adjective
deck	noun
declaration	noun
declare	verb
declination	noun
decline	noun,verb
decomposition	noun
decorate	verb
decoration	noun
decorative	adjective
decrease	noun,verb
dedicate	verb
dedication	noun
deduce	verb
deduction	noun
deed	noun
deem	verb
deep	adjective,adverb
deeply	adverb
deer	noun
defeat	noun,verb
defend	verb
defender	noun
defense	noun
deficiency	noun
deficient	adjective
deficiently	adverb
deficit	noun
define	verb
definite	adjective
definitely	adverb
definition	noun
deforestation	noun
defy	verb
degradation	noun
degrade	verb
degrading	adjective
degree	noun
dehumanize	verb
delay	noun,verb
delegate	noun
delete	verb
deliberate	adjective,verb
deliberately	adverb
delicacy	noun
delicate	adjective
delicately	adverb
delicatessen	noun
delicious	adjective
delight	noun,verb
delighted	adjective
delightful	adjective
deliver	verb
delivery	noun
demand	noun,verb
demanding	adjective
demise	noun
demo	noun
democracy	noun
democratic	adjective
demographic	adjective,noun
demographically	adverb
demography	noun
demolish	verb
demolition	noun
demonstrate	verb
demonstration	noun
demystification	noun
demystify	verb
denim	noun
denotation	noun
denote	verb
denounce	verb
dense	adjective
densely	adverb
dental	adjective
dentist	noun
denunciation	noun
deny	verb
depart	verb
department	noun
departure	noun
depend	verb
dependable	adjective
dependent	adjective,noun
depict	verb
depiction	noun
deposit	noun,verb
depraved	adjective
depravity	noun
deprecate	verb
deprecatingly	adverb
depressed	adjective
depressing	adjective
depression	noun
depressive	adjective
deprivation	noun
deprive	verb
depth	noun
deputy	noun
derelict	adjective,noun
derision	noun
derisive	adjective
derisively	adverb
derive	verb
descend	verb
descent	noun
describe	verb
description	noun
descriptive	adjective
desert	noun,verb
desertion	noun
deserve	verb
design	noun,verb
designer	adjective,noun
desirable	adjective
desire	noun,verb
desk	noun
desktop	noun
desolation	noun
despair	noun
desperate	adjective
desperately	adverb
desperation	noun
despise	verb
dessert	noun
destination	noun
destiny	noun
destroy	verb
destruction	noun
destructive	adjective
detach	verb
detachment	noun
detail	noun
detailed	adjective
detect	verb
detective	noun
determination	noun
determine	verb
determined	adjective
determiner	noun
deterrent	noun
detest	verb
detestable	adjective
detract	verb
detriment	noun
detrimental	adjective
detrimentally	adverb
detritus	noun
devastate	verb
devastating	adjective
develop	verb
developed	adjective
developing	adjective
development	noun
deviant	adjective,noun
deviantly	adverb
device	noun
devil	noun
devote	verb
devoted	adjective
devotee	noun
devotion	noun
diagram	noun
dial	noun,verb
dialog	noun
diameter	noun
diamond	noun
diaper	noun
diarrhea	noun
diary	noun
dictator	noun
dictionary	noun
die	verb
diet	noun
differ	verb
difference	noun
different	adjective
differently	adverb
difficult	adjective
difficulty	noun
diffuse	adjective,verb
dig	noun,verb
digest	noun
digital	adjective
digitalization	noun
digitalize	verb
dignify	verb
dignity	noun
dilemma	noun
diligence	noun
diligent	adjective
diligently	adverb
dim	adjective
dime	noun
dimension	noun
diminish	verb
dinner	noun
dinosaur	noun
dioxide	noun
dip	verb
diphtheria	noun
diploma	noun
diplomat	noun
direct	adjective,verb
direction	noun
directly	adverb
director	noun
dirt	noun
dirty	adjective
disability	noun
disable	verb
disabled	adjective
disadvantage	noun
disagree	verb
disagreement	noun
disappear	verb
disappearance	noun
disappoint	verb
disappointed	adjective
disappointing	adjective
disappointment	noun
disapproval	noun
disapprove	verb
disaster	noun
disastrous	adjective
discard	verb
discharge	noun
disciple	noun
discipline	noun
disco	noun
discomfort	noun
disconnect	verb
discount	noun
discourage	verb
discourse	noun
discover	verb
discovery	noun
discredit	verb
discriminate	verb
discrimination	noun
discuss	verb
discussion	noun
disdain	noun
disdainful	adjective
disease	noun
disgrace	noun
disguise	noun,verb
disgusting	adjective
dish	noun
dishonest	adjective
dishonesty	noun
dishwasher	noun
disillusion	verb
disillusionment	noun
disk	noun
dislike	noun,verb
dislodge	verb
dismal	adjective
dismally	adverb
dismay	noun,verb
dismiss	verb
disorder	noun
disorderly	adjective
disorganized	adjective
disparage	verb
disparagement	noun
disparaging	adjective
disparagingly	adverb
dispensable	adjective
dispensary	noun
dispense	verb
dispersal	noun
disperse	verb
displace	verb
display	noun,verb
displeasure	noun
disposal	noun
disposition	noun
dispute	noun
disqualify	verb
disquieting	adjective
disregard	noun
disrupt	verb
dissatisfaction	noun
dissatisfied	adjective
dissect	verb
dissection	noun
dissemble	verb
disseminate	verb
dissemination	noun
dissension	noun
dissident	noun
dissolve	verb
distance	noun
distant	adjective
distill	verb
distillation	noun
distinction	noun
distinctly	adverb
distinguish	verb
distinguished	adjective
distortion	noun
distract	verb
distraction	noun
distressing	adjective
distribute	verb
distribution	noun
distributor	noun
district	noun
disturb	verb
disturbance	noun
dither	verb
dive	noun,verb
diver	noun
diverge	verb
divergence	noun
divergent	adjective
diverse	adjective
diversion	noun
diversity	noun
divert	verb
divide	noun,verb
divided	adjective
divination	noun
divine	adjective
diving	noun
division	noun
divorce	noun,verb
divorced	adjective
dizzy	adjective
dna	noun
doc	noun
docile	adjective
docilely	adverb
dock	noun
doctor	noun
document	noun
documentary	noun
dog	noun
doll	noun
dollar	noun
dolphin	noun
domestic	adjective
domestically	adverb
domesticate	verb
domestication	noun
domesticity	noun
dominant	adjective
dominantly	adverb
dominate	verb
domination	noun
donate	verb
donation	noun
donkey	noun
doom	noun
door	noun
doorkeeper	noun
doorway	noun
dorm	noun
dormitory	noun
dose	noun
dot	noun
double	adjective,noun,verb
doubly	adverb
doubt	noun,verb
doubtful	adjective
dove	noun
down	adjective,adverb,other
downfall	noun
download	noun,verb
downsize	verb
downstairs	adjective,adverb
downtown	adverb
downward	adjective
dowry	noun
doze	noun
dozen	noun,other
drabness	noun
draft	noun
drag	verb
drain	noun,verb
drama	noun
dramatic	adjective
dramatically	adverb
dramatist	noun
drapery	noun
draw	noun,verb
drawback	noun
drawer	noun
drawing	noun
dread	verb
dreadful	adjective
dream	noun,verb
dreamy	adjective
dress	noun,verb
dressed	adjective
dribble	noun,verb
drill	noun,verb
drink	noun,verb
drinkable	adjective
drive	noun,verb
driver	noun
droop	noun
drop	noun,verb
dropout	noun
drought	noun
drown	verb
drudgery	noun
drug	noun
drugstore	noun
drum	noun
drunk	adjective
dry	adjective,verb
dubiously	adverb
duck	noun
dude	noun
due	adjective
duel	noun
dull	adjective
dumb	adjective
dump	noun,verb
duplicate	noun
duplication	noun
durable	adjective,noun
duration	noun
dust	noun
dustbin	noun
dusty	adjective
dutiful	adjective
dutifully	adverb
duty	noun
duvet	noun
dvd	noun
dwarf	noun,verb
dwarfism	noun
dye	noun
dynamic	adjective
dynamically	adverb
dynasty	noun
eager	adjective
eagerly	adverb
eagerness	noun
eagle	noun
ear	noun
earache	noun
early	adjective,adverb
earn	verb
earnest	adjective
earnings	noun
earring	noun
earth	noun
earthquake	noun
ease	noun,verb
easily	adverb
east	adjective,adverb,noun
eastern	adjective
eastward	adverb
easy	adjective
easygoing	adjective
eat	verb
ebb	verb
eccentric	adjective,noun
eccentrically	adverb
eccentricity	noun
echo	noun,verb
echolocate	verb
echolocation	noun
eclectic	adjective,noun
eclectically	adverb
eco	noun
ecological	adjective
ecologically	adverb
ecologist	noun
ecology	noun
economic	adjective
economical	adjective
economics	noun
economist	noun
economize	verb
economy	noun
ecosystem	noun
ecotourism	noun
ecstasy	noun
ecstatic	adjective
ecstatically	adverb
edge	noun
edification	noun
edifice	noun
edify	verb
edit	noun,verb
edition	noun
editor	noun
editorial	noun
educate	verb
educated	adjective
education	noun
educational	adjective
educator	noun
effect	noun
effective	adjective
effectively	adverb
effectiveness	noun
efficiency	noun
efficient	adjective
effort	noun
effortless	adjective
egalitarian	adjective,noun
egg	noun
ego	noun
either	adverb,other
elaborate	adjective,verb
elaboration	noun
elastic	adjective,noun
elasticity	noun
elated	adjective
elation	noun
elbow	noun
elderly	adjective
elect	verb
election	noun
elective	adjective
electric	adjective
electrical	adjective
electrician	noun
electricity	noun
electrode	noun
electron	noun
electronic	adjective
electronically	adverb
electronics	noun
elegance	noun
elegant	adjective
elegantly	adverb
element	noun
elemental	adjective
elementary	adjective
elephant	noun
elephantine	adjective
elevate	verb
elevation	noun
elevator	noun
eligible	adjective
eliminate	verb
elite	noun
elitist	noun
elongate	verb
eloquence	noun
eloquent	adjective
else	adverb
elsewhere	adverb
elude	verb
elusive	adjective
email	noun,verb
embark	verb
embarrass	verb
embarrassed	adjective
embarrassing	adjective
embarrassment	noun
embassy	noun
embed	verb
embodiment	noun
embody	verb
embrace	noun
emerge	verb
emergence	noun
emergency	noun
eminence	noun
eminent	adjective
emolument	noun
emotion	noun
emotional	adjective
emotionally	adverb
emperor	noun
emphasis	noun
emphasize	verb
emphatically	adverb
empire	noun
employ	verb
employee	noun
employer	noun
employment	noun
empty	adjective
emulate	verb
emulation	noun
emulsification	noun
emulsifier	noun
emulsify	verb
enable	verb
enabler	noun
enclose	verb
encompass	verb
encounter	noun,verb
encourage	verb
encouragement	noun
encouraging	adjective
encumber	verb
encumbrance	noun
encyclopedia	noun
end	noun,verb
endanger	verb
endangered	adjective
endeavor	noun
ending	noun
endless	adjective
endlessly	adverb
endorse	verb
endorsement	noun
endurance	noun
endure	verb
enduring	adjective
enduringly	adverb
enemy	noun
energetic	adjective
energy	noun
enforce	verb
engage	verb
engaged	adjective
engagement	noun
engender	verb
engine	noun
engineer	noun,verb
engineering	noun
englishman	noun
engross	verb
engrossing	adjective
engulf	verb
enhance	verb
enjoy	verb
enjoyable	adjective
enjoyment	noun
enormous	adjective
enormously	adverb
enough	adverb,other
enrich	verb
enroll	verb
ensure	verb
enter	verb
enterprise	noun
enterprising	adjective
entertain	verb
entertainer	noun
entertaining	adjective
entertainment	noun
enthuse	verb
enthusiasm	noun
enthusiast	noun
enthusiastic	adjective
enthusiastically	adverb
entire	adjective
entirely	adverb
entitle	verb
entrance	noun
entrepreneur	noun
entry	noun
envelope	noun
enviable	adverb
environment	noun
environmental	adjective
environmentalist	noun
environmentally	adverb
envisage	verb
envy	noun,verb
ephemera	noun
ephemeral	adjective
ephemerality	noun
episode	noun
epoxy	noun
equable	adjective
equal	adjective,noun,verb
equality	noun
equally	adverb
equation	noun
equilibrium	noun
equip	verb
equipment	noun
equity	noun
era	noun
erect	adjective
error	noun
erupt	verb
eruption	noun
escalator	noun
escape	noun,verb
especially	adverb
essay	noun
essayist	noun
essence	noun
essential	adjective
essentially	adverb
establish	verb
establishment	noun
estate	noun
estimate	noun,verb
estimated	adjective
estimation	noun
etch	verb
etching	noun
eternal	adjective
eternally	adverb
eternity	noun
ethic	noun
ethical	adjective
ethically	adverb
ethnic	adjective
ethos	noun
euphemism	noun
euphemistic	adjective
euphemistically	adverb
euphoria	noun
euphoric	adjective
euphorically	adverb
euro	noun
evacuate	verb
evacuation	noun
evaluate	verb
evaluation	noun
even	adjective,adverb
evening	noun
evenly	adverb
event	noun
eventually	adverb
ever	adverb
everlasting	adjective
everyday	adjective
everywhere	adverb
evidence	noun
evident	adjective
evidently	adverb
evil	adjective,noun
evoke	verb
evokingly	adverb
evolution	noun
evolve	verb
ewe	noun
exact	adjective,verb
exactly	adverb
exactness	noun
exaggerate	noun
exaggeration	noun
exalt	verb
exalted	adjective
exaltedly	adverb
exam	noun
examination	noun
examine	verb
examinee	noun
examiner	noun
example	noun
exceed	verb
excel	verb
excellence	noun
excellent	adjective
exception	noun
exceptional	adjective
exceptionally	adverb
excess	noun
excessive	adjective
exchange	noun,verb
excited	adjective
excitedly	adverb
excitement	noun
exciting	adjective
exclaim	verb
exclude	verb
exclusion	noun
exclusive	adjective
exclusively	adverb
excursion	noun
excuse	noun,verb
execute	verb
execution	noun
executive	adjective,noun
exercise	noun,verb
exert	verb
exhaust	noun,verb
exhausted	adjective
exhausting	adjective
exhaustion	noun
exhibit	verb
exhibition	noun
exhibitionist	noun
exhilarate	verb
exhilarating	adjective
exhilaration	noun
exile	noun
exist	verb
existence	noun
existing	adjective
exit	noun,verb
exodus	noun
exorcism	noun
exorcist	noun
exotic	adjective
exotically	adverb
expand	verb
expansion	noun
expect	verb
expectation	noun
expected	adjective
expedite	verb
expedition	noun
expense	noun
expensive	adjective
experience	noun,verb
experienced	adjective
experiment	noun,verb
expert	adjective,noun
expire	verb
explain	verb
explanation	noun
explanatory	adjective
explode	verb
exploit	verb
exploitation	noun
exploration	noun
explore	verb
explorer	noun
explosion	noun
explosive	adjective,noun
explosively	adverb
export	noun,verb
expose	verb
express	noun,verb
expression	noun
expressive	adjective
exquisite	adjective
extant	adjective
extend	verb
extension	noun
extensive	adjective
extensively	adverb
extent	noun
exterior	noun
external	adjective
extinct	adjective
extinction	noun
extortion	noun
extra	adjective,adverb,noun
extract	noun,verb
extracurricular	adjective,noun
extraordinarily	adverb
extraordinary	adjective
extravagance	noun
extreme	adjective
extremely	adverb
exuberance	noun
exuberant	adjective
exuberantly	adverb
exude	verb
exultant	adjective
eye	noun
eyebrow	noun
eyelash	noun
eyelid	noun
eyesight	noun
fabled	adjective
fabric	noun
fabricate	verb
fabrication	noun
fabulate	verb
fabulation	noun
fabulous	adjective
fabulously	adverb
face	noun,verb
facial	adjective,noun
facilitate	verb
facilitation	noun
facilities	noun
facility	noun
facsimile	noun
fact	noun
faction	noun
factor	noun
factory	noun
faculty	noun
fade	verb
fail	verb
failure	noun
faint	adjective,verb
fair	adjective,noun
fairly	adverb
fairy	noun
faith	noun
faithful	adjective
fake	adjective
fall	noun,verb
fallacy	noun
fallen	adjective
false	adjective
falter	verb
fame	noun
familiar	adjective
familiarize	verb
family	noun
famous	adjective
fan	noun
fanatic	adjective,noun
fanatically	adverb
fanciful	adjective
fancy	adjective,noun,verb
fantastic	adjective
fantastically	adverb
fantasy	noun
far	adjective,adverb
faraway	adjective
farce	noun
farcical	adjective
fare	noun
farewell	noun
farm	noun
farmer	noun
farming	noun
farmland	noun
farther	adverb
farthest	adverb
fascinate	verb
fascinated	adjective
fascinating	adjective
fascination	noun
fashion	noun
fashionable	adjective
fast	adjective,adverb
fasten	verb
fat	adjective,noun
fatal	adjective
fatality	noun
fate	noun
father	noun
fatigue	noun
fault	noun
faulty	adjective
favor	noun
favorable	adjective
favorably	adverb
favorite	adjective,noun
fax	noun,verb
fear	noun,verb
fearsome	adjective
feast	noun
feat	noun
feather	noun
feature	noun,verb
february	noun
federal	adjective
fee	noun
feed	noun,verb
feedback	noun
feel	noun,verb
feeling	noun
feign	verb
fellow	adjective,noun
female	adjective,noun
fence	noun
ferocious	adjective
ferociously	adverb
ferocity	noun
ferry	noun
ferryboat	noun
festival	noun
festive	adjective
fetch	verb
fete	noun
fever	noun
feverishly	adverb
fiber	noun
fiction	noun
fictional	adjective
fiddle	noun,verb
fiddler	noun
fiddly	adjective
field	noun
fiend	noun
fiendish	adjective
fiendishly	adverb
fierce	adjective
fiercely	adverb
fifth	noun
fight	noun,verb
fighter	noun
fighting	noun
figurative	adjective
figuratively	adverb
figure	noun,verb
file	noun,verb
filial	adjective
fill	verb
filling	noun
film	noun,verb
filter	noun
final	adjective,noun
finally	adverb
finance	noun,verb
financial	adjective
financially	adverb
find	verb
finding	noun
fine	adjective,adverb,noun,verb
finely	adverb
finger	noun
fingernail	noun
finish	noun,verb
fire	noun,verb
firearm	noun
firefighter	noun
fireplace	noun
firewall	noun
firework	noun
firm	adjective,noun,verb
firmly	adverb
firmness	noun
first	adjective,adverb
firstly	adverb
fiscal	adjective
fish	noun,verb
fisherman	noun
fishing	noun
fissure	noun
fit	adjective,noun,verb
fitness	noun
fix	noun,verb
fixed	adjective
fixture	noun
flag	noun
flagging	adjective
flame	noun
flap	verb
flash	adjective,noun,verb
flashback	noun
flask	noun
flat	adjective,adverb,noun
flatout	adverb
flatter	verb
flattery	noun
flavor	noun
flaw	noun
flawless	adjective
flax	noun
flea	noun
flee	verb
fleet	noun
flesh	noun
flexibility	noun
flexible	adjective
flexibly	adverb
flick	verb
flicker	noun
flight	noun
flightiness	noun
flighty	adjective
flip	verb
flit	verb
float	noun,verb
flock	noun
floe	noun
flood	noun,verb
floodgates	noun
floor	noun
flour	noun
flourish	noun,verb
flow	noun,verb
flower	noun
flu	noun
fluctuate	verb
fluctuation	noun
fluency	noun
fluent	adjective
fluently	adverb
fluid	adjective
flunk	verb
flute	noun
flutter	noun
fly	noun,verb
focus	noun,verb
fog	noun
foggy	adjective
fold	noun,verb
folder	noun
folk	noun
folktale	noun
follow	verb
follower	noun
following	adjective,other
folly	noun
fond	adjective
fondly	adverb
fondness	noun
food	noun
fool	noun,verb
foolish	adjective
foolishly	adverb
foot	noun
football	noun
footballer	noun
footnote	noun
forbid	verb
forbidden	adjective
force	noun,verb
forcefully	adverb
forecast	noun
forehead	noun
foreign	adjective
foreigner	noun
foreman	noun
forensic	adjective
foresee	verb
forest	noun
forestry	noun
forever	adverb
forfeit	verb
forfeiture	noun
forget	verb
forgive	verb
fork	noun
forlorn	adjective
forlornly	adverb
form	noun,verb
formal	adjective
formality	noun
formally	adverb
format	noun,verb
formation	noun
former	adjective
formerly	adverb
formidable	adjective
formidably	adverb
formula	noun
formulate	verb
forth	adverb
forthcoming	adjective
fortnight	noun
fortunate	adjective
fortunately	adverb
fortune	noun
forward	adverb
fossil	noun
foul	adjective
found	verb
foundation	noun
fountain	noun
fox	noun
fraction	noun
fractious	adjective
fragment	noun
fragmentation	noun
fragrance	noun
frame	noun,verb
frank	adjective
frankly	adverb
frantically	adverb
fraud	noun
freak	verb
free	adjective,adverb,verb
freedom	noun
freely	adverb
freeze	verb
freezer	noun
freezing	adjective
frequency	noun
frequent	adjective
frequently	adverb
fresh	adjective
freshman	noun
friday	noun
fridge	noun
fried	adjective
friend	noun
friendliness	noun
friendly	adjective
friendship	noun
frigate	noun
fright	noun
frighten	verb
frightened	adjective
frightening	adjective
frog	noun
frolic	verb
front	adjective,noun
frontier	noun
frost	noun,verb
frostily	adverb
frosty	adjective
frozen	adjective
frugal	adjective
fruit	noun
fruition	noun
frustrated	adjective
frustration	noun
fry	noun,verb
fuel	noun
fulfill	verb
full	adjective
fully	adverb
fume	noun
fun	adjective,noun
function	noun,verb
functional	adjective
functionality	noun
fund	noun,verb
fundamental	adjective
funeral	noun
funk	noun
funky	adjective
funny	adjective
fur	noun
furious	adjective
furiously	adverb
furnish	verb
furniture	noun
furor	noun
further	adjective,adverb
furthermore	adverb
furthest	adverb
fuse	verb
fusion	noun
fuss	noun
future	adjective,noun
gadget	noun
gaiety	noun
gain	noun,verb
gale	noun
gall	noun
gallery	noun
gallon	noun
gambit	noun
gambling	noun
game	noun
gamely	adverb
gang	noun
gangster	noun
gap	noun
gape	verb
garage	noun
garbage	noun
garden	noun
gardener	noun
gardening	noun
garlic	noun
garment	noun
gas	noun
gasp	noun
gate	noun
gateway	noun
gather	verb
gauche	adjective
gaudy	adjective
gay	adjective
gaze	noun
gear	noun
gem	noun
gender	noun
gene	noun
general	adjective,noun
generalization	noun
generalize	verb
generally	adverb
generate	verb
generation	noun
generosity	noun
generous	adjective
generously	adverb
genetic	adjective
genetically	adverb
genetics	noun
genius	noun
genome	noun
genomic	adjective
genomically	adverb
genre	noun
gentle	adjective
gentleman	noun
gently	adverb
genuine	adjective
genuinely	adverb
geographic	adjective
geographical	adjective
geography	noun
geological	adjective
geologically	adverb
geology	noun
germ	noun
gesture	noun
get	verb
getaway	noun
ghetto	noun
ghost	noun
ghostly	adjective
giant	adjective
gift	noun
gifted	adjective
gig	noun
giggle	noun
ginger	noun
giraffe	noun
girl	noun
girlfriend	noun
give	verb
giveaway	noun
given	adjective
glacis	noun
glad	adjective
glamorous	adjective
glance	noun,verb
glare	noun
glass	noun
glasses	noun
gleam	noun
glean	verb
glee	noun
glide	noun
glimpse	noun
glint	noun,verb
glitz	noun
glitzy	adjective
global	adjective
globally	adverb
globe	noun
glocal	adjective
gloomy	adjective
glorify	verb
glorious	adjective
glory	noun
glove	noun
glow	noun
glum	adjective
glumly	adverb
gnaw	verb
goal	noun
goalkeeper	noun
goat	noun
god	noun
goddess	noun
godly	adjective
gold	adjective,noun
golden	adjective
golf	noun
golfer	noun
good	adjective,noun
goods	noun
goodwill	noun
gook	noun
goose	noun
gorge	noun
gorgeous	adjective
gorilla	noun
gossip	noun,verb
gourmet	adjective,noun
gout	noun
govern	verb
government	noun
governmental	adjective
governor	noun
gown	noun
grab	verb
grace	noun
graceful	adjective
gracefulness	noun
grade	noun,verb
gradual	adjective
gradually	adverb
graduate	noun,verb
graduation	noun
graft	noun,verb
grain	noun
gram	noun
grammar	noun
grand	adjective
grandchild	noun
granddad	noun
granddaughter	noun
grandfather	noun
grandma	noun
grandmother	noun
grandpa	noun
grandparent	noun
grandson	noun
granny	noun
grant	noun,verb
grape	noun
grapefruit	noun
graph	noun
graphic	adjective
graphically	adverb
graphics	noun
grasp	noun
grass	noun
grateful	adjective
gratitude	noun
grave	noun
gravestone	noun
gravitate	verb
gravitation	noun
gravitational	adjective
gravitationally	adverb
gravy	noun
gray	adjective,noun
great	adjective
greatly	adverb
greatness	noun
greedy	adjective
green	adjective,noun
greenhouse	noun
greet	verb
greeting	noun
grief	noun
grievance	noun
grieve	verb
grill	noun,verb
grilled	adjective
grim	adjective
grin	noun
grip	noun,verb
groom	noun
gross	adjective
ground	noun,verb
grounds	noun
group	noun,verb
grouping	noun
grow	verb
growing	adjective
growth	noun
gruelling	adjective
gruesome	adjective
gruesomely	adverb
grumble	verb
guarantee	noun,verb
guard	noun,verb
guerrilla	noun
guess	noun,verb
guest	noun
guidance	noun
guide	noun,verb
guidebook	noun
guideline	noun
guilt	noun
guilty	adjective
guitar	noun
guitarist	noun
gulp	noun
gum	noun
gun	noun
gunshot	noun
gush	noun,verb
gushing	adjective
gushingly	adverb
gusto	noun
guts	noun
gutsy	adjective
guy	noun
gym	noun
gymnastic	adjective
gymnastics	noun
gypsy	noun
habit	noun
habitant	noun
habitat	noun
habitation	noun
hack	noun,verb
haggle	verb
hail	verb
hair	noun
haircut	noun
hairdresser	noun
hairdryer	noun
hairy	adjective
half	adverb,noun,other
hall	noun
ham	noun
hamburger	noun
hammer	noun,verb
hamper	verb
hand	noun,verb
handbag	noun
handball	noun
handicap	noun
handicapped	adjective
handicraft	noun
handkerchief	noun
handle	noun,verb
handout	noun
handrail	noun
handshake	noun
handsome	adjective
handwriting	noun
handy	adjective
hang	noun,verb
hanging	adjective,noun
haphazard	adjective
haphazardly	adverb
hapless	adjective
happen	verb
happenstance	noun
happily	adverb
happiness	noun
happy	adjective
harass	verb
harassment	noun
harbor	noun,verb
hard	adjective,adverb
hardly	adverb
hardship	noun
hardware	noun
harm	noun,verb
harmful	adjective
harmless	adjective
harmony	noun
harness	noun
harrow	noun
harvest	noun,verb
haste	noun
hastily	adverb
hasty	adjective
hat	noun
hatch	noun
hatching	noun
hate	noun,verb
hatred	noun
haughtily	adverb
haughty	adjective
haunt	noun,verb
haunting	adjective
hauntingly	adverb
haven	noun
hay	noun
hazard	noun,verb
hazardous	adjective
head	noun,verb
headache	noun
headline	noun
headmistress	noun
headphone	noun
headquarters	noun
headstrong	adjective
headteacher	noun
heal	verb
healing	adjective
health	noun
healthy	adjective
heap	noun,verb
hear	verb
hearing	noun
heart	noun
heartbreaking	adjective
hearted	adjective
heartwarming	adjective
hearty	adjective
heat	noun,verb
heater	noun
heating	noun
heaven	noun
heavenly	adjective
heavily	adverb
heavy	adjective
hedge	noun
hedgehog	noun
heel	noun
heifer	noun
height	noun
heighten	verb
helicopter	noun
hell	noun
hello	noun
helm	noun
helmet	noun
help	noun,verb
helper	noun
helpful	adjective
helpless	adjective
hemp	noun
hence	adverb
herald	noun,verb
herb	noun
herd	noun
here	adverb
heritage	noun
hermetic	adjective
hermit	noun
hero	noun
heroine	noun
hesitate	verb
hesitation	noun
hibernate	verb
hibernation	noun
hidden	adjective
hide	verb
high	adjective,adverb
highlight	noun,verb
highly	adverb
highway	noun
hijack	noun,verb
hike	noun
hiking	noun
hilarious	adjective
hill	noun
hinder	verb
hindrance	noun
hindsight	noun
hint	noun
hip	noun
hiphop	noun
hire	verb
historian	noun
historic	adjective
historical	adjective
history	noun
histrionic	adjective
histrionically	adverb
hit	noun,verb
hitch	verb
hitherto	adverb
hiv	noun
hobby	noun
hockey	noun
hoist	verb
hold	noun,verb
holder	noun
hole	noun
holiday	noun
hollow	adjective
holocaust	noun
holy	adjective
home	adverb,noun
homeless	adjective
homely	adjective
homestead	noun
hometown	noun
homeward	adjective
homework	noun
hone	noun
honest	adjective
honestly	adverb
honesty	noun
honey	noun
honeymoon	noun
honk	noun,verb
honor	noun,verb
honorable	adjective
hood	noun
hook	noun,verb
hop	noun
hope	noun,verb
hopeful	adjective
hopefully	adverb
hopeless	adjective
horizon	noun
horn	noun
horrible	adjective
horrify	verb
horror	noun
horse	noun
hospice	noun
hospitable	adjective
hospital	noun
hospitality	noun
hospitalize	verb
host	noun
hostel	noun
hostess	noun
hostile	adjective
hostility	noun
hot	adjective
hotel	noun
hotelier	noun
hour	noun
hourly	adjective
house	noun,verb
household	noun
housekeeper	noun
housemaster	noun
housewife	noun
housework	noun
hover	verb
how	adverb
however	adverb
huddle	noun,verb
hug	noun,verb
huge	adjective
hugely	adverb
hull	noun
human	adjective,noun
humane	adjective
humanist	noun
humanity	noun
humanize	verb
humble	adjective,verb
humbug	noun
humid	adjective
humiliate	verb
humiliating	adjective
humiliation	noun
humor	noun
humorous	adjective
hunger	noun
hungry	adjective
hunt	noun,verb
hunter	noun
hunting	noun
hurriedly	adverb
hurry	noun,verb
hurt	adjective,verb
husband	noun
hush	verb
hut	noun
hybrid	adjective
hygiene	noun
hyperbole	noun
hyphen	noun
hypnotherapy	noun
hypocrisy	noun
hypocrite	noun
hypocritical	adjective
hypocritically	adverb
hypothesis	noun
hypothesize	verb
hypothetical	adjective
hysteria	noun
hysterical	adjective
hysterically	adverb
ice	noun
iceman	noun
icon	noun
icy	adjective
idea	noun
ideal	adjective
ideally	adverb
identical	adjective
identification	noun
identify	verb
identity	noun
ideology	noun
idiom	noun
idiomatic	adjective
idiomatically	adverb
idiosyncrasy	noun
idiosyncratic	adjective
idiot	noun
idle	adjective,verb
idol	noun
idolize	verb
ignominious	adjective
ignominiously	adverb
ignorance	noun
ignorant	adjective
ignore	verb
ill	adjective
illegal	adjective
illegally	adverb
illness	noun
illuminate	verb
illustrate	verb
illustration	noun
image	noun
imagery	noun
imaginary	adjective
imagination	noun
imagine	verb
imitate	verb
imitation	noun
immediate	adjective
immediately	adverb
immense	adjective
immensely	adverb
immerse	verb
immigrant	noun
immigrate	verb
immigration	noun
immoral	adjective
immortal	adjective
immortality	noun
immortalize	verb
imp	noun
impact	noun
impair	verb
impartial	adjective
impatient	adjective
impatiently	adverb
impeccable	adjective
impeccably	adverb
impede	verb
impediment	noun
imperative	adjective,noun
imperceptible	adjective
imperceptibly	adverb
impermanent	adjective
impersonal	adjective
impersonally	adverb
impersonate	verb
impersonation	noun
impersonator	noun
impervious	adjective
impish	adjective
impishly	adverb
implement	noun,verb
implicate	verb
implication	noun
imply	verb
impolite	adjective
impolitely	adverb
import	verb
importance	noun
important	adjective
importantly	adverb
impose	verb
imposition	noun
impossibility	noun
impossible	adjective
impoverished	adjective
impractical	adjective
impresario	noun
impress	verb
impressed	adjective
impression	noun
impressionism	noun
impressionist	noun
impressionistic	adjective
impressionistically	adverb
impressive	adjective
imprison	verb
imprisonment	noun
improbable	adjective
improper	adjective
improperly	adverb
improve	verb
improved	adjective
improvement	noun
improvisational	adjective
impulse	noun
impulsive	adjective
inaccurate	adjective
inadequate	adjective
inanimate	adjective
inartistic	adjective
inborn	adjective
incense	noun
incentive	noun
inch	noun,verb
inchoate	adjective
inchoately	adverb
incident	noun
incipient	adjective
incise	verb
incision	noun
incisor	noun
include	verb
inclusion	noun
inclusive	adjective
inclusively	adverb
income	noun
incongruity	noun
incongruous	adjective
incongruously	adverb
inconvenient	adjective
incorrect	adjective
increase	noun,verb
increasingly	adverb
incredible	adjective
incredibly	adverb
incumbent	adjective,noun
incur	verb
incurable	adjective
indebted	adjective
indeed	adverb
indefinite	adjective
indefinitely	adverb
indent	verb
independence	noun
independent	adjective
independently	adverb
indescribable	adjective
index	noun
indicate	verb
indifferent	adjective
indignant	adjective
indignantly	adverb
indignity	noun
indirect	adjective
indirectly	adverb
indiscrete	adjective
indiscretion	noun
indispensable	adjective
individual	adjective,noun
individualism	noun
individuality	noun
indolence	noun
indolent	adjective
indolently	adverb
indoor	adjective
indoors	adverb
induce	verb
inducement	noun
induct	verb
induction	noun
indulge	verb
indulgence	noun
indulgent	adjective
indulgently	adverb
industrial	adjective
industrialize	verb
industry	noun
ineffective	adjective
inert	adjective
inevitable	adjective
inexcusable	adjective
inexcusably	adverb
inexhaustible	adjective
inexorability	noun
inexorable	adjective
inexorably	adverb
inexpensive	adjective
inexperienced	adjective
inexplicable	adjective
inexplicably	adverb
infallibility	noun
infallible	adjective
infallibly	adverb
infant	noun
infect	verb
infected	adjective
infection	noun
infectious	adjective
infer	verb
inference	noun
infernal	adjective
infernally	adverb
infinitive	noun
inflammation	noun
inflammatory	adjective
inflate	verb
inflation	noun
influence	noun,verb
influential	adjective
influenza	noun
inform	verb
informal	adjective
informant	noun
information	noun
informative	adjective
infringe	verb
infringement	noun
ingenious	adjective
ingenuity	noun
ingenuous	adjective
ingenuously	adverb
ingrate	noun
ingratiate	verb
ingratiating	adjective
ingratiatingly	adverb
ingredient	noun
inhabit	verb
inhabitant	noun
inhale	verb
inherent	adjective
inherently	adverb
inherit	verb
inheritance	noun
initial	adjective,noun
initially	adverb
initiative	noun
inject	verb
injection	noun
injure	verb
injured	adjective
injury	noun
injustice	noun
ink	noun
innate	adjective
inner	adjective
innermost	adjective
innocent	adjective
innocently	adverb
innovate	verb
innovation	noun
innovative	adjective
innovator	noun
innuendo	noun
input	noun
inquire	verb
inquiry	noun
insane	adjective
inscribe	verb
inscription	noun
inscrutable	adjective
insect	noun
insecure	adjective
insecurely	adverb
insensitive	adjective
insensitively	adverb
inseparable	adjective
inside	adjective,adverb,noun,other
insight	noun
insightful	adjective
insightfully	adverb
insist	verb
inspect	verb
inspection	noun
inspector	noun
inspiration	noun
inspirational	adjective
inspire	verb
install	verb
instance	noun
instant	adjective
instantaneous	adjective
instantaneously	adverb
instantly	adverb
instead	adverb
instill	verb
instinct	noun
instinctive	adjective
instinctively	adverb
institute	noun,verb
institution	noun
instruct	verb
instruction	noun
instructor	noun
instrument	noun
insubordinate	adjective
insubordinately	adverb
insubordination	noun
insufficient	adjective
insular	adjective
insult	noun,verb
insurance	noun
integral	adjective
integrate	verb
integration	noun
intellect	noun
intellectual	adjective,noun
intelligence	noun
intelligent	adjective
intend	verb
intense	adjective
intensive	adjective
intent	adjective
intention	noun
intentionally	adverb
interact	verb
interaction	noun
interactive	adjective
interest	noun,verb
interested	adjective
interesting	adjective
interfere	verb
interior	noun
interject	verb
interjection	noun
interlocking	adjective
interlude	noun
intermediary	noun
intermediate	adjective
intermission	noun
internal	adjective
international	adjective
internationally	adverb
internet	noun
interpersonal	adjective
interpret	verb
interpretation	noun
interpreter	noun
interrogate	verb
interrogation	noun
interrogative	adjective
interrogatively	adverb
interrupt	verb
interruption	noun
intersection	noun
intersperse	verb
interval	noun
interview	noun,verb
interviewee	noun
interviewer	noun
interweave	verb
intimate	adjective
intransitive	adjective
intravenous	adjective
intrinsic	adjective
intrinsically	adverb
introduce	verb
introduction	noun
intrude	verb
intruder	noun
intrusion	noun
intuit	verb
intuition	noun
intuitive	adjective
intuitively	adverb
invade	verb
invariable	adjective
invariably	adverb
invasion	noun
invent	verb
invention	noun
inventor	noun
invest	verb
investigate	verb
investigation	noun
investigator	noun
investment	noun
investor	noun
invisible	adjective
invitation	noun
invite	verb
invitingly	adverb
invoice	noun
invoke	verb
involuntarily	adverb
involve	verb
involved	adjective
involvement	noun
irate	adjective
irately	adverb
iron	noun,verb
ironic	adjective
ironically	adverb
ironing	noun
irony	noun
irrational	adjective
irregular	adjective
irrelevancy	noun
irresistible	adjective
irresistibly	adverb
irresponsible	adjective
irrevocable	adjective
irrevocably	adverb
irritate	verb
irritated	adjective
irritating	adjective
irritation	noun
island	noun
islander	noun
isle	noun
isolate	verb
isolated	adjective
isolation	noun
issue	noun,verb
italicize	verb
itch	verb
item	noun
itinerary	noun
ivory	noun
jacket	noun
jade	noun
jail	noun
jam	noun,verb
january	noun
jar	noun
jargon	noun
jarring	adjective
jaw	noun
jazz	noun
jealous	adjective
jealously	adverb
jeans	noun
jelly	noun
jeopardize	verb
jersey	adjective,noun
jet	noun
jewel	noun
jeweler	noun
jewelry	noun
job	noun
jog	noun,verb
jogging	noun
join	verb
joint	adjective,noun
joke	noun,verb
journal	noun
journalism	noun
journalist	noun
journey	noun
joy	noun
judge	noun,verb
judgment	noun
judo	noun
jug	noun
juice	noun
juicy	adjective
july	noun
jump	noun,verb
jumper	noun
june	noun
jungle	noun
junior	adjective
junk	noun
jurisdiction	noun
juror	noun
jury	noun
just	adverb
justice	noun
justify	verb
justly	adverb
juvenile	adjective,noun
kangaroo	noun
karaoke	noun
keen	adjective
keep	verb
keeper	noun
kerosene	noun
kettle	noun
key	adjective,noun
keyboard	noun
keystroke	noun
kick	noun,verb
kid	noun,verb
kill	verb
killer	noun
killing	noun
kilo	noun
kilogram	noun
kilometer	noun
kind	adjective,noun
kindly	adjective,adverb
kindness	noun
kinetic	adjective
kinetically	adverb
king	noun
kingdom	noun
kiss	noun,verb
kit	noun
kitchen	noun
kite	noun
kitten	noun
knack	noun
knee	noun
kneel	verb
knife	noun
knit	verb
knock	noun,verb
knot	noun
know	verb
knowingly	adverb
knowledge	noun
knowledgeable	adjective
known	adjective
lab	noun
label	noun
labor	noun
laboratory	noun
laborer	noun
lack	noun,verb
lackluster	adjective
ladder	noun
lady	noun
lake	noun
lamb	noun
lame	adjective
lament	verb
lamentation	noun
lamp	noun
lance	noun
land	noun,verb
landing	noun
landlady	noun
landlord	noun
landscape	noun,verb
landslide	noun
lane	noun
language	noun
lap	noun
lapse	noun,verb
laptop	noun
large	adjective
largely	adverb
lark	noun
laryngitis	noun
laser	noun
lassitude	noun
last	adverb,other,verb
lasting	adjective
lastly	adverb
late	adjective,adverb
latecomer	noun
lately	adverb
latent	adjective
later	adjective,adverb
latest	adjective
latter	adjective,adverb,other
laud	verb
laudatory	adjective
laugh	noun,verb
laughter	noun
launch	noun,verb
laundry	noun
lava	noun
lavatory	noun
law	noun
lawful	adjective
lawmaker	noun
lawn	noun
lawsuit	noun
lawyer	noun
lay	verb
layabout	noun
layer	noun
laziness	noun
lazy	adjective
lead	adjective,noun,verb
leader	noun
leadership	noun
leading	adjective
leaf	noun
leaflet	noun
league	noun
leak	noun,verb
lean	adjective,verb
leap	noun,verb
learn	verb
learner	noun
learning	noun
lease	noun
leash	noun
least	adverb,other
leather	noun
leave	noun,verb
leaven	verb
leavening	noun
lecture	noun
lecturer	noun
leek	noun
left	adjective,adverb,noun
leg	noun
legacy	noun
legal	adjective
legally	adverb
legend	noun
legendary	adjective
legion	noun
legislate	verb
legislation	noun
legislative	adjective
legislator	noun
legislature	noun
legitimate	adjective
leisure	noun
leisurely	adverb
lemon	noun
lemonade	noun
lend	verb
length	noun
lengthen	verb
lengthy	adjective
leopard	noun
less	adverb,other
lessen	verb
lesson	noun
let	verb
lethargic	adjective
lethargically	adverb
lethargy	noun
letter	noun
lettuce	noun
level	adjective,noun,verb
liaise	verb
liaison	noun
liar	noun
liberal	adjective
liberate	verb
liberation	noun
liberty	noun
librarian	noun
library	noun
license	verb
lick	verb
lid	noun
lie	noun,verb
life	noun
lifeguard	noun
lifeless	adjective
lifelong	adjective
lifestyle	noun
lifetime	noun
lift	noun,verb
light	adjective,noun,verb
lighten	verb
lighter	noun
lighting	noun
lightly	adverb
lightning	noun
like	other,verb
likelihood	noun
likely	adjective
likeness	noun
likewise	adverb
lily	noun
limb	noun
limit	noun,verb
limitation	noun
limited	adjective
limitless	adjective
limp	verb
line	noun,verb
linear	adjective
linearly	adverb
linen	noun
liner	noun
ling	noun
linger	verb
link	noun,verb
lion	noun
lip	noun
liquid	adjective,noun
list	noun,verb
listen	verb
listener	noun
liter	noun
literal	adjective
literally	adverb
literary	adjective
literature	noun
litter	noun
little	adjective,adverb,other
live	adjective,verb
lively	adjective
liver	noun
living	adjective,noun
load	noun,verb
loaf	noun
loan	noun
lobby	noun
local	adjective
locate	verb
location	noun
lock	noun,verb
locomotion	noun
locomotive	noun
lodge	noun,verb
log	noun
logic	noun
logical	adjective
logo	noun
loiter	verb
loneliness	noun
lonely	adjective
long	adjective,adverb
look	noun,verb
loom	verb
loose	adjective
loosely	adverb
lorry	noun
lose	verb
loss	noun
lost	adjective
lot	adverb,noun,other
lottery	noun
loud	adjective,adverb
loudly	adverb
loudspeaker	noun
lousy	adjective
love	noun,verb
lovely	adjective
lover	noun
lovingly	adverb
low	adjective,adverb
lower	verb
lowland	noun
loyal	adjective
loyalty	noun
luck	noun
luckily	adverb
lucky	adjective
lucrative	adjective
ludicrous	adjective
ludicrously	adverb
luggage	noun
lunch	noun
lunchtime	noun
lung	noun
lurid	adjective
luridly	adverb
lush	adjective
lust	noun
luxurious	adjective
luxury	adjective,noun
lyric	adjective
lyrical	adjective
lyrically	adverb
lyricist	noun
lyrics	noun
macabre	adjective
machine	noun
mad	adjective
madam	noun
madame	noun
madness	noun
maelstrom	noun
maestro	noun
magazine	noun
maggot	noun
magic	adjective,noun
magical	adjective
magician	noun
magnanimity	noun
magnanimous	adjective
magnanimously	adverb
magnate	noun
magnetic	adjective
magnetically	adverb
magnetism	noun
magnificent	adjective
magnify	verb
magpie	noun
mail	noun,verb
mailbox	noun
main	adjective
mainly	adverb
maintain	verb
maintenance	noun
major	adjective,noun
majority	noun
make	noun,verb
maker	noun
malady	noun
malaria	noun
male	adjective,noun
malfunction	verb
malice	noun
malicious	adjective
maliciously	adverb
mall	noun
malleability	noun
malleable	adjective
mama	noun
man	noun,verb
manage	verb
management	noun
manager	noun
maneuver	noun,verb
mangle	verb
mango	noun
manicure	noun,verb
manipulate	verb
manipulation	noun
mankind	noun
manner	noun
mansion	noun
manual	adjective,noun
manufacture	noun,verb
manufacturer	noun
manufacturing	noun
map	noun
maple	noun
marathon	noun
marble	noun
march	noun,verb
margin	noun
marginal	adjective
marginally	adverb
marine	adjective
mariner	noun
mark	noun,verb
marked	adjective
market	noun,verb
marketability	noun
marketing	noun
marriage	noun
married	adjective
marry	verb
marvel	noun,verb
marvelous	adjective
mash	verb
mask	noun
mass	adjective,noun
massacre	noun
massage	noun
masseur	noun
massive	adjective
master	noun
masterpiece	noun
mastery	noun
match	noun,verb
mate	noun
material	noun
materialism	noun
materialistic	adjective
materialization	noun
materialize	verb
maternal	adjective
maternalistic	adjective
math	noun
mathematical	adjective
mathematician	noun
mathematics	noun
matter	noun,verb
mature	adjective
mausoleum	noun
maverick	noun
max	noun
maximum	adjective,noun
may	noun,other
maybe	adverb
mayor	noun
meager	adjective
meal	noun
mean	adjective,noun,verb
meaning	noun
meaningful	adjective
meaningless	adjective
meaninglessly	adverb
means	noun
meanwhile	adverb
measure	noun,verb
measurement	noun
meat	noun
mechanic	noun
mechanical	adjective
mechanism	noun
mechanize	verb
medal	noun
media	noun
mediate	verb
mediation	noun
medical	adjective
medication	noun
medicine	noun
medieval	adjective
mediocre	adjective
mediocrity	noun
meditate	verb
meditation	noun
mediterranean	noun
medium	adjective,noun
meet	verb
meeting	noun
melancholy	adjective,noun
melodious	adjective
melodiously	adverb
melody	noun
melon	noun
melt	verb
member	noun
membership	noun
memorable	adjective
memorial	noun
memorize	verb
memory	noun
menace	noun
menacing	adjective
menacingly	adverb
mend	verb
menial	adjective
mental	adjective
mentally	adverb
mention	noun,verb
mentor	noun
menu	noun
mercantile	adjective
mercenary	noun
merchandise	noun
merchant	noun
mercy	noun
mere	adjective
merely	adverb
merge	verb
merger	noun
merit	noun,verb
merry	adjective
mesh	verb
mesmeric	adjective
mess	noun,verb
message	noun
messenger	noun
messy	adjective
metal	noun
metalled	adjective
metaphor	noun
meteorological	adjective
meteorology	noun
meter	noun
method	noun
methodical	adjective
methodological	adjective
methodologically	adverb
methodology	noun
meticulous	adjective
meticulously	adverb
metric	adjective
micro	noun
microbe	noun
microcomputer	noun
micrometer	noun
microorganism	noun
microphone	noun
microscope	noun
microscopic	adjective
microscopy	noun
microwave	noun
midday	noun
middle	adjective,noun
midnight	noun
midst	noun
midwife	noun
midwifery	noun
mien	noun
mighty	adjective
migration	noun
mild	adjective
mile	noun
milieu	noun
military	adjective
milk	noun
mill	noun
millimeter	noun
millionaire	noun
mimic	noun
mind	noun,verb
mine	noun,other
minefield	noun
mineral	noun
mingle	verb
miniature	adjective
minimize	verb
minimum	adjective,noun
minister	noun
minor	adjective
minority	noun
minster	verb
mint	noun
minute	noun
minutiae	noun
miracle	noun
mirror	noun
mischief	noun
misconception	noun
misdemeanor	noun
miserable	adjective
misery	noun
misfortune	noun
mislead	verb
misleading	adjective
misplace	verb
miss	noun,verb
missile	noun
missing	adjective
mission	noun
mist	noun
mistake	noun
mistreat	verb
mistrustful	adjective
misty	adjective
misunderstand	verb
misunderstanding	noun
mix	noun,verb
mixture	noun
mobile	adjective,noun
mobility	noun
mock	adjective
model	adjective,noun,verb
modem	noun
moderate	adjective
modern	adjective
modernism	noun
modernization	noun
modernize	verb
modest	adjective
modification	noun
modify	verb
mogul	noun
moisture	noun
mold	noun,verb
molecule	noun
mom	noun
moment	noun
momentarily	adverb
momentary	adjective
mommy	noun
monastery	noun
monastic	adjective
monday	noun
money	noun
monitor	noun,verb
monk	noun
monkey	noun
monotonous	adjective
monotonously	adverb
monotony	noun
monster	noun
month	noun
monthly	adjective,adverb
monument	noun
mood	noun
moody	adjective
moon	noun
moonlight	noun
moonscape	noun
moor	noun
moral	adjective,noun
morality	noun
morally	adverb
more	adverb,other
moreover	adverb
moribund	adjective
morning	noun
mortal	adjective
mortar	noun
mortgage	noun
mortify	verb
mosque	noun
mosquito	noun
moss	noun
most	adverb,other
mostly	adverb
mother	noun
motherland	noun
motion	noun
motionless	adjective
motivate	verb
motivated	adjective
motivation	noun
motive	noun
motley	adjective
motor	noun
motorbike	noun
motorcycle	noun
motorist	noun
motorway	noun
mottled	adjective
motto	noun
mount	noun,verb
mountain	noun
mountaineer	noun
mountaintop	noun
mourn	verb
mournful	adjective
mouse	noun
mouth	noun
move	noun,verb
movement	noun
mover	noun
movie	noun
moving	adjective
mrs	noun
much	adverb,other
mud	noun
muddy	adjective
mug	noun
mule	noun
multiple	adjective
multiply	verb
mum	noun
mumble	noun,verb
munch	verb
mundanity	noun
munificence	noun
murder	noun,verb
murderer	noun
murmur	noun
muscle	noun
muscular	adjective
muse	verb
museum	noun
mushroom	noun
music	noun
musical	adjective,noun
musician	noun
mustache	noun
mustard	noun
mutability	noun
mutable	adjective
mutinous	adjective
mutinously	adverb
mutter	noun,verb
mutton	noun
mutual	adjective
mutually	adverb
myriad	adjective
mysterious	adjective
mystery	noun
mystify	verb
mystique	noun
myth	noun
mythological	adjective
mythology	noun
nail	noun
naive	adjective
naively	adverb
naivety	noun
naked	adjective
name	noun,verb
nano	noun
nap	noun
napkin	noun
narcissistic	adjective
narrate	verb
narrative	adjective
narrator	noun
narrow	adjective
narrowly	adverb
nascent	adjective
nasty	adjective
nation	noun
national	adjective
nationalist	noun
nationality	noun
nationwide	adjective,adverb
native	adjective
natural	adjective
naturally	adverb
naturalness	noun
nature	noun
naughty	adjective
naval	adjective
navigate	verb
navigation	noun
navy	noun
near	adjective,adverb,other
nearby	adjective,adverb
nearly	adverb
neat	adjective
necessarily	adverb
necessary	adjective
necessity	noun
neck	noun
necklace	noun
nectar	noun
need	noun,other,verb
needle	noun
needless	adjective
needy	adjective
negative	adjective
negatively	adverb
neglect	noun
neglectful	adjective
negligent	adjective
negligently	adverb
negligible	adjective
negotiate	verb
negotiation	noun
neighbor	noun
neighborhood	noun
neighboring	adjective
neither	adverb,other
neophyte	noun
nephew	noun
nerve	noun
nerves	noun
nervous	adjective
nervously	adverb
nervousness	noun
ness	noun
net	adjective,noun
netsurfer	noun
network	noun
neurosis	noun
neutral	adjective
neutralization	noun
neutralize	verb
never	adverb
nevertheless	adverb
new	adjective
newborn	adjective
newcomer	noun
newly	adverb
news	noun
newscaster	noun
newspaper	noun
newsworthy	adjective
next	adverb,other
nice	adjective
nicely	adverb
niche	noun
nickname	noun
niece	noun
nigh	adverb
night	noun
nightclub	noun
nightlife	noun
nightmare	noun
nobility	noun
noble	adjective
nobleman	noun
nocturnal	adjective
nod	noun,verb
noise	noun
noisily	adverb
noisy	adjective
nomad	noun
nomination	noun
nominee	noun
nonchalant	adjective
nonchalantly	adverb
nondescript	adjective
nonetheless	adverb
nonprofessional	adjective
nonsense	noun
noon	noun
normal	adjective
normally	adverb
norms	noun
north	adjective,adverb,noun
northeast	adjective,noun
northeastern	adjective
northern	adjective
northward	adverb
northwest	adjective,noun
northwestern	adjective
nose	noun
nostalgia	noun
nostalgic	adjective
nostalgically	adverb
nostril	noun
not	adverb
notable	adjective
note	noun,verb
notebook	noun
notice	noun,verb
noticeable	adjective
noticeboard	noun
notion	noun
notoriety	noun
notorious	adjective
notoriously	adverb
nought	noun
noun	noun
nourish	verb
nourishment	noun
novel	noun
novelist	noun
novelty	noun
november	noun
now	adverb,other
nowadays	adverb
nowhere	adverb
nuclear	adjective
nucleus	noun
nuisance	noun
numb	adjective,verb
number	noun
numerical	adjective
numerous	adjective
nurse	noun,verb
nursery	noun
nut	noun
nutrient	noun
nutrition	noun
nutritious	adjective
nutshell	noun
oak	noun
oath	noun
obedience	noun
obedient	adjective
obey	verb
obituary	noun
object	noun,verb
objection	noun
objective	adjective,noun
obligation	noun
oblige	verb
oblique	adjective
obscure	adjective,verb
obscurely	adverb
observation	noun
observe	verb
observer	noun
obsess	verb
obsession	noun
obsessive	adjective
obstacle	noun
obtain	verb
obvious	adjective
obviously	adverb
occasion	noun,verb
occasional	adjective
occasionally	adverb
occupant	noun
occupation	noun
occupational	adjective
occupy	verb
occur	verb
ocean	noun
october	noun
octogenarian	noun
odd	adjective
oddity	noun
off	adjective,adverb,other
offend	verb
offender	noun
offense	noun
offensive	adjective
offer	noun,verb
offhand	adverb
office	noun
officer	noun
official	adjective,noun
officially	adverb
offshore	adjective
offspring	noun
often	adverb
oil	noun
oily	adjective
ointment	noun
old	adjective
olive	noun
olympia	noun
olympiad	noun
olympic	adjective
olympics	noun
omelet	noun
once	adverb,other
onion	noun
online	adjective,adverb
only	adjective,adverb
onstage	adjective
opacity	noun
opaque	adjective
open	adjective,verb
opening	noun
openly	adverb
opera	noun
operate	verb
operation	noun
operator	noun
opinion	noun
opponent	noun
opportunity	noun
oppose	verb
opposite	adjective,adverb,noun,other
opposition	noun
oppress	verb
oppression	noun
optimism	noun
optimist	noun
optimistic	adjective
option	noun
optional	adjective
opulence	noun
opulent	adjective
opulently	adverb
oral	adjective,noun
orange	adjective,noun
orator	noun
orbit	noun
orchard	noun
orchestra	noun
orchestral	adjective
orchid	noun
ordain	verb
order	noun,verb
orderly	adjective
ordinarily	adverb
ordinary	adjective
ore	noun
organ	noun
organic	adjective
organism	noun
organization	noun
organizational	adjective
organize	verb
organized	adjective
organizer	noun
origin	noun
original	adjective,noun
originality	noun
originally	adverb
originate	verb
ornament	noun
ornamental	adjective
ornate	adjective
orphan	noun,verb
ostensible	adjective
ostensibly	adverb
otherwise	adverb
otter	noun
ounce	noun
out	adverb
outback	noun
outbreak	noun
outcome	noun
outdistance	verb
outdo	verb
outdoor	adjective
outdoors	adverb
outer	adjective
outfit	noun
outgrow	verb
outing	noun
outlaw	noun
outlet	noun
outline	noun,verb
outlive	verb
outlook	noun
outmoded	adjective
outpatient	noun
output	noun
outrage	noun
outrageous	adjective
outset	noun
outshine	verb
outside	adjective,adverb,noun,other
outsider	noun
outskirts	noun
outstanding	adjective
outward	adjective
outwardly	adverb
outweigh	verb
oval	adjective
oven	noun
over	adverb,other
overall	adjective,adverb
overalls	noun
overboard	adverb
overbook	verb
overcoat	noun
overcome	verb
overdraft	noun,verb
overemphasize	verb
overestimate	verb
overhear	verb
overjoyed	adjective
overlap	noun
overlay	verb
overlook	verb
overly	adverb
overnight	adjective,adverb
overseas	adjective,adverb
oversee	verb
overseer	noun
overshadow	verb
oversize	adjective
overstep	verb
overtake	verb
overthrow	verb
overtime	adverb,noun
overturn	verb
overweight	adjective
overwhelm	verb
overwhelming	adjective
overwork	noun
owe	verb
owing	adjective
owl	noun
own	adjective,other,verb
owner	noun
oxygen	noun
ozone	noun
pace	noun,verb
pacific	adjective
pack	noun,verb
package	noun
packed	adjective
packet	noun
packing	noun
pad	noun
paddle	noun,verb
page	noun
paid	adjective
pain	noun
painful	adjective
painstaking	adjective
painstakingly	adverb
paint	noun,verb
paintbrush	noun
painter	noun
painting	noun
pair	noun
pajamas	noun
pal	noun
palace	noun
palatable	adjective
palate	noun
pale	adjective
pallet	noun
palm	noun
pan	noun
pancake	noun
pandemic	adjective
panel	noun
panic	noun,verb
panorama	noun
panoramic	adjective
pants	noun
papaya	noun
paper	noun
paperless	adjective
paperwork	noun
parable	noun
parachute	noun
parade	noun
paradise	noun
paradox	noun
paradoxical	adjective
paradoxically	adverb
paragraph	noun
paralysis	noun
paralyze	verb
paralyzingly	adverb
paramedic	adjective
parameter	noun
paramount	adjective
parasite	noun
parasitic	adjective
paratrooper	noun
parcel	noun
pardon	noun,verb
parent	noun
parental	adjective
park	noun,verb
parking	noun
parliament	noun
parochial	adjective
parrot	noun
part	noun,verb
partial	adjective
participant	noun
participate	verb
participation	noun
participle	noun
particle	noun
particular	adjective
particularly	adverb
partisan	noun
partly	adverb
partner	noun
partnership	noun
party	noun
pass	noun,verb
passage	noun
passenger	noun
passion	noun
passionate	adjective
passionately	adverb
passive	adjective
passport	noun
password	noun
past	adjective,adverb,other
pasta	noun
pastor	noun
pastoral	adjective
patch	noun
patchily	adverb
patchy	adjective
paternal	adjective
paternalistic	adjective
path	noun
pathos	noun
patience	noun
patient	adjective,noun
patiently	adverb
patriot	noun
patriotic	adjective
patriotism	noun
patrol	noun
patron	noun
patronize	verb
patronizing	adjective
patronizingly	adverb
pattern	noun
pause	noun,verb
pave	verb
pavement	noun
paw	noun
pawnbroker	noun
pawnshop	noun
pay	noun,verb
payment	noun
paywall	noun
pea	noun
peace	noun
peaceful	adjective
peacefully	adverb
peach	noun
peacock	noun
peak	noun
peanut	noun
pear	noun
pearl	noun
peasant	noun
pebble	noun
peculiar	adjective
pedal	noun
pedantic	adjective
pedestal	noun
pedestrian	adjective,noun
pedicure	noun
pee	verb
peel	noun,verb
peep	noun
peer	noun
peg	noun
pen	noun
penalize	verb
penalty	noun
pence	noun
pencil	noun
pendulous	adjective
pendulum	noun
penetrate	verb
penfriend	noun
penguin	noun
penicillin	noun
peninsula	noun
penniless	adjective
penny	noun
pension	noun
pentagon	noun
people	noun
pepper	noun
perceive	verb
percent	noun
percentage	noun
perception	noun
perceptive	adjective
perceptively	adverb
perch	noun,verb
perfect	adjective,verb
perfectly	adverb
perform	verb
performance	noun
performer	noun
perfume	noun
perhaps	adverb
period	noun
permanence	noun
permanent	adjective
permanently	adverb
permeate	verb
permission	noun
permit	verb
perpetuate	verb
persecute	verb
persecution	noun
perseverance	noun
persist	verb
persistence	noun
persistent	adjective
person	noun
personal	adjective
personality	noun
personalization	noun
personalize	verb
personally	adverb
personification	noun
personify	verb
personnel	noun
perspective	noun
perspiration	noun
persuade	verb
persuasion	noun
persuasive	adjective
persuasively	adverb
pertinent	adjective
pervasive	adjective
pervasiveness	noun
perverse	adjective
perversity	noun
pessimist	noun
pessimistic	adjective
pet	noun
petrified	adjective
petrol	noun
petty	adjective
phantom	adjective,noun
pharmacist	noun
pharmacy	noun
phase	noun
phenomenal	adjective
phenomenally	adverb
phenomenon	noun
philanthropic	adjective
philanthropically	adverb
philanthropist	noun
philanthropy	noun
philistine	noun
philosopher	noun
philosophical	adjective
philosophy	noun
phoenix	noun
phone	noun,verb
photo	noun
photocopy	noun
photograph	noun,verb
photographer	noun
photography	noun
phrase	noun
physical	adjective
physicality	noun
physically	adverb
physician	noun
physics	noun
physiological	adjective
physiologically	adverb
physique	noun
piano	noun
pick	noun,verb
pickle	noun
picky	adjective
picnic	noun
picture	noun,verb
picturesque	adjective
pie	noun
piece	noun
piety	noun
pig	noun
pigeon	noun
pile	noun
pilgrim	noun
pill	noun
pillow	noun
pillowcase	noun
pilot	noun
pin	noun,verb
pine	noun
pineapple	noun
pink	adjective,noun
pinnacle	noun
pint	noun
pioneer	noun,verb
pipe	noun
piracy	noun
pirate	noun
pit	noun
pitch	noun,verb
pity	noun
pizza	noun
place	noun,verb
placid	adjective
placidly	adverb
plague	noun,verb
plain	adjective
plan	noun,verb
plane	noun
planet	noun
planning	noun
plant	noun,verb
plaque	noun
plaster	noun,verb
plastic	adjective,noun
plate	noun
platform	noun
plausibility	noun
plausible	adjective
plausibly	adverb
play	noun,verb
player	noun
playful	adjective
playground	noun
playmate	noun
playwright	noun
plead	verb
pleasant	adjective
pleasantly	adverb
please	adverb,verb
pleased	adjective
pleasing	adjective
pleasurable	adjective
pleasure	noun
plenty	noun,other
plot	noun
ploy	noun
pluck	noun,verb
plug	noun,verb
plum	adjective,noun
plumage	noun
plumber	noun
plumbing	noun
plume	noun
plummet	verb
plunge	noun,verb
plural	noun
plus	noun,other
plutocrat	noun
pneumonia	noun
pocket	noun
poem	noun
poet	noun
poetess	noun
poetry	noun
point	noun,verb
pointless	adjective
poise	noun,verb
poison	noun,verb
poisonous	adjective
pole	noun
police	noun
policeman	noun
policewoman	noun
policy	noun
polio	noun
polish	noun
polite	adjective
politely	adverb
politeness	noun
political	adjective
politically	adverb
politician	noun
politics	noun
polity	noun
pollutant	noun
pollute	verb
pollution	noun
polo	noun
polysyllabic	adjective
pond	noun
ponder	verb
ponderous	adjective
ponderously	adverb
pool	noun
poor	adjective
pop	noun,verb
popcorn	noun
popular	adjective
popularity	noun
popularization	noun
popularize	verb
population	noun
porch	noun
pork	noun
port	noun
portable	adjective,noun
porten	noun
portion	noun
portrait	noun
portraiture	noun
portray	verb
portrayal	noun
pose	noun,verb
posh	adjective
posit	verb
position	noun
positive	adjective
positively	adverb
possess	verb
possessed	adjective
possession	noun
possessive	adjective
possessor	noun
possibility	noun
possible	adjective
possibly	adverb
post	noun,verb
postal	adjective
postcard	noun
poster	noun
posterity	noun
postman	noun
postpone	verb
postural	adjective
posture	noun,verb
posturing	noun
pot	noun
potato	noun
potent	adjective
potential	adjective,noun
potentially	adverb
pottery	noun
pounce	verb
pound	noun,verb
pour	verb
poverty	noun
powder	noun,verb
power	noun
powerful	adjective
powerfully	adverb
practical	adjective
practicality	noun
practically	adverb
practice	noun,verb
practitioner	noun
praise	noun,verb
prance	noun
prawn	noun
pray	verb
prayer	noun
preach	verb
preacher	noun
precede	verb
precious	adjective
precise	adjective
precisely	adverb
precision	noun
precocious	adjective
precociously	adverb
preconception	noun
predecessor	noun
predicament	noun
predicate	verb
predicative	adjective
predict	verb
predictable	adjective
prediction	noun
predictive	adjective
predictor	noun
predilection	noun
preeminent	adjective
prefect	noun
prefer	verb
preferable	adjective
preferably	adverb
preference	noun
prefix	noun
pregnant	adjective
prehistoric	adjective
prehuman	noun
preindustrial	adjective
prejudge	verb
prejudice	noun
preliminary	adjective
premier	adjective,noun
premise	noun
premises	noun
preoccupation	noun
preoccupy	verb
preparation	noun
prepare	verb
prepared	adjective
preposition	noun
preschool	adjective
prescribe	verb
prescription	noun
prescriptive	adjective
presence	noun
present	adjective,noun,verb
presentation	noun
presentational	adjective
presenter	noun
preservation	noun
preservationist	noun
preserve	verb
presidency	noun
president	noun
presidential	adjective
press	noun,verb
pressure	noun
pressurization	noun
pressurize	verb
prestige	noun
prestigious	adjective
presumably	adverb
presuppose	verb
presupposition	noun
pretend	adjective,verb
pretty	adjective,adverb
prevail	verb
prevent	verb
prevention	noun
preventive	adjective
previous	adjective
previously	adverb
price	noun,verb
priceless	adjective
prick	noun
pride	noun
priest	noun
primarily	adverb
primary	adjective
prime	adjective
primeval	adjective
primitive	adjective
primitively	adverb
prince	noun
princess	noun
principal	adjective,noun
principally	adverb
principle	noun
print	noun,verb
printer	noun
prior	adjective
priority	noun
prise	verb
prison	noun
prisoner	noun
prissy	adjective
privacy	noun
private	adjective
privately	adverb
privilege	noun
privileged	adjective
prize	noun
pro	noun
probability	noun
probable	adjective
probably	adverb
probe	noun
problem	noun
procedural	adjective,noun
procedure	noun
proceed	verb
process	noun,verb
proclaim	verb
procrastination	noun
produce	verb
producer	noun
product	noun
production	noun
productive	adjective
profess	verb
profession	noun
professional	adjective,noun
professionalism	noun
professor	noun
profile	noun
profit	noun
profitability	noun
profitable	adjective
profound	adjective
profoundly	adverb
program	noun,verb
programmer	noun
programming	noun
progress	noun,verb
progressive	adjective
prohibit	verb
prohibition	noun
prohibitive	adjective
prohibitively	adverb
project	noun,verb
projection	noun
proliferate	verb
proliferation	noun
prolific	adjective
prolifically	adverb
prolong	verb
prom	noun
promenade	noun
prominence	noun
prominent	adjective
promise	noun,verb
promotable	adjective
promote	verb
promotion	noun
prompt	adjective,noun,verb
promptly	adverb
prone	adjective
pronoun	noun
pronounce	verb
pronunciation	noun
proof	noun
prop	noun,verb
proper	adjective
properly	adverb
property	noun
prophet	noun
prophetic	adjective
proponent	noun
proportion	noun
proportional	adjective
proportionally	adverb
proposal	noun
propose	verb
proposed	adjective
proposition	noun
proprietary	adjective
proprietorial	adjective
proscribe	verb
proscription	noun
prose	noun
prosecute	verb
prospect	noun
prospective	adjective
prosper	verb
prosperity	noun
prosperous	adjective
prostrate	adjective,verb
protagonist	noun
protect	verb
protection	noun
protective	adjective
protest	noun,verb
protrude	verb
protrusion	noun
proud	adjective
proudly	adverb
prove	verb
proven	adjective
proverb	noun
proverbial	adjective
provide	verb
province	noun
provincial	adjective
provision	noun
provisions	noun
provocation	noun
provocative	adjective
provocatively	adverb
provoke	verb
prowl	verb
proximal	adjective
proximity	noun
prurience	noun
prurient	adjective
psyche	noun
psychiatric	adjective
psychiatrist	noun
psychological	adjective
psychologically	adverb
psychologist	noun
psychology	noun
pub	noun
public	adjective,noun
publication	noun
publicity	noun
publicize	verb
publicly	adverb
publish	verb
publisher	noun
pudding	noun
pull	verb
pullover	noun
pulse	noun
pump	noun
pumpkin	noun
punch	noun,verb
punctual	adjective
punctuality	noun
punctuation	noun
punish	verb
punishment	noun
punitive	adjective
punitively	adverb
pupil	noun
puppy	noun
purchase	noun,verb
pure	adjective
purify	verb
puritanical	adjective
purity	noun
purple	adjective,noun
purpose	noun
purposeful	adjective
purse	noun
pursue	verb
pursuit	noun
push	noun,verb
put	verb
puzzle	noun,verb
puzzled	adjective
pyre	noun
quake	noun
qualification	noun
qualified	adjective
qualify	verb
qualitative	adjective
quality	adjective,noun
qualm	noun
quantify	verb
quantity	noun
quarantine	noun
quarrel	noun,verb
quarrelsome	adjective
quarry	noun
quarter	noun
queen	noun
queer	adjective
query	noun,verb
quest	noun
question	noun,verb
questionnaire	noun
queue	noun,verb
quick	adjective
quickly	adverb
quiet	adjective,noun
quietly	adverb
quip	noun,verb
quirk	noun,verb
quirky	adjective,noun
quit	adjective,verb
quite	adverb
quiver	noun,verb
quiz	noun
quotable	adjective
quotation	noun
quote	noun,verb
rabbit	noun
race	noun,verb
racial	adjective
racism	noun
racist	noun
rack	noun
racket	noun
radar	noun
radiate	verb
radiation	noun
radiator	noun
radical	noun
radically	adverb
radio	noun
radium	noun
rafter	noun
rag	noun
rage	noun
rail	noun
railroad	noun
railway	noun
rain	noun,verb
rainbow	noun
raincoat	noun
rainfall	noun
rainforest	noun
rainstorm	noun
rainy	adjective
raise	verb
rally	noun,verb
ram	noun
ramp	noun
range	noun,verb
ranger	noun
rank	noun
rap	noun,verb
rape	noun,verb
rapid	adjective
rapidly	adverb
rapport	noun
rapture	noun
rapturous	adjective
rapturously	adverb
rare	adjective
rarely	adverb
rarity	noun
rash	adjective
raspberry	noun
rat	noun
rate	noun,verb
rather	adverb
rating	noun
ration	noun
rational	adjective
rattle	noun
raunchily	adverb
raunchy	adjective
ravage	noun
ravish	verb
raw	adjective
ray	noun
razor	noun
reach	noun,verb
react	verb
reaction	noun
read	verb
readable	adjective
reader	noun
readily	adverb
reading	noun
ready	adjective
real	adjective,adverb
realism	noun
realist	noun
realistic	adjective
reality	noun
realization	noun
realize	verb
really	adverb
reap	verb
rear	adjective
rearrange	verb
reason	noun
reasonable	adjective
reasonably	adverb
reassurance	noun
reassure	verb
rebel	noun,verb
rebellious	adjective
rebound	noun,verb
rebuild	verb
rebuke	noun,verb
recall	noun,verb
receipt	noun
receive	verb
recent	adjective
recently	adverb
reception	noun
receptionist	noun
recess	noun
recession	noun
recessive	adjective
recharge	verb
recipe	noun
recitation	noun
recite	verb
reckon	verb
reclaim	verb
recluse	noun
reclusive	adjective
recognition	noun
recognizable	adjective
recognizably	adverb
recognize	verb
recollect	verb
recollection	noun
recommend	verb
recommendable	adjective
recommendation	noun
reconcile	verb
reconciliation	noun
reconsider	verb
record	noun,verb
recording	noun
recourse	noun
recover	verb
recovery	noun
recreation	noun
recruit	verb
rectangular	adjective
recumbent	adjective
recuperate	verb
recuperation	noun
recuperative	adjective
recycle	verb
recycled	adjective
recycling	noun
red	adjective,noun
rediscover	verb
redo	verb
reduce	verb
reduction	noun
redundancy	noun
redundant	adjective
redundantly	adverb
reed	noun
reef	noun
reenact	verb
refer	verb
referee	noun
reference	noun
referent	adjective
refinery	noun
reflect	verb
reflection	noun
reflective	adjective
reform	noun
refrain	noun
refresh	noun,verb
refreshing	adjective
refreshingly	adverb
refreshments	noun
refrigerator	noun
refuge	noun
refugee	noun
refund	noun
refurbish	verb
refurbishment	noun
refusal	noun
refuse	noun,verb
refute	verb
regain	verb
regard	noun,verb
regardless	adverb
reggae	noun
regime	noun
region	noun
regional	adjective
register	noun,verb
registration	noun
regret	noun,verb
regrettably	adverb
regular	adjective
regularly	adverb
regulate	verb
regulation	noun
regulatory	adjective
rehearsal	noun
reinforce	verb
reinforcement	noun
reissue	verb
reject	verb
rejection	noun
rejoin	verb
relapse	noun,verb
relate	verb
related	adjective
relation	noun
relationship	noun
relative	adjective,noun
relatively	adverb
relativity	noun
relax	verb
relaxation	noun
relaxed	adjective
relaxing	adjective
relay	noun
release	noun,verb
relegate	verb
relevant	adjective
reliable	adjective
relic	noun
relief	noun
relieve	verb
relieved	adjective
religion	noun
religious	adjective
relinquish	verb
reluctant	adjective
reluctantly	adverb
rely	verb
remain	verb
remainder	noun
remaining	adjective
remains	noun
remark	noun,verb
remarkable	adjective
remarkably	adverb
remedial	adjective
remedy	noun
remember	verb
remembrance	noun
remind	verb
reminder	noun
reminisce	verb
reminiscent	adjective
remit	verb
remittance	noun
remonstrance	noun
remorse	noun
remorseful	adjective
remorsefully	adverb
remorseless	adjective
remorselessly	adverb
remote	adjective
remotely	adverb
remove	verb
removed	adjective
render	verb
rendering	noun
renew	verb
renown	noun
rent	noun,verb
rental	noun
reorganize	verb
repaint	noun
repair	noun,verb
repay	verb
repeat	verb
repeatedly	adverb
repel	verb
repellant	adjective,noun
repertoire	noun
repertory	noun
repetition	noun
replace	verb
replacement	noun
replica	noun
reply	noun,verb
report	noun,verb
reporter	noun
repose	noun,verb
represent	verb
representative	noun
repress	verb
repression	noun
reprint	noun
reproach	verb
reproduce	verb
reprove	verb
reptilian	adjective
republic	noun
reputation	noun
repute	noun,verb
request	noun,verb
require	verb
requirement	noun
requisition	noun
rescue	noun,verb
research	noun,verb
researcher	noun
resemble	verb
resent	verb
reservation	noun
reserve	noun,verb
residence	noun
resident	adjective,noun
residential	adjective
residual	adjective
residue	noun
resign	verb
resignation	noun
resilience	noun
resilient	adjective
resin	noun
resist	verb
resistance	noun
resolution	noun
resolve	verb
resonant	adjective
resonate	verb
resort	noun,verb
resound	verb
resounding	adjective
resoundingly	adverb
resource	noun
respect	noun,verb
respectable	adjective
respectably	adverb
respected	adjective
respiration	noun
respiratory	adjective
respite	noun
respond	verb
response	noun
responsibility	noun
responsible	adjective
rest	noun,verb
restaurant	noun
restoration	noun
restorative	adjective
restore	verb
restrict	verb
restriction	noun
result	noun,verb
resume	verb
resuscitate	verb
resuscitation	noun
retail	noun
retailer	noun
retain	verb
retard	verb
retell	verb
retention	noun
retina	noun
retire	verb
retired	adjective
retirement	noun
retrace	verb
retreat	noun,verb
retrieve	verb
retrospect	noun
retrospection	noun
retrospective	adjective
return	noun,verb
reunification	noun
reunify	verb
reunion	noun
reveal	verb
revealing	adjective
revelation	noun
revelatory	adjective
revenge	noun
revenue	noun
reverb	noun
reverberate	verb
reverberation	noun
revere	verb
reverence	noun
reverse	verb
review	noun,verb
revile	verb
revise	verb
revision	noun
revival	noun
revive	verb
revolution	noun
revolutionary	adjective
revolutionize	verb
revolve	verb
revulsion	noun
reward	noun,verb
rewrite	verb
rhetoric	noun
rhetorical	adjective
rhetorically	adverb
rhinoceros	noun
rhyme	verb
rhythm	noun
rhythmic	adjective
rib	noun
ribbon	noun
rice	noun
rich	adjective
rickety	adjective
rid	verb
riddle	noun,verb
ride	noun,verb
rider	noun
ridge	noun
ridiculous	adjective
rife	adjective
rift	noun
right	adjective,adverb,noun
righteousness	noun
rightly	adverb
rim	noun
ring	noun,verb
rip	verb
ripe	adjective
rise	noun,verb
risk	noun,verb
risky	adjective
rite	noun
ritual	noun
rival	noun
river	noun
riveting	adjective
road	noun
roadside	noun
roam	noun
roar	verb
roast	adjective,verb
rob	verb
robbery	noun
robin	noun
robot	noun
robust	adjective
robustly	adverb
rock	noun,verb
rocket	noun
rocky	adjective
role	noun
roll	noun,verb
rolling	adjective
romance	noun
romantic	adjective
romp	verb
romper	noun
roof	noun
room	noun,verb
roommate	noun
root	noun
rope	noun
rose	noun
rosy	adjective
rotate	verb
rotten	adjective
rough	adjective
roughly	adverb
round	adjective,adverb,noun,other,verb
roundabout	noun
roundup	noun
route	noun
routine	noun
row	noun,verb
royal	adjective
royalty	noun
rub	verb
rubber	noun
rubbish	noun
rubble	noun
rude	adjective
rudely	adverb
rudimentary	adjective
rudiments	noun
rug	noun
rugby	noun
ruin	noun,verb
ruinous	adjective
rule	noun,verb
ruler	noun
rumble	noun,verb
ruminant	adjective
ruminate	verb
rumination	noun
ruminative	adjective
rumor	noun
run	noun,verb
runaway	noun
runner	noun
running	noun
runway	noun
rural	adjective
rush	noun,verb
rustle	noun,verb
rusty	adjective
ruthless	adjective
ruthlessness	noun
sack	verb
sacred	adjective
sacrifice	noun,verb
sad	adjective
sadly	adverb
sadness	noun
safari	noun
safe	adjective
safeguard	noun,verb
safely	adverb
safety	noun
sag	noun
sage	noun
sail	verb
sailing	noun
sailor	noun
sake	noun
salad	noun
salary	noun
sale	noun
salesman	noun
salesmanship	noun
salesperson	noun
saleswoman	noun
salivary	adjective
salivate	verb
salmon	noun
salon	noun
saloon	noun
salsa	noun
salt	noun
salty	adjective
salvage	verb
salvation	noun
salve	noun
same	adjective,adverb,other
sample	noun
sanctity	noun
sand	noun
sandal	noun
sandstone	noun
sandwich	noun
sandwiched	adjective
sandy	adjective
sanitary	adjective
sanitation	noun
sap	noun
sarcasm	noun
sarcastic	adjective
sarcastically	adverb
satellite	noun
satisfaction	noun
satisfactory	adjective
satisfied	adjective
satisfy	verb
saturday	noun
sauce	noun
saucepan	noun
saucer	noun
sauna	noun
sausage	noun
save	verb
saving	noun
saw	noun,verb
say	noun,verb
scale	noun
scan	noun,verb
scandal	noun
scar	noun
scarcely	adverb
scare	verb
scared	adjective
scarf	noun
scarlet	noun
scary	adjective
scathing	adjective
scatter	verb
scavenger	noun
scenario	noun
scene	noun
scenery	noun
scenic	adjective
scent	noun
schedule	noun,verb
scheduled	adjective
scheme	noun
scholar	noun
scholarly	adjective
scholarship	noun
scholasticism	noun
school	noun
schoolchild	noun
schoolgirl	noun
schoolmate	noun
schoolteacher	noun
schoolwork	noun
science	noun
scientific	adjective
scientifically	adverb
scientist	noun
scissors	noun
scoff	verb
scold	verb
scooter	noun
scope	noun
score	noun,verb
scorn	noun
scornful	adjective
scornfully	adverb
scramble	noun,verb
scratch	noun,verb
scream	noun,verb
screen	noun,verb
screenplay	noun
screenwriter	noun
screw	noun,verb
scribble	noun
script	noun
scroll	noun
scrooge	noun
scrutinize	verb
scrutiny	noun
scuba	noun
sculpture	noun
scythe	noun
sea	noun
seafood	noun
seal	noun
search	noun,verb
seaside	noun
season	noun
seasonal	adjective
seat	noun
seawater	noun
seaweed	noun
second	adjective,adverb,noun,other
secondary	adjective
secondly	adverb
secret	adjective,noun
secretary	noun
secretly	adverb
section	noun
sector	noun
secular	adjective
secularly	adverb
secure	adjective,verb
security	noun
sedate	adjective,verb
sedately	adverb
sedentary	adjective
see	verb
seed	noun
seedling	noun
seedy	adjective
seek	verb
seem	verb
seesaw	noun
segment	noun
seismic	adjective
seize	verb
seldom	adverb
select	adjective,verb
selection	noun
selectivity	noun
self	noun
selfish	adjective
selfless	adjective
sell	verb
seller	noun
semester	noun
semicolon	noun
seminar	noun
senator	noun
send	verb
senior	adjective,noun
sensation	noun
sense	noun,verb
sensible	adjective
sensitive	adjective
sentence	noun,verb
sentient	adjective
sentiment	noun
sentimental	adjective
sentimentally	adverb
separate	adjective,verb
separately	adverb
separation	noun
september	noun
sequel	noun
sequence	noun
serene	adjective
serial	adjective
series	noun
serious	adjective
seriously	adverb
servant	noun
serve	verb
server	noun
service	noun,verb
session	noun
set	noun,verb
setback	noun
settee	noun
setting	noun
settle	verb
settlement	noun
settler	noun
severe	adjective
severely	adverb
sew	verb
sex	noun
sexism	noun
sexual	adjective
sexy	adjective
shabby	adjective
shade	noun
shadow	noun,verb
shadowy	adjective
shake	noun,verb
shaken	adjective
shakespearean	adjective
shaky	adjective
shallow	adjective
shamble	verb
shambles	noun
shame	noun
shameful	adjective
shampoo	noun
shape	noun,verb
share	noun,verb
sharp	adjective,adverb
sharply	adverb
shatter	verb
shave	verb
sheaf	noun
shed	noun,verb
sheep	noun
sheer	adjective
sheet	noun
shelf	noun
shell	noun,verb
shelter	noun
sheriff	noun
shield	noun
shift	noun,verb
shimmer	verb
shine	verb
shiny	adjective
ship	noun,verb
shipping	noun
shipwreck	noun
shirt	noun
shiver	verb
shoal	noun
shock	noun,verb
shocked	adjective
shocking	adjective
shoe	noun
shoot	verb
shooting	noun
shop	noun,verb
shopkeeper	noun
shoplift	verb
shoplifter	noun
shoplifting	noun
shopper	noun
shopping	noun
shore	noun
short	adjective,adverb,noun
shortage	noun
shortlist	noun,verb
shortly	adverb
shortness	noun
shot	noun
shoulder	noun
shout	noun,verb
show	noun,verb
showbiz	noun
showcase	noun
shower	noun,verb
showy	adjective
shrimp	noun
shrink	noun,verb
shrug	verb
shut	adjective,verb
shy	adjective
sick	adjective
sickness	noun
side	noun
sidewalk	noun
sigh	noun,verb
sight	noun
sightseeing	noun
sign	noun,verb
signal	noun,verb
signature	noun
significance	noun
significant	adjective
significantly	adverb
signify	verb
signpost	noun
silence	noun
silent	adjective
silently	adverb
silhouette	noun
silk	noun
silly	adjective
silver	adjective,noun
silverware	noun
similar	adjective
similarity	noun
similarly	adverb
simple	adjective
simplicity	noun
simplification	noun
simplify	verb
simply	adverb
simultaneous	adjective
simultaneously	adverb
since	adverb,other
sincere	adjective
sincerity	noun
sing	verb
singe	verb
singer	noun
singing	noun
single	adjective,noun
singular	adjective,noun
sink	noun,verb
sir	noun
sister	noun
sit	verb
site	noun
situation	noun
size	noun
skate	noun,verb
skateboard	noun
skateboarder	noun
skateboarding	noun
skating	noun
skeleton	noun
sketch	noun,verb
sketchbook	noun
skew	verb
ski	noun,verb
skiing	noun
skill	noun
skilled	adjective
skillful	adjective
skillfully	adverb
skim	verb
skin	noun
skip	verb
skirt	noun
sky	noun
skylark	noun
skyscraper	noun
skyward	adverb
slab	noun
slack	adjective,noun,verb
slackly	adverb
slam	verb
slang	noun
slap	noun,verb
slash	noun
slaughter	noun
slave	noun
slavery	noun
sleep	noun,verb
sleepless	adjective
sleepy	adjective
sleeve	noun
slice	noun,verb
slide	noun,verb
slight	adjective,noun
slightly	adverb
slim	adjective
slip	noun,verb
slither	verb
sliver	noun
slob	noun
slogan	noun
slope	noun
sloppy	adjective
slot	noun
slow	adjective,adverb,verb
slowly	adverb
small	adjective
smart	adjective
smash	verb
smattering	noun
smell	noun,verb
smile	noun,verb
smith	noun
smoke	noun,verb
smoker	noun
smokestack	noun
smoking	noun
smooth	adjective
smoothly	adverb
smug	adjective
smugly	adverb
snack	noun
snail	noun
snake	noun
snap	verb
sneak	verb
sneer	noun
sneeze	noun,verb
sniff	verb
snippet	noun
snobbery	noun
snooze	verb
snore	noun,verb
snow	noun,verb
snowball	noun
snowboard	noun
snowboarding	noun
snowstorm	noun
snowy	adjective
soak	noun,verb
soaked	adjective
soaking	adjective
soap	noun
soar	verb
sob	verb
soccer	noun
sociable	adjective
social	adjective
socialization	noun
socialize	verb
socially	adverb
society	noun
sock	noun
soda	noun
sofa	noun
soft	adjective
softly	adverb
softness	noun
software	noun
soil	noun,verb
solar	adjective
soldier	noun
solicit	verb
solid	adjective
solidity	noun
soliloquize	verb
soliloquy	noun
solipsism	noun
solitariness	noun
solitary	adjective,noun
solitude	noun
solo	adjective,adverb,noun
solution	noun
solve	verb
solvent	noun
somber	adjective
somberly	adverb
someday	adverb
somehow	adverb
someplace	adverb
somersault	noun,verb
sometime	adverb
sometimes	adverb
somewhat	adverb
somewhere	adverb
son	noun
song	noun
sonnet	noun
soon	adverb
soothe	verb
sophisticated	adjective
sophomore	noun
sore	adjective
sorrow	noun
sorry	adjective
sort	noun,verb
soul	noun
sound	adjective,noun,verb
soundtrack	noun
soup	noun
sour	adjective
source	noun
south	adjective,adverb,noun
southeast	adjective,noun
southern	adjective
southward	adverb
southwest	adjective,noun
souvenir	noun
soviet	noun
soybean	noun
spa	noun
space	noun
spaceship	noun
spacious	adjective
spaghetti	noun
span	verb
spare	adjective,verb
sparerib	noun
spark	noun
sparkle	noun
sparkling	adjective
sparrow	noun
spartan	adjective
spatial	adjective
spatially	adverb
speak	verb
speaker	noun
special	adjective
specialist	noun
specialize	verb
specially	adverb
specialty	noun
species	noun
specific	adjective
specifically	adverb
specification	noun
specify	verb
specimen	noun
spectacle	noun
spectacular	adjective
spectator	noun
speculate	verb
speculation	noun
speculative	adjective
speech	noun
speed	noun,verb
speeder	noun
spell	noun,verb
spellbound	adjective
spelling	noun
spend	verb
sphere	noun
spice	noun
spicy	adjective
spider	noun
spill	verb
spin	verb
spinach	noun
spiral	adjective
spire	noun
spirit	noun
spiritual	adjective
spite	noun
splash	noun,verb
splatter	noun,verb
splinter	verb
split	adjective,noun,verb
spoil	verb
spokesman	noun
spokeswoman	noun
sponge	noun
sponsor	noun,verb
sponsorship	noun
spontaneity	noun
spontaneous	adjective
spontaneously	adverb
spoon	noun
sport	noun
sports	adjective
sportsmanship	noun
spot	noun,verb
sprawl	noun,verb
spray	noun,verb
spread	noun,verb
spreadsheet	noun
spring	noun
sprint	noun
sprout	noun,verb
spur	noun
spurious	adjective
spuriously	adverb
spy	noun
squad	noun
squander	verb
square	adjective,noun
squash	noun,verb
squeeze	verb
squint	verb
squirm	verb
squirmy	adjective
stab	verb
stability	noun
stabilize	verb
stable	adjective
staccato	adjective,adverb
stack	noun
stadium	noun
staff	noun
stage	noun
stagger	noun,verb
staggering	adjective
stain	noun,verb
stair	noun
stake	noun
stall	noun
stamina	noun
stammer	verb
stamp	noun,verb
stand	noun,verb
standard	adjective,noun
standby	adjective
standing	noun
standstill	noun
stanza	noun
staple	noun
star	noun,verb
stare	verb
start	noun,verb
startle	verb
startling	adjective
startlingly	adverb
starvation	noun
starve	verb
starving	adjective
state	adjective,noun,verb
stately	adjective
statement	noun
statesman	noun
statewide	adverb
station	noun
statistics	noun
statue	noun
status	noun
stay	noun,verb
steadily	adverb
steady	adjective
steak	noun
steal	verb
steam	noun
steel	noun
steely	adjective
steep	adjective
steer	verb
stem	verb
step	noun,verb
stepfather	noun
stepmother	noun
stereotype	noun
sterility	noun
stern	adjective
stew	noun
stick	noun,verb
sticker	noun
sticky	adjective
stiff	adjective
stiffen	verb
still	adjective,adverb
stimulant	noun
stimulate	verb
stimulation	noun
stimuli	noun
stingy	adjective
stink	verb
stipulate	verb
stipulation	noun
stir	verb
stitch	noun
stock	noun,verb
stockpile	noun
stoicism	noun
stoke	verb
stomach	noun
stomachache	noun
stone	noun
stonework	noun
stool	noun
stop	noun,verb
stopover	noun
stopwatch	noun
storage	noun
store	noun,verb
storm	noun
stormy	adjective
story	noun
storyteller	noun
stove	noun
straight	adjective,adverb
straighten	verb
straightforward	adjective
strain	noun,verb
strait	noun
strand	noun
strange	adjective
strangely	adverb
stranger	noun
strangle	verb
strap	noun,verb
strapping	adjective
strategic	adjective
strategy	noun
stratosphere	noun
straw	noun
strawberry	noun
stray	adjective,noun,verb
stream	noun,verb
street	noun
strength	noun
strengthen	verb
stress	noun,verb
stressed	adjective
stressful	adjective
stressfully	adverb
stretch	verb
stretching	noun
stricken	adjective
strict	adjective
strictly	adverb
stride	verb
strike	noun,verb
striking	adjective
string	noun
stringent	adjective
stringently	adverb
strip	noun,verb
stripe	noun
strive	verb
stroke	noun,verb
strong	adjective
strongly	adverb
structural	adjective
structurally	adverb
structure	noun
struggle	noun,verb
stubborn	adjective
stubbornly	adverb
stuck	adjective
student	noun
studio	noun
study	noun,verb
stuff	noun,verb
stuffed	adjective
stuffily	adverb
stuffiness	noun
stuffy	adjective
stultify	verb
stultifyingly	adverb
stumble	verb
stun	verb
stunning	adjective
stupid	adjective
style	noun
stylish	adjective
stylist	noun
stylistic	adjective
stylistically	adverb
subconscious	adjective
subcontinent	noun
subculture	noun
subdivision	noun
subject	noun
subjunctive	noun
submarine	noun
submit	verb
subordinate	noun
subplot	noun
subside	verb
subsidize	verb
subsidy	noun
subsist	verb
subsistence	noun
substance	noun
substantial	adjective
substantially	adverb
substantiate	verb
substitute	noun,verb
subtitle	noun
subtle	adjective
subtly	adverb
subtract	verb
suburb	noun
suburban	adjective
suburbia	noun
subway	noun
succeed	verb
success	noun
successful	adjective
successfully	adverb
succession	noun
successive	adjective
succulent	adjective,noun
succulently	adverb
succumb	verb
suck	verb
sudden	adjective
suddenly	adverb
suds	noun
sue	verb
suffer	verb
suffering	noun
suffice	verb
sufficient	adjective
sufficiently	adverb
suffix	noun
suffuse	verb
sugar	noun
suggest	verb
suggestion	noun
suicide	noun
suit	noun,verb
suitable	adjective
suitably	adverb
suitcase	noun
suitor	noun
sulfur	noun
sulphur	noun
sulphuric	adjective
sum	noun
summarily	adverb
summarize	verb
summary	noun
summer	noun
summit	noun
sun	noun
sunbathe	verb
sunbeam	noun
sunday	noun
sundial	noun
sunflower	noun
sunglasses	noun
sunlight	noun
sunny	adjective
sunrise	noun
sunset	noun
sunshine	noun
super	adjective
superb	adjective
superficial	adjective
superficially	adverb
superfluous	adjective
superfluously	adverb
superintendent	noun
superior	adjective
superlative	noun
supermarket	noun
supernatural	adjective
superstar	noun
superstition	noun
supervise	verb
supervision	noun
supervisor	noun
supper	noun
supple	adjective
supplement	noun
supplier	noun
supply	noun,verb
support	noun,verb
supporter	noun
supportive	adjective
suppose	verb
supposedly	adverb
suppress	verb
sure	adjective,adverb
surely	adverb
surf	noun,verb
surface	noun
surfing	noun
surge	noun,verb
surgeon	noun
surgery	noun
surname	noun
surprise	noun,verb
surprised	adjective
surprising	adjective
surprisingly	adverb
surrealism	noun
surrealist	noun
surrender	verb
surreptitious	adjective
surreptitiously	adverb
surround	verb
surrounding	adjective
surroundings	noun
surveillance	noun
survey	noun
survival	noun
survive	verb
survivor	noun
suspect	noun,verb
suspend	verb
suspension	noun
suspicion	noun
suspicious	adjective
suspiciously	adverb
sustain	verb
sustainable	adjective
sustainably	adverb
swallow	verb
swan	noun
swap	noun,verb
swarm	noun
swear	verb
sweat	noun,verb
sweater	noun
sweatshirt	noun
sweep	verb
sweet	adjective,noun
sweetheart	noun
swell	verb
swift	adjective
swim	noun,verb
swimmer	noun
swimming	noun
swimsuit	noun
swing	noun,verb
switch	noun,verb
swivel	verb
swollen	adjective
sword	noun
syllabic	adjective
syllable	noun
symbol	noun
symbolic	adjective
sympathetic	adjective
sympathize	verb
sympathy	noun
symphony	noun
symptom	noun
symptomatic	adjective
syndrome	noun
synonym	noun
synopsis	noun
synthesis	noun
synthetic	adjective
synthetically	adverb
system	noun
systematic	adjective
table	noun
tablecloth	noun
tablespoon	noun
tablet	noun
tabloid	adjective,noun
tacit	adjective
tacitly	adverb
taciturn	adjective
taciturnity	noun
tack	verb
tackle	verb
tact	noun
tactful	adjective
tactfully	adverb
tactic	noun
tactical	adjective
tactically	adverb
tactile	adjective
tag	noun
tail	noun
tailor	noun,verb
take	noun,verb
takeaway	noun
takeoff	noun
tale	noun
talent	noun
talented	adjective
talk	noun,verb
talkative	adjective
tall	adjective
tame	adjective
tan	noun
tangle	noun,verb
tangled	adjective
tank	noun
tanned	adjective
tantalize	verb
tantalizingly	adverb
tantamount	adjective
tantrum	noun
tap	noun,verb
tape	noun,verb
target	noun
task	noun
taste	noun,verb
tastebud	noun
tasteless	adjective
tasty	adjective
tatter	noun
tattoo	noun
taunt	noun
taut	adjective
tautly	adverb
tax	noun
taxi	noun
tea	noun
teach	verb
teacher	noun
teaching	noun
team	noun
teammate	noun
teamwork	noun
tear	noun,verb
tease	noun,verb
teaspoon	noun
technical	adjective
technically	adverb
technique	noun
technological	adjective
technology	noun
tedious	adjective
tediously	adverb
tedium	noun
teem	verb
teen	noun
teenage	adjective
teenager	noun
telecommunications	noun
telegram	noun
telephone	noun,verb
telescope	noun
telescopic	adjective
telescopically	adverb
television	noun
tell	verb
teller	noun
telltale	adjective
temper	noun,verb
temperament	noun
temperamental	adjective
temperamentally	adverb
temperate	adjective
temperature	noun
temple	noun
temporarily	adverb
temporary	adjective
tempt	verb
temptation	noun
tenacious	adjective
tenaciously	adverb
tenacity	noun
tend	verb
tendency	noun
tender	adjective
tenderly	adverb
tenderness	noun
tennis	noun
tense	adjective,noun
tension	noun
tent	noun
term	noun
terminal	noun
terrace	noun
terrain	noun
terrible	adjective
terribly	adverb
terrific	adjective
terrified	adjective
terrify	verb
terrifying	adjective
territory	noun
terror	noun
terrorism	noun
terrorist	adjective,noun
test	noun,verb
testament	noun
testify	verb
testimonial	noun
testimony	noun
tetchy	adjective
text	noun,verb
textbook	noun
thank	verb
thankful	adjective
thanks	noun
that	adverb,other
theater	noun
theft	noun
theme	noun
then	adverb
theorist	noun
theory	noun
therapist	noun
therapy	noun
there	adverb
thereafter	adverb
thereby	adverb
therefore	adverb
thermometer	noun
thesis	noun
thick	adjective
thicket	noun
thickly	adverb
thickness	noun
thief	noun
thigh	noun
thin	adjective
thing	noun
think	verb
thinker	noun
third	adjective
thirdly	adverb
thirst	noun,verb
thirsty	adjective
thorough	adjective
thoroughly	adverb
though	adverb,other
thought	noun
thoughtful	adjective
thoughtless	adjective
thread	noun
threat	noun
threaten	verb
threatening	adjective
thrill	noun
thrilled	adjective
thriller	noun
thrilling	adjective
throat	noun
through	adverb,other
throw	noun,verb
thumb	noun
thump	verb
thunder	noun
thunderous	adjective
thunderstorm	noun
thursday	noun
thus	adverb
tick	noun,verb
ticket	noun
tickle	verb
tide	noun
tidy	adjective,verb
tie	noun,verb
tiger	noun
tight	adjective,adverb
tighten	verb
tightly	adverb
tightrope	noun
tights	noun
tile	noun
till	noun,other
time	noun,verb
timeless	adjective
timeliness	noun
timely	adjective
timetable	noun
timid	adjective
timidity	noun
timing	noun
tin	noun
tinker	noun,verb
tiny	adjective
tip	noun,verb
tiptoe	verb
tire	verb
tired	adjective
tiredness	noun
tiresome	adjective
tiring	adjective
tissue	noun
title	noun
toast	noun
tobacco	noun
today	adverb,noun
toe	noun
toenail	noun
together	adverb
toil	verb
toilet	noun
tolerant	adjective
tolerate	verb
toll	noun
tomato	noun
tomb	noun
tomorrow	adverb,noun
ton	noun
tone	noun,verb
tongue	noun
tonight	adverb,noun
too	adverb
tool	noun
tooth	noun
toothache	noun
toothbrush	noun
toothpaste	noun
top	adjective,noun
topic	noun
topographical	adjective
topographically	adverb
topography	noun
topple	verb
torch	noun
torment	noun,verb
tornado	noun
torrential	adjective
tortoiseshell	noun
torture	verb
torturous	adjective
toss	verb
total	adjective,noun
totally	adverb
totemic	adjective
totter	verb
touch	noun,verb
tough	adjective
toughness	noun
tour	noun,verb
tourism	noun
tourist	noun
tournament	noun
towel	noun
tower	noun
town	noun
toxic	adjective
toy	noun
trace	noun,verb
track	noun,verb
tracksuit	noun
tract	noun
trade	noun,verb
trader	noun
tradition	noun
traditional	adjective
traditionally	adverb
traffic	noun
tragedy	noun
tragic	adjective
trail	noun,verb
trailer	noun
train	noun,verb
trainee	noun
trainer	noun
training	noun
trait	noun
traitor	noun
tram	noun
tramp	noun
trample	noun
trampoline	noun
tranquil	adjective
tranquility	noun
tranquilize	verb
transatlantic	adjective
transcript	noun
transfer	noun,verb
transfix	verb
transform	verb
transformation	noun
transfusion	noun
transient	adjective
transistor	noun
transit	noun
transition	noun
transitional	adjective
transitive	adjective
translate	verb
translation	noun
translator	noun
transmission	noun
transmit	verb
transmitter	noun
transparent	adjective
transport	noun,verb
transportation	noun
trap	noun
trash	noun
trauma	noun
traumatic	adjective
travel	noun,verb
traveler	noun
traverse	noun
tray	noun
treacherous	adjective
treacherously	adverb
treachery	noun
tread	noun,verb
treasure	noun
treat	noun,verb
treatment	noun
treaty	noun
tree	noun
trek	noun
tremble	verb
tremendous	adjective
tremendously	adverb
tremor	noun
trend	noun
trial	noun
triangle	noun
tribe	noun
trick	noun,verb
tricky	adjective
trifle	noun,verb
trigger	noun
trim	noun
trio	noun
trip	noun,verb
triumph	noun
trivial	adjective
trolley	noun
troop	noun
trophy	noun
tropic	adjective
tropical	adjective
trouble	noun,verb
troublesome	adjective
trousers	noun
truck	noun
true	adjective
truism	noun
truly	adverb
trumpet	noun
trunk	noun
trust	noun,verb
trustworthy	adjective
trusty	adjective
truth	noun
truthful	adjective
truthfulness	noun
try	noun,verb
trying	adjective
tub	noun
tube	noun
tuberculosis	noun
tuesday	noun
tug	noun
tuition	noun
tulip	noun
tumble	verb
tumor	noun
tuna	noun
tune	noun,verb
tunnel	noun
turbulence	noun
turbulent	adjective
turkey	noun
turmoil	noun
turn	noun,verb
turning	noun
turret	noun
turtle	noun
tutor	noun
twice	adverb
twin	noun
twinkle	noun
twist	noun,verb
twisted	adjective
twitch	noun,verb
tycoon	noun
type	noun,verb
typhoid	noun
typical	adjective
typically	adverb
tyranny	noun
tyrant	noun
ugly	adjective
ultimate	adjective
ultimately	adverb
umbrella	noun
unable	adjective
unacceptable	adjective
unadulterated	adjective
unafraid	adjective
unashamedly	adverb
unassisted	adjective
unattractive	adjective
unauthorized	adjective
unavailable	adjective
unaware	adjective
unbearable	adjective
unbeatable	adjective
unbelievable	adjective
uncanny	adjective
uncertain	adjective
uncertainty	noun
unchanged	adjective
uncharacteristic	adjective
uncle	noun
unclear	adjective
unclearly	adverb
uncomfortable	adjective
uncomfortably	adverb
uncommon	adjective
unconcerned	adjective
unconscious	adjective
uncontrollable	adjective
unconventional	adjective
unconvincing	adjective
unconvincingly	adverb
uncover	verb
undaunted	adjective
undemonstrative	adjective
undemonstratively	adverb
underage	adjective
underestimate	verb
undergo	verb
undergraduate	noun
underground	adjective,adverb
underline	noun,verb
underneath	adverb,other
underpants	noun
undersea	adjective
understand	verb
understandable	adjective
understanding	adjective,noun
undertake	verb
underwater	adjective,adverb
underwear	noun
undiminishing	adjective
undo	verb
undoubtedly	adverb
undreamed	adjective
undress	verb
undressed	adjective
unease	noun
uneasily	adverb
uneasy	adjective
unemployed	adjective
unemployment	noun
unencumbered	adjective
unenthusiastic	adjective
unenviable	adjective
unenviably	adverb
unequivocal	adjective
unequivocally	adverb
uneven	adjective
uneventful	adjective
unexceptional	adjective
unexceptionally	adverb
unexcused	adjective
unexpected	adjective
unexpectedly	adverb
unfair	adjective
unfairly	adverb
unfamiliar	adjective
unfashionable	adjective
unfeasible	adjective
unfeasibly	adverb
unfit	adjective
unfold	verb
unforeseen	adjective
unforgettable	adjective
unfortunate	adjective
unfortunately	adverb
unfriendly	adjective
ungodly	adjective
unhappiness	noun
unhappy	adjective
unharried	adjective
unhealthy	adjective
unheard	adjective
unhelpful	adjective
uniform	adjective,noun
uniformity	noun
unify	verb
unimaginable	adjective
unimaginably	adverb
unimportant	adjective
uninspiring	adjective
uninterested	adjective
uninteresting	adjective
union	noun
unique	adjective
unison	noun
unit	noun
unite	verb
united	adjective
universal	adjective
universe	noun
university	noun
unjustly	adverb
unkind	adjective
unknown	adjective
unlike	adjective,other
unlikely	adjective
unlimited	adjective
unload	verb
unlock	verb
unlucky	adjective
unmanageable	adjective
unmanned	adjective
unmediated	adjective
unmistakable	adjective
unmistakably	adverb
unmusical	adjective
unmusically	adverb
unnatural	adjective
unnecessary	adjective
unnerve	verb
unnerving	adjective
unnervingly	adverb
unobtrusive	adjective
unobtrusively	adverb
unobtrusiveness	noun
unoccupied	adjective
unofficial	adjective
unpack	verb
unpleasant	adjective
unplug	verb
unpopular	adjective
unpredictable	adjective
unpromising	adjective
unravel	verb
unrealistic	adjective
unreasonable	adjective
unrelated	adjective
unreliable	adjective
unreliably	adverb
unrest	noun
unsafe	adjective
unsatisfactory	adjective
unscathing	adjective
unselfish	adjective
unsettle	verb
unsettling	adjective
unstoppable	adjective
unsuccessful	adjective
unsuitable	adjective
unsure	adjective
unsurpassed	adjective
unsuspected	adjective
unsustainable	adjective
unsustainably	adverb
untalented	adjective
untangle	verb
untangled	adjective
unthinkably	adverb
untidy	adjective
untie	verb
untreated	adjective
untrimmed	adjective
unusual	adjective
unusually	adverb
unusualness	noun
unwanted	adjective
unwavering	adjective
unwaveringly	adverb
unwell	adjective
unwilling	adjective
unwise	adjective
unworldly	adjective
upbringing	noun
update	noun,verb
upgrade	noun,verb
upheaval	noun
uplifted	adjective
upload	verb
upper	adjective
upright	adjective,adverb
upset	adjective,verb
upstairs	adjective,adverb,noun
upward	adjective
urban	adjective
urge	noun,verb
urgent	adjective
urgently	adverb
usage	noun
use	noun,verb
used	adjective
useful	adjective
useless	adjective
user	noun
usher	noun,verb
usual	adjective
usually	adverb
utensil	noun
utilitarian	adjective
utility	noun
utilization	noun
utilize	verb
utter	adjective,verb
utterly	adverb
vacancy	noun
vacant	adjective
vacation	noun
vaccine	noun
vague	adjective
vain	adjective
valentine	noun
valid	adjective
valley	noun
valuable	adjective
value	noun,verb
van	noun
vandal	noun
vandalize	verb
vanish	verb
vanity	noun
variation	noun
varied	adjective
variety	noun
various	adjective
vary	verb
vase	noun
vast	adjective
vegetable	noun
vegetarian	adjective,noun
vegetation	noun
vehicle	noun
vein	noun
venerate	verb
veneration	noun
venomous	adjective
venomously	adverb
ventilate	verb
ventilation	noun
venture	noun
venue	noun
verandah	noun
verb	noun
verbal	adjective
verbally	adverb
verbatim	adjective,adverb
verdict	noun
verily	adverb
verisimilitude	noun
veritable	adjective
vermin	noun
versatile	adjective
versatility	noun
verse	noun,verb
version	noun
vertical	adjective
verve	noun
very	adjective,adverb
vessel	noun
vestigial	adjective
vestigially	adverb
vet	noun
veteran	noun
vibrate	verb
vibration	noun
vice	adjective
vicinity	noun
vicious	adjective
viciously	adverb
victim	noun
victorious	adjective
victoriously	adverb
victory	noun
video	noun
view	noun,verb
viewer	noun
viewpoint	noun
vigor	noun
vigorous	adjective
vigorously	adverb
villa	noun
village	noun
villager	noun
vindicate	verb
vindication	noun
vinegar	noun
violate	verb
violence	noun
violent	adjective
violently	adverb
violet	adjective
violin	noun
virginal	adjective
virtual	adjective
virtually	adverb
virtue	noun
virtuosity	noun
virtuoso	noun
virus	noun
visa	noun
visible	adjective
visibly	adverb
vision	noun
visit	noun,verb
visitor	noun
visual	adjective
visually	adverb
vital	adjective
vitality	noun
vitamin	noun
vivid	adjective
vividly	adverb
vocabulary	noun
vocalist	noun
vocational	adjective
voice	noun,verb
volcano	noun
volleyball	noun
volume	noun
voluntarily	adverb
voluntary	adjective
volunteer	noun,verb
vomit	noun
voracious	adjective
voraciously	adverb
voracity	noun
vortex	noun
vote	noun,verb
voter	noun
vow	noun
vowel	noun
voyage	noun
wage	noun
wagon	noun
waist	noun
waistcoat	noun
wait	noun,verb
waiter	noun
waitress	noun
wake	noun,verb
walk	noun,verb
walkabout	noun
walker	noun
walking	noun
wall	noun
wallboard	noun
wallet	noun
wallow	verb
walnut	noun
wander	verb
wane	verb
want	noun,verb
war	noun
ward	noun
wardrobe	noun
wares	noun
warm	adjective,verb
warmly	adverb
warmth	noun
warn	verb
warning	noun
warranty	noun
warrior	noun
warship	noun
wartime	noun
wary	adjective
wash	noun,verb
washbowl	noun
washtub	noun
wasp	noun
waste	adjective,noun,verb
wasteful	adjective
watch	noun,verb
water	noun,verb
waterfall	noun
waterfront	noun
waterproof	adjective
wave	noun,verb
wax	noun,verb
way	noun
wayside	noun
wayward	adjective
weak	adjective
weaken	verb
weakly	adverb
weakness	noun
wealth	noun
wealthy	adjective
weapon	noun
wear	verb
wearisome	adjective
weary	adjective
weather	noun
weave	noun
web	noun
webcam	noun
website	noun
wed	verb
wedding	noun
wednesday	noun
weed	noun
week	noun
weekday	noun
weekend	noun
weekly	adjective,adverb
weep	noun
weigh	verb
weight	noun
weird	adjective
welcome	adjective,noun,other,verb
welfare	noun
well	adjective,adverb
west	adjective,adverb,noun
western	adjective
westward	adverb
wet	adjective
wetland	noun
whale	noun
wheat	noun
wheel	noun
wheelchair	noun
wheeze	verb
when	adverb,other
whenever	adverb,other
where	adverb,other
while	noun,other
whip	verb
whir	verb
whirlwind	noun
whiskey	noun
whisper	noun,verb
whistle	noun,verb
white	adjective,noun
whole	adjective,noun
wholly	adverb
why	adverb
wicked	adjective
wickedly	adverb
wide	adjective,adverb
widely	adverb
widen	verb
widespread	adjective
widow	noun
width	noun
wife	noun
wild	adjective
wilderness	noun
wildlife	noun
wildly	adverb
will	noun,other
willing	adjective
willingly	adverb
willingness	noun
win	noun,verb
wind	noun,verb
winding	adjective
window	noun
windscreen	noun
windshield	noun
windsurfing	noun
windy	adjective
wine	noun
wing	noun
wink	noun
winner	noun
winter	noun
wipe	verb
wire	noun,verb
wisdom	noun
wise	adjective
wish	noun,verb
wistful	adjective
wistfully	adverb
wit	noun
withdraw	verb
withdrawal	noun
withdrawn	adjective
wither	verb
witness	noun,verb
witty	adjective
wizard	adjective
wizened	adjective
wolf	noun
woman	noun
wonder	noun,verb
wonderful	adjective
wondrous	adjective
woo	verb
wood	noun
woodcarving	noun
wooded	adjective
wooden	adjective
wool	noun
word	noun
wordage	noun
wordlessly	adverb
wordsmith	noun
work	noun,verb
workaholic	adjective
workbench	noun
worker	noun
working	adjective
workman	noun
workout	noun
workplace	noun
workshop	noun
worktable	noun
world	noun
worldly	adjective
worldview	noun
worldwide	adjective,adverb
worm	noun
worn	adjective
wornout	adjective
worried	adjective
worry	noun,verb
worrying	adjective
worse	adjective,adverb,noun
worsen	verb
worship	noun
worst	adjective,adverb,noun
worth	adjective
worthless	adjective
worthwhile	adjective
worthy	adjective
wound	noun,verb
wrack	verb
wrangle	verb
wrap	noun,verb
wrapping	noun
wreck	noun
wrench	verb
wrist	noun
wristwatch	noun
write	verb
writer	noun
writing	noun
written	adjective
wrong	adjective,adverb
wrongly	adverb
wry	adjective
wryly	adverb
yacht	noun
yard	noun
yawn	noun,verb
yeah	adverb
year	noun
yearn	verb
yell	noun,verb
yellow	adjective,noun
yes	adverb
yesterday	adverb
yet	adverb,other
yield	verb
yoga	noun
yogurt	noun
young	adjective
youth	noun
youthful	adjective
yummy	adjective
zany	adjective
zebra	noun
zip	noun
zone	noun
zoo	noun
zoologist	noun
zoology	noun
zoom	noun
