Abend	A1
Adresse	A1
alt	A1
Alter	A1
Ampel	A1
Ananas	A1
Anruf	A1
Antwort	A1
antworten	A1
Apfel	A1
Arbeit	A1
arbeiten	A1
arm	A1
Arzt	A1
Aufgabe	A1
Aufzug	A1
Auge	A1
August	A1
Ausweis	A1
Auto	A1
Bäcker	A1
Bad	A1
baden	A1
Bahn	A1
Bahnhof	A1
bald	A1
Balkon	A1
Ball	A1
Banane	A1
Bank	A1
Batterie	A1
Baum	A1
beginnen	A1
beide	A1
Bein	A1
bekommen	A1
Beruf	A1
bestellen	A1
besuchen	A1
Bett	A1
bezahlen	A1
Bier	A1
Bild	A1
bilden	A1
billig	A1
Birne	A1
bitten	A1
blau	A1
bleiben	A1
Bleistift	A1
blühen	A1
Blume	A1
Bogen	A1
Boot	A1
brauchen	A1
braun	A1
breit	A1
Brief	A1
Briefkasten	A1
Brille	A1
bringen	A1
Brot	A1
Brötchen	A1
Bruder	A1
Buch	A1
buchstabieren	A1
bunt	A1
Bus	A1
Butter	A1
Café	A1
CD	A1
Chef	A1
Cola	A1
Computer	A1
Creme	A1
Dach	A1
Dank	A1
danken	A1
Datum	A1
dauern	A1
denken	A1
Deutsch	A1
Dienstag	A1
Doktor	A1
Donnerstag	A1
Dorf	A1
draußen	A1
drinnen	A1
drucken	A1
Drucker	A1
dunkel	A1
Durst	A1
Dusche	A1
duschen	A1
E-Mail	A1
Ecke	A1
Ei	A1
einfach	A1
Einkauf	A1
einkaufen	A1
einladen	A1
Eis	A1
Eltern	A1
Ende	A1
Entschuldigung	A1
Erdgeschoss	A1
erklären	A1
Erwachsene	A1
erzählen	A1
Essen	A1
fahren	A1
Fahrer	A1
Fahrkarte	A1
Fahrrad	A1
falsch	A1
Familie	A1
Farbe	A1
Fehler	A1
Fenster	A1
Ferien	A1
fern	A1
Fernsehen	A1
Fernseher	A1
fertig	A1
Feuer	A1
Fieber	A1
Film	A1
finden	A1
Firma	A1
Fisch	A1
Flasche	A1
Fleisch	A1
fliegen	A1
Flughafen	A1
Flugzeug	A1
Foto	A1
Frage	A1
fragen	A1
Frau	A1
frei	A1
Freitag	A1
Freund	A1
Freundin	A1
frisch	A1
froh	A1
früh	A1
Frühling	A1
Frühstück	A1
frühstücken	A1
fühlen	A1
Fuß	A1
Fußball	A1
füttern	A1
Gabel	A1
ganz	A1
Garten	A1
Gast	A1
geben	A1
Geburtstag	A1
gehen	A1
gehören	A1
gelb	A1
Geld	A1
Gemüse	A1
gern	A1
Geschäft	A1
Geschenk	A1
Geschirr	A1
Geschwister	A1
Gespräch	A1
gestern	A1
gesund	A1
Getränk	A1
Gitarre	A1
Glas	A1
glauben	A1
gleich	A1
Glück	A1
glücklich	A1
gratis	A1
grillen	A1
Grippe	A1
groß	A1
Größe	A1
grün	A1
Gruppe	A1
gut	A1
haben	A1
Halle	A1
Hallo	A1
Hals	A1
Hand	A1
Handy	A1
Haus	A1
Hausaufgabe	A1
heben	A1
Heft	A1
heiß	A1
heißen	A1
helfen	A1
hell	A1
Hemd	A1
Herbst	A1
Herd	A1
Herr	A1
heute	A1
hier	A1
Hilfe	A1
hinten	A1
Hobby	A1
hoch	A1
holen	A1
hören	A1
Hose	A1
Hotel	A1
Hund	A1
Hunger	A1
Husten	A1
Idee	A1
immer	A1
Information	A1
Internet	A1
Jacke	A1
Jahr	A1
Januar	A1
jetzt	A1
Job	A1
joggen	A1
Jugendliche	A1
jung	A1
Junge	A1
Kaffee	A1
Kalender	A1
kalt	A1
kaputt	A1
Karotte	A1
Karte	A1
Kartoffel	A1
Käse	A1
Kasse	A1
Katze	A1
kaufen	A1
Keks	A1
kennen	A1
Kette	A1
Kind	A1
Kino	A1
Kirsche	A1
Klasse	A1
Klavier	A1
Kleid	A1
Kleidung	A1
klein	A1
klicken	A1
kochen	A1
Koffer	A1
Kollege	A1
Kollegin	A1
kommen	A1
Kopfschmerzen	A1
kopieren	A1
korrigieren	A1
kosten	A1
kostenlos	A1
krank	A1
kreuzen	A1
Küche	A1
Kuchen	A1
Kugelschreiber	A1
Kühlschrank	A1
Kurs	A1
kurz	A1
lächeln	A1
lachen	A1
Lampe	A1
Land	A1
lang	A1
langsam	A1
laufen	A1
laut	A1
leben	A1
lecker	A1
Lehrer	A1
Lehrerin	A1
leicht	A1
leise	A1
lernen	A1
lesen	A1
Leute	A1
Licht	A1
lieb	A1
lieben	A1
Lied	A1
liegen	A1
Limonade	A1
links	A1
Liste	A1
Löffel	A1
machen	A1
Mädchen	A1
Mail	A1
malen	A1
manchmal	A1
Mann	A1
Mantel	A1
markieren	A1
Markt	A1
Medikament	A1
Meer	A1
Milch	A1
Mineralwasser	A1
Minute	A1
Mittag	A1
Mittagessen	A1
Mittwoch	A1
mixen	A1
Möbel	A1
mögen	A1
Moment	A1
Monat	A1
Montag	A1
Morgen	A1
müde	A1
Musik	A1
Mutter	A1
Mütze	A1
Nachbar	A1
Nachbarin	A1
Nachmittag	A1
Nacht	A1
nah	A1
Name	A1
Nase	A1
Natur	A1
nehmen	A1
nett	A1
neu	A1
nie	A1
niedrig	A1
niemals	A1
notieren	A1
Nudel	A1
Nummer	A1
oben	A1
Obst	A1
öffnen	A1
oft	A1
Ohr	A1
Öl	A1
Oma	A1
Onkel	A1
Opa	A1
Orange	A1
ordnen	A1
Ort	A1
Papier	A1
Park	A1
Party	A1
Pass	A1
Pause	A1
Pizza	A1
Plan	A1
Platz	A1
Polizei	A1
Pommes	A1
Post	A1
Praktikum	A1
Preis	A1
prima	A1
probieren	A1
Problem	A1
Prüfung	A1
Pullover	A1
Radio	A1
raten	A1
rechnen	A1
Rechnung	A1
rechts	A1
Regal	A1
Regen	A1
Regenschirm	A1
Reis	A1
Reise	A1
Reisebüro	A1
reisen	A1
Restaurant	A1
Rezept	A1
richtig	A1
Rock	A1
Rose	A1
rot	A1
Rucksack	A1
ruhig	A1
Saft	A1
sagen	A1
Salat	A1
Salz	A1
Samstag	A1
Sänger	A1
Sängerin	A1
Satz	A1
sauber	A1
schicken	A1
Schinken	A1
schlafen	A1
schlecht	A1
Schlüssel	A1
schmecken	A1
schnell	A1
Schokolade	A1
schön	A1
Schrank	A1
schreiben	A1
Schuh	A1
Schule	A1
Schüler	A1
Schülerin	A1
schwarz	A1
schwer	A1
Schwester	A1
schwimmen	A1
See	A1
sehen	A1
Seife	A1
sein	A1
Sekunde	A1
Shirt	A1
singen	A1
sitzen	A1
Socke	A1
sofort	A1
Sohn	A1
Sommer	A1
Sonne	A1
Sonntag	A1
sortieren	A1
spät	A1
Spiegel	A1
Spiel	A1
spielen	A1
Spielplatz	A1
Sport	A1
Sprache	A1
sprechen	A1
Stadt	A1
Stadtplan	A1
starten	A1
Stau	A1
stehen	A1
Stift	A1
Straße	A1
Strumpf	A1
Student	A1
Studentin	A1
studieren	A1
Stuhl	A1
Stunde	A1
suchen	A1
super	A1
Supermarkt	A1
Suppe	A1
surfen	A1
süß	A1
T-Shirt	A1
Tafel	A1
Tag	A1
Tante	A1
Tanz	A1
tanzen	A1
Tasche	A1
Tasse	A1
Taxi	A1
Tee	A1
Telefon	A1
telefonieren	A1
Teller	A1
Teppich	A1
Termin	A1
Test	A1
teuer	A1
Text	A1
Ticket	A1
tippen	A1
Tisch	A1
Tochter	A1
Toilette	A1
Tomate	A1
Torte	A1
Traube	A1
treffen	A1
trinken	A1
tun	A1
Tür	A1
turnen	A1
üben	A1
Übung	A1
Uhr	A1
Universität	A1
unten	A1
Urlaub	A1
Vater	A1
verkaufen	A1
Verkäufer	A1
Verkäuferin	A1
verstehen	A1
Videospiel	A1
vielleicht	A1
Viertel	A1
Vogel	A1
Vormittag	A1
vorne	A1
warm	A1
warten	A1
waschen	A1
Wasser	A1
Weg	A1
Wein	A1
weiß	A1
Werbung	A1
Wetter	A1
wichtig	A1
wieder	A1
wiederholen	A1
Winter	A1
wirklich	A1
wissen	A1
Woche	A1
Wochenende	A1
wohnen	A1
Wohnung	A1
wollen	A1
Wort	A1
wünschen	A1
Wurst	A1
Zahl	A1
zahlen	A1
Zahnbürste	A1
zeigen	A1
Zeit	A1
Zeitung	A1
zelten	A1
Zimmer	A1
Zitrone	A1
Zoo	A1
Zucker	A1
zuerst	A1
Zug	A1
zuhören	A1
zuletzt	A1
zusammen	A1
abbiegen	A2
abends	A2
abfahren	A2
Abfahrt	A2
abgeben	A2
abholen	A2
abnehmen	A2
absagen	A2
abschließen	A2
abschneiden	A2
Absender	A2
abtrocknen	A2
abwaschen	A2
ähnlich	A2
Aktion	A2
aktiv	A2
Alarm	A2
Album	A2
Alkohol	A2
allein	A2
Alltag	A2
anbieten	A2
ändern	A2
anders	A2
Anfang	A2
anfangen	A2
anfassen	A2
Angebot	A2
angeln	A2
angenehm	A2
Angst	A2
anklicken	A2
ankommen	A2
ankreuzen	A2
Ankunft	A2
anlächeln	A2
Anleitung	A2
anmachen	A2
anmelden	A2
Anmeldung	A2
anprobieren	A2
Anrufbeantworter	A2
anrufen	A2
anschauen	A2
ansehen	A2
anstellen	A2
Antwortkarte	A2
Anzeige	A2
anziehen	A2
Anzug	A2
anzünden	A2
Apotheke	A2
Aprikose	A2
Aquarium	A2
arbeitslos	A2
Arbeitsplatz	A2
ärgerlich	A2
Artikel	A2
auffüllen	A2
aufgeregt	A2
aufhängen	A2
aufhören	A2
Aufkleber	A2
aufladen	A2
aufmachen	A2
aufmerksam	A2
Aufnahme	A2
aufpassen	A2
aufräumen	A2
aufschreiben	A2
aufstehen	A2
aufteilen	A2
aufwachen	A2
aufwärmen	A2
Augenblick	A2
Ausbildung	A2
ausdrucken	A2
Ausflug	A2
ausfüllen	A2
Ausgang	A2
ausgeben	A2
ausgezeichnet	A2
Auskunft	A2
Ausland	A2
ausmachen	A2
auspacken	A2
ausruhen	A2
Ausrüstung	A2
Aussage	A2
ausschlafen	A2
aussehen	A2
außen	A2
Aussicht	A2
aussteigen	A2
Ausstellung	A2
aussuchen	A2
Austausch	A2
austauschen	A2
ausverkauft	A2
Auswahl	A2
auswandern	A2
ausziehen	A2
Autobahn	A2
Automat	A2
automatisch	A2
Babysitter	A2
backen	A2
Bäckerei	A2
Backofen	A2
Badewanne	A2
barfuß	A2
Bargeld	A2
Bart	A2
Basketball	A2
Bauch	A2
bauen	A2
Baustelle	A2
beantworten	A2
bedeuten	A2
Bedeutung	A2
Bedienung	A2
beeilen	A2
beenden	A2
Beere	A2
Begleitung	A2
behindert	A2
Behinderung	A2
Beispiel	A2
beißen	A2
bekannt	A2
Bekannte	A2
beliebt	A2
bellen	A2
Benzin	A2
bequem	A2
beraten	A2
Berg	A2
bergig	A2
Bericht	A2
berühmt	A2
beschädigen	A2
beschäftigt	A2
Bescheinigung	A2
beschreiben	A2
besetzt	A2
besichtigen	A2
Besichtigung	A2
Besitz	A2
besonders	A2
besorgen	A2
Besteck	A2
bestehen	A2
bestrafen	A2
Besuch	A2
betreten	A2
Betrieb	A2
Bevölkerung	A2
bewegen	A2
Bewegung	A2
bewerben	A2
Bewerbung	A2
Bewohner	A2
bewölkt	A2
bewusstlos	A2
Bibliothek	A2
bieten	A2
Bildschirm	A2
bitter	A2
Blatt	A2
Blitz	A2
blond	A2
Blut	A2
bluten	A2
Boden	A2
Bonbon	A2
böse	A2
Braten	A2
brennen	A2
Brett	A2
Briefmarke	A2
Brücke	A2
Brust	A2
buchen	A2
Buchstabe	A2
bügeln	A2
Bühne	A2
Bürste	A2
Camping	A2
Chance	A2
chatten	A2
Chefin	A2
Chips	A2
Chor	A2
Comic	A2
Container	A2
Couch	A2
dabeihaben	A2
dankbar	A2
Decke	A2
dekorieren	A2
deutlich	A2
Diät	A2
dick	A2
Dieb	A2
Diebstahl	A2
Dienst	A2
diesig	A2
Ding	A2
Diplom	A2
direkt	A2
Direktor	A2
Disco	A2
diskutieren	A2
Donner	A2
donnerstags	A2
Doppelzimmer	A2
Dose	A2
downloaden	A2
Dozent	A2
dringend	A2
Drogerie	A2
drücken	A2
dünn	A2
durchlesen	A2
Durchsage	A2
durstig	A2
eckig	A2
egal	A2
Ehefrau	A2
Ehemann	A2
Ehepaar	A2
ehrlich	A2
eigentlich	A2
eilig	A2
Einbrecher	A2
einfallen	A2
einfarbig	A2
Eingang	A2
Einladung	A2
einpacken	A2
einschlafen	A2
einsteigen	A2
eintragen	A2
Eintritt	A2
Einwohner	A2
einzahlen	A2
Einzelzimmer	A2
einziehen	A2
Eisenbahn	A2
elegant	A2
elektrisch	A2
Elektrogerät	A2
Empfänger	A2
empfehlen	A2
eng	A2
Enkel	A2
Enkelin	A2
Entdeckung	A2
Ente	A2
entschuldigen	A2
enttäuscht	A2
entwerfen	A2
Erdbeere	A2
erfahren	A2
Erfahrung	A2
Ergebnis	A2
erinnern	A2
Erinnerung	A2
erkältet	A2
Erkältung	A2
erlauben	A2
erleben	A2
Erlebnisbad	A2
erledigen	A2
Ermäßigung	A2
ernst	A2
Ernte	A2
ernten	A2
erobern	A2
erreichen	A2
erschöpft	A2
erst	A2
Erwachsener	A2
Essig	A2
Etage	A2
extra	A2
Fabrik	A2
Fahrgast	A2
Fahrplan	A2
Fahrschein	A2
Fahrt	A2
Fan	A2
fangen	A2
fantastisch	A2
Fasching	A2
fehlen	A2
Feier	A2
feiern	A2
Feiertag	A2
Feld	A2
Ferienwohnung	A2
Fernbedienung	A2
Fest	A2
festmachen	A2
fett	A2
feucht	A2
Feuerwehr	A2
Feuerwerk	A2
fit	A2
Fitnessstudio	A2
flach	A2
Fläche	A2
Fleck	A2
fleißig	A2
fließen	A2
Flohmarkt	A2
Flug	A2
Flur	A2
Fluss	A2
folgen	A2
Formular	A2
Fortsetzung	A2
fotografieren	A2
frech	A2
freiwillig	A2
fremd	A2
freundlich	A2
frieren	A2
Friseur	A2
Frisur	A2
fröhlich	A2
Frost	A2
Frucht	A2
führen	A2
Führung	A2
Fundbüro	A2
funktionieren	A2
furchtbar	A2
fürchten	A2
gähnen	A2
Gans	A2
Garage	A2
Garderobe	A2
Gebäude	A2
Gebirge	A2
gebraucht	A2
Gebühr	A2
Geburtsdatum	A2
Geburtsort	A2
Gedanke	A2
Gedicht	A2
Gefahr	A2
gefährlich	A2
gefallen	A2
Gefühl	A2
Gegenteil	A2
Gehalt	A2
geheim	A2
Geheimzahl	A2
Geldbörse	A2
Gemälde	A2
gemeinsam	A2
gemütlich	A2
genau	A2
genug	A2
geöffnet	A2
Gepäck	A2
gepunktet	A2
gerade	A2
geradeaus	A2
Geräusch	A2
Gericht	A2
gesamt	A2
Geschichte	A2
geschlossen	A2
Gesellschaft	A2
Gesicht	A2
gestalten	A2
gestreift	A2
gestresst	A2
Gesundheit	A2
Gewicht	A2
Gewinn	A2
gewinnen	A2
Gewinner	A2
Gewitter	A2
Gitarrist	A2
glatt	A2
Glatteis	A2
Gleis	A2
golden	A2
googeln	A2
gratulieren	A2
grau	A2
Grenze	A2
Grill	A2
Grund	A2
Gruß	A2
gucken	A2
günstig	A2
Gürtel	A2
Gymnasium	A2
Haar	A2
Hafen	A2
Halbpension	A2
Hälfte	A2
haltbar	A2
halten	A2
Haltestelle	A2
Hammer	A2
Handschuh	A2
Handtuch	A2
Handwerker	A2
hängen	A2
hart	A2
hassen	A2
hässlich	A2
häufig	A2
Hauptspeise	A2
Hausmeister	A2
Haustier	A2
Haut	A2
Heimat	A2
Heirat	A2
heiraten	A2
Heizung	A2
herunterladen	A2
Herz	A2
herzlich	A2
Himmel	A2
hinfallen	A2
hinlegen	A2
hinsetzen	A2
Hit	A2
Hitze	A2
höchstens	A2
Hochzeit	A2
hoffen	A2
Höhe	A2
Honig	A2
hübsch	A2
Hügel	A2
Huhn	A2
hungrig	A2
hupen	A2
Imbiss	A2
Impfung	A2
inbegriffen	A2
informieren	A2
innen	A2
Insel	A2
Inserat	A2
interessant	A2
Interesse	A2
interessieren	A2
international	A2
Jahreszeit	A2
Jahrhundert	A2
Joghurt	A2
Journalist	A2
Jubiläum	A2
Jugend	A2
Kabel	A2
Kamera	A2
Kamm	A2
Kanal	A2
Kandidat	A2
Kaninchen	A2
Kanton	A2
Kapitän	A2
Kariertes	A2
Karriere	A2
Kartenspiel	A2
Kaugummi	A2
Kaution	A2
Keller	A2
Kellner	A2
Kellnerin	A2
Kenntnisse	A2
Kilogramm	A2
Kilometer	A2
Kindergarten	A2
Kinderwagen	A2
Kiosk	A2
Kirche	A2
Kissen	A2
Kiste	A2
klappen	A2
klar	A2
kleben	A2
klettern	A2
Klima	A2
Klingel	A2
klingeln	A2
klingen	A2
Klopapier	A2
Kloß	A2
klug	A2
Kneipe	A2
Knie	A2
Knochen	A2
Knopf	A2
Koch	A2
Köchin	A2
Kofferraum	A2
Kohle	A2
komisch	A2
Komödie	A2
kompliziert	A2
Konditorei	A2
Kongress	A2
Kontinent	A2
Konto	A2
Konzert	A2
Kopf	A2
Kopie	A2
Korb	A2
Körper	A2
Kosmetik	A2
kostbar	A2
Kostüm	A2
kräftig	A2
Krankenhaus	A2
Krankenkasse	A2
Krankenpfleger	A2
Krankenschwester	A2
Krankenwagen	A2
Krankheit	A2
kratzen	A2
Kraut	A2
Krawatte	A2
Kredit	A2
Kreditkarte	A2
Kreis	A2
Kreuzung	A2
Krimi	A2
Kuh	A2
kühl	A2
Kultur	A2
kümmern	A2
Kunde	A2
kündigen	A2
Kundin	A2
Kunst	A2
Künstler	A2
kürzen	A2
Kuss	A2
küssen	A2
Küste	A2
Laden	A2
Lager	A2
lagern	A2
landen	A2
Landschaft	A2
langweilig	A2
Laptop	A2
Lärm	A2
lassen	A2
Lastwagen	A2
lauten	A2
Lautsprecher	A2
Lebenslauf	A2
Lebensmittel	A2
Leder	A2
ledig	A2
leer	A2
leeren	A2
legen	A2
Lehre	A2
leihen	A2
Leistung	A2
Leiter	A2
Lernende	A2
Leser	A2
leuchten	A2
liken	A2
lila	A2
Lippe	A2
Loch	A2
locker	A2
Lohn	A2
Lokal	A2
losfahren	A2
loslassen	A2
Lösung	A2
Lotto	A2
Löwe	A2
Lücke	A2
Luft	A2
lügen	A2
Lust	A2
lustig	A2
Magen	A2
mager	A2
mahlen	A2
Mahlzeit	A2
Mais	A2
Maler	A2
männlich	A2
Mannschaft	A2
Mappe	A2
Marke	A2
Marmelade	A2
Maschine	A2
Matratze	A2
Mauer	A2
Maus	A2
Mechaniker	A2
Medaille	A2
Mehl	A2
mehrmals	A2
meinen	A2
Meinung	A2
Meister	A2
Melone	A2
Menge	A2
Mensch	A2
merken	A2
Messer	A2
Metall	A2
Meter	A2
Metzgerei	A2
mies	A2
Miete	A2
mieten	A2
Mikrowelle	A2
mild	A2
mindestens	A2
mischen	A2
Mischung	A2
Mist	A2
Mitarbeiter	A2
Mitbewohner	A2
mitbringen	A2
mitfahren	A2
Mitglied	A2
mitkommen	A2
mitmachen	A2
mitnehmen	A2
mitspielen	A2
mittags	A2
Mittagspause	A2
Mitte	A2
Mitteilung	A2
Mittel	A2
Mitternacht	A2
Möbelstück	A2
Modell	A2
Moderator	A2
modern	A2
möglich	A2
Möglichkeit	A2
monatlich	A2
Mond	A2
montags	A2
morgens	A2
Motor	A2
Motorrad	A2
Mund	A2
Münze	A2
Museum	A2
Muskel	A2
Muttersprache	A2
Nachbarschaft	A2
nachdenken	A2
nachfragen	A2
Nachhilfe	A2
Nachricht	A2
Nachrichten	A2
nachsehen	A2
Nachspeise	A2
Nachtisch	A2
nachts	A2
nackt	A2
Nadel	A2
Nagel	A2
Nähe	A2
nähen	A2
Nashorn	A2
nass	A2
Nationalität	A2
Naturschutz	A2
Nebel	A2
neblig	A2
Neffe	A2
nervös	A2
neugierig	A2
neulich	A2
Nichte	A2
Nichtraucher	A2
Niederlage	A2
niesen	A2
nirgendwo	A2
Norden	A2
normal	A2
Notarzt	A2
Note	A2
Notfall	A2
nötig	A2
Notizbuch	A2
notwendig	A2
Nudelsuppe	A2
Obdachlose	A2
Ober	A2
Oberteil	A2
Obstsalat	A2
offen	A2
öffentlich	A2
Öffnungszeiten	A2
ökologisch	A2
Olympiade	A2
Omelett	A2
Onlineshop	A2
Oper	A2
operieren	A2
optimal	A2
Orchester	A2
Ordner	A2
Ordnung	A2
Organisation	A2
Osten	A2
Ostern	A2
Paar	A2
Päckchen	A2
packen	A2
Paket	A2
Panne	A2
Papiere	A2
Pärchen	A2
Parfüm	A2
parken	A2
Parkhaus	A2
Parkplatz	A2
passen	A2
passieren	A2
Passwort	A2
Patient	A2
Pech	A2
Pension	A2
perfekt	A2
Person	A2
persönlich	A2
Pfand	A2
Pfanne	A2
Pfeffer	A2
pfeifen	A2
Pferd	A2
Pflanze	A2
pflanzen	A2
Pflaster	A2
pflücken	A2
Pfund	A2
Picknick	A2
Pilz	A2
Pinsel	A2
Plakat	A2
planen	A2
Plastik	A2
plötzlich	A2
Politiker	A2
Portemonnaie	A2
Portion	A2
posten	A2
Poster	A2
Postkarte	A2
Postleitzahl	A2
Praktikant	A2
praktisch	A2
Praxis	A2
Preisliste	A2
Presse	A2
pressen	A2
Prinz	A2
Prinzessin	A2
privat	A2
Programm	A2
Projekt	A2
Prospekt	A2
Publikum	A2
Punkt	A2
pünktlich	A2
Puppe	A2
Pute	A2
putzen	A2
Qualität	A2
Quatsch	A2
Quittung	A2
Rabatt	A2
Rad	A2
Rasen	A2
Rasierer	A2
Rathaus	A2
Rätsel	A2
rauchen	A2
Raucher	A2
Raum	A2
recyceln	A2
Regel	A2
Regenjacke	A2
Regisseur	A2
regnen	A2
regnerisch	A2
reiben	A2
reich	A2
reichen	A2
reif	A2
Reifen	A2
Reihe	A2
reinigen	A2
Reinigung	A2
Reiseführer	A2
Reisepass	A2
Reiseziel	A2
reiten	A2
Reiter	A2
rennen	A2
Reparatur	A2
reparieren	A2
reservieren	A2
Rezeption	A2
Richtung	A2
riechen	A2
Rindfleisch	A2
Ring	A2
roh	A2
rollen	A2
Roman	A2
Röntgenbild	A2
rosa	A2
rösten	A2
Rücken	A2
rückwärts	A2
rudern	A2
rufen	A2
Ruhe	A2
rühren	A2
rund	A2
Rundgang	A2
Rutsche	A2
rutschig	A2
Sache	A2
Sahne	A2
Saison	A2
Salbe	A2
salzig	A2
Sammlung	A2
Sand	A2
satt	A2
sauer	A2
Sauna	A2
Schachtel	A2
Schaden	A2
Schaf	A2
schaffen	A2
Schal	A2
schälen	A2
Schalter	A2
scharf	A2
schattig	A2
Schatz	A2
schauen	A2
Schauspieler	A2
schenken	A2
Schere	A2
schick	A2
schieben	A2
schießen	A2
Schiff	A2
Schild	A2
Schirm	A2
Schlafsack	A2
Schlafzimmer	A2
Schlagzeug	A2
Schlange	A2
schlank	A2
schließen	A2
schlimm	A2
Schlitten	A2
Schloss	A2
Schluck	A2
Schlüsselbund	A2
schmal	A2
Schmerz	A2
schminken	A2
Schmuck	A2
schmücken	A2
schmutzig	A2
Schnee	A2
schneiden	A2
schneien	A2
Schnitzel	A2
Schnupfen	A2
Schornstein	A2
Schraube	A2
schrauben	A2
schrecklich	A2
Schreibtisch	A2
schreien	A2
schriftlich	A2
Schublade	A2
Schulabschluss	A2
Schulhof	A2
Schulter	A2
Schüssel	A2
schütteln	A2
schwach	A2
schwanger	A2
Schwein	A2
Schweinefleisch	A2
schwierig	A2
Schwierigkeit	A2
Schwimmbad	A2
schwindlig	A2
Seemann	A2
Segel	A2
segeln	A2
Sehtest	A2
Seite	A2
Sekt	A2
selbstverständlich	A2
selten	A2
Semester	A2
Seminar	A2
senden	A2
Sender	A2
Sendung	A2
Serie	A2
servieren	A2
Sessel	A2
setzen	A2
Show	A2
sicher	A2
Sicherheit	A2
Sieg	A2
Sieger	A2
silbern	A2
sinken	A2
Sitz	A2
Sitzplatz	A2
Ski	A2
Snack	A2
Sofa	A2
Sonderangebot	A2
Sonnenbrille	A2
Sonnencreme	A2
Sonnenschein	A2
sonnig	A2
Sorge	A2
Souvenir	A2
Spalte	A2
Sparbuch	A2
sparen	A2
spazieren	A2
Speise	A2
Speisekarte	A2
spenden	A2
Spezialität	A2
Spielzeug	A2
Spinne	A2
spitz	A2
Sportler	A2
sportlich	A2
Sportplatz	A2
Sprachschule	A2
Sprechstunde	A2
springen	A2
Spritze	A2
spülen	A2
Spülmaschine	A2
Staat	A2
stachelig	A2
Stadion	A2
Stadtführung	A2
Stadtmitte	A2
Stadtteil	A2
Stammtisch	A2
stapeln	A2
Star	A2
stark	A2
stattfinden	A2
staubig	A2
Staubsauger	A2
Steak	A2
stechen	A2
Steckdose	A2
stecken	A2
Stecker	A2
stehlen	A2
steigen	A2
steil	A2
Stein	A2
Stelle	A2
stellen	A2
sterben	A2
Stern	A2
Stiefel	A2
still	A2
Stimme	A2
stimmen	A2
stinkig	A2
Stipendium	A2
Stirn	A2
Stock	A2
Stockwerk	A2
Stoff	A2
stolpern	A2
stolz	A2
stören	A2
Strafzettel	A2
Strand	A2
Strandkorb	A2
Strecke	A2
streicheln	A2
Streifen	A2
Streit	A2
Strom	A2
Strumpfhose	A2
Stück	A2
Studentenwohnheim	A2
Studiengang	A2
Studium	A2
Sturm	A2
stürmisch	A2
stürzen	A2
Süden	A2
sympathisch	A2
Tabelle	A2
Tablette	A2
Tagebuch	A2
täglich	A2
Tal	A2
tanken	A2
Tankstelle	A2
Tanne	A2
Tarif	A2
Taschengeld	A2
Taschentuch	A2
Tastatur	A2
Taste	A2
Tat	A2
Täter	A2
Tatort	A2
Taube	A2
tauchen	A2
Taucher	A2
tauschen	A2
Team	A2
Teig	A2
Teil	A2
teilen	A2
Teilnahme	A2
Teilzeit	A2
Teppichboden	A2
Terrasse	A2
testen	A2
Theaterstück	A2
Thema	A2
Thermometer	A2
tief	A2
Tiefgarage	A2
Tier	A2
Tierarzt	A2
Tierpark	A2
Tinte	A2
Tipp	A2
Tischtennis	A2
Toastbrot	A2
toll	A2
Ton	A2
Topf	A2
Tor	A2
tot	A2
Tourist	A2
Touristeninformation	A2
tragen	A2
Trainer	A2
trainieren	A2
Training	A2
Trainingsanzug	A2
transportieren	A2
Traum	A2
Traumberuf	A2
träumen	A2
traurig	A2
trennen	A2
Treppe	A2
Trinkgeld	A2
trocken	A2
trocknen	A2
Trommel	A2
Tropfen	A2
tropisch	A2
Tuch	A2
Turm	A2
Turnschuh	A2
Tüte	A2
typisch	A2
überall	A2
überholen	A2
überlegen	A2
übermorgen	A2
übernachten	A2
überqueren	A2
überraschen	A2
übertragen	A2
Ufer	A2
umarmen	A2
umdrehen	A2
umfallen	A2
Umgebung	A2
Umkleidekabine	A2
Umleitung	A2
umrühren	A2
Umschlag	A2
umsteigen	A2
Umwelt	A2
umziehen	A2
Umzug	A2
unbedingt	A2
Unfall	A2
unfreundlich	A2
ungefähr	A2
ungesund	A2
unglücklich	A2
unhöflich	A2
unmöglich	A2
unordentlich	A2
unpünktlich	A2
unsicher	A2
Unterhaltung	A2
Unterhemd	A2
Unterhose	A2
Unterkunft	A2
Unterlage	A2
Untermieter	A2
Unterricht	A2
Unterschied	A2
unterschreiben	A2
Unterschrift	A2
untersuchen	A2
Untersuchung	A2
Untertitel	A2
Unterwäsche	A2
unterwegs	A2
unzufrieden	A2
Vase	A2
Ventilator	A2
Verabredung	A2
Veranstaltung	A2
Verband	A2
verbieten	A2
Verbindung	A2
verboten	A2
verbrennen	A2
verdienen	A2
Verein	A2
Vereinbarung	A2
Vergangenheit	A2
vergessen	A2
Vergleich	A2
vergleichen	A2
Verhältnis	A2
verheiratet	A2
Verkäufe	A2
Verkehr	A2
Verlag	A2
verlaufen	A2
verlegen	A2
verleihen	A2
verletzen	A2
Verletzung	A2
verliebt	A2
verlieren	A2
vermieten	A2
Vermieter	A2
vermischen	A2
Vermittlung	A2
verpacken	A2
verpassen	A2
verreisen	A2
verschenken	A2
verschieben	A2
verschieden	A2
verschlafen	A2
verschütten	A2
Versicherung	A2
Verspätung	A2
versprechen	A2
verstecken	A2
Vertrag	A2
Verwandte	A2
verwöhnen	A2
Videokamera	A2
Viertelstunde	A2
Villa	A2
Visum	A2
Vitamin	A2
voll	A2
Volleyball	A2
Vollkornbrot	A2
Vollzeit	A2
vorbeigehen	A2
vorbereiten	A2
vorgestern	A2
vorhaben	A2
Vorhang	A2
vorlesen	A2
Vorname	A2
Vorschlag	A2
vorschlagen	A2
Vorsicht	A2
Vorspeise	A2
vorstellen	A2
Vorstellung	A2
Vorwahl	A2
vorwärts	A2
wach	A2
wachsen	A2
Wagen	A2
Wald	A2
Wand	A2
wandern	A2
Wanderung	A2
Wanderweg	A2
Ware	A2
wärmen	A2
Waschbecken	A2
Wäsche	A2
Waschmaschine	A2
Waschmittel	A2
Wechselgeld	A2
wechseln	A2
wecken	A2
Wecker	A2
wegfahren	A2
wegwerfen	A2
wehtun	A2
weiblich	A2
weich	A2
Weihnachten	A2
weinen	A2
weit	A2
weiterfahren	A2
weitergehen	A2
Weltreise	A2
wenig	A2
werden	A2
werfen	A2
Werkstatt	A2
Werkzeug	A2
Westen	A2
Wettervorhersage	A2
wickeln	A2
Wiedersehen	A2
wiegen	A2
Wiese	A2
Wind	A2
windig	A2
winken	A2
Wirtschaft	A2
wischen	A2
wöchentlich	A2
Wolke	A2
wolkig	A2
Wolle	A2
Workshop	A2
Wörterbuch	A2
Wunde	A2
wunderbar	A2
wunderschön	A2
Wunsch	A2
Würfel	A2
würzen	A2
Zahn	A2
Zahnarzt	A2
Zange	A2
zart	A2
Zaun	A2
Zebrastreifen	A2
Zehe	A2
Zeichen	A2
zeichnen	A2
Zeichnung	A2
Zeitschrift	A2
Zelt	A2
zentral	A2
Zentrum	A2
zerbrechen	A2
zerreißen	A2
Zettel	A2
Zeuge	A2
Zeugnis	A2
Ziege	A2
Ziel	A2
Zigarette	A2
Zoll	A2
Zopf	A2
zubereiten	A2
zufrieden	A2
Zuhause	A2
Zukunft	A2
zumachen	A2
zunehmen	A2
Zunge	A2
zurückgeben	A2
zurückkommen	A2
zurückrufen	A2
zusagen	A2
zusätzlich	A2
zuschauen	A2
Zuschauer	A2
zusehen	A2
Zutat	A2
Zweck	A2
zweifeln	A2
zweisprachig	A2
Zwiebel	A2
Zwilling	A2
abbrechen	B1
abbuchen	B1
abdecken	B1
Abenteurer	B1
Aberglaube	B1
Abfall	B1
Abgas	B1
abgewöhnen	B1
abhängen	B1
abhängig	B1
Abitur	B1
abkühlen	B1
Ablauf	B1
ablaufen	B1
ablehnen	B1
ablenken	B1
abmelden	B1
abonnieren	B1
abraten	B1
abreisen	B1
abreißen	B1
abrunden	B1
Abschied	B1
Abschluss	B1
Abschnitt	B1
absenden	B1
absetzen	B1
absichern	B1
Absicht	B1
abspecken	B1
absperren	B1
Absperrung	B1
abstellen	B1
Abstellraum	B1
Abstieg	B1
abstimmen	B1
Abstimmung	B1
abstürzen	B1
Abteilung	B1
abtreiben	B1
abwarten	B1
Abwasser	B1
abwechseln	B1
abwechslungsreich	B1
abwenden	B1
abwerben	B1
abwesend	B1
Abwesenheit	B1
abzahlen	B1
abziehen	B1
achten	B1
Achtung	B1
Ackerbau	B1
Adler	B1
Affe	B1
Agentur	B1
Aggression	B1
Ahnung	B1
Akku	B1
Akte	B1
Aktie	B1
Aktivität	B1
Allergie	B1
allgemein	B1
allmählich	B1
Alptraum	B1
Altenheim	B1
alternativ	B1
Altersvorsorge	B1
Altpapier	B1
Ameise	B1
Amt	B1
Analyse	B1
Anbau	B1
anbauen	B1
anbraten	B1
anbrennen	B1
andauern	B1
Andenken	B1
anerkennen	B1
anfahren	B1
Anfänger	B1
anfordern	B1
Anforderung	B1
Anfrage	B1
anfühlen	B1
angeben	B1
angeblich	B1
angebracht	B1
Angeklagte	B1
angesagt	B1
angespannt	B1
Angestellte	B1
angewöhnen	B1
angreifen	B1
Angreifer	B1
anhalten	B1
Anhang	B1
anheben	B1
anklagen	B1
ankündigen	B1
Ankündigung	B1
Anlage	B1
Anlass	B1
anlegen	B1
Anleihe	B1
anmerken	B1
annähern	B1
Annahme	B1
annehmen	B1
anordnen	B1
Anordnung	B1
anpassen	B1
Anrede	B1
Anregung	B1
anrichten	B1
Ansage	B1
ansässig	B1
anschaffen	B1
anschließen	B1
Anschluss	B1
anschnallen	B1
Ansicht	B1
anspannen	B1
ansprechen	B1
Anspruch	B1
anspruchsvoll	B1
anstecken	B1
ansteigen	B1
anstoßen	B1
anstrengen	B1
anstrengend	B1
Ansturm	B1
Anteil	B1
Antrag	B1
antreten	B1
Anwalt	B1
Anwältin	B1
Anweisung	B1
anwenden	B1
anwesend	B1
Anwesenheit	B1
Anzahl	B1
Anzahlung	B1
Anzeichen	B1
anzeigen	B1
Appetit	B1
Arbeitgeber	B1
Arbeitnehmer	B1
Arbeitsamt	B1
Arbeitserlaubnis	B1
Arbeitskraft	B1
Arbeitslosigkeit	B1
Arbeitsmarkt	B1
Arbeitsvertrag	B1
Arbeitszeit	B1
Architektur	B1
Archiv	B1
Ärger	B1
Armut	B1
Art	B1
Assistent	B1
Asyl	B1
Atem	B1
atemberaubend	B1
Atmosphäre	B1
Attentat	B1
attraktiv	B1
ätzend	B1
aufatmen	B1
aufbauen	B1
aufbewahren	B1
aufblasen	B1
aufbrechen	B1
aufdrehen	B1
aufdringlich	B1
Aufenthalt	B1
auffallen	B1
auffangen	B1
auffordern	B1
auffrischen	B1
aufführen	B1
Aufführung	B1
aufgeben	B1
aufgeschlossen	B1
aufheben	B1
aufholen	B1
aufklappen	B1
aufklären	B1
aufkommen	B1
auflegen	B1
auflisten	B1
auflösen	B1
Auflösung	B1
Aufmerksamkeit	B1
aufmuntern	B1
aufnehmen	B1
aufregen	B1
aufregend	B1
Aufregung	B1
Aufruf	B1
aufrufen	B1
aufsagen	B1
Aufsatz	B1
aufsetzen	B1
aufspringen	B1
aufsteigen	B1
Aufstieg	B1
auftanken	B1
auftauchen	B1
auftauen	B1
Auftrag	B1
auftreten	B1
Auftritt	B1
aufwachsen	B1
aufwecken	B1
aufzeichnen	B1
Augenzeuge	B1
ausatmen	B1
ausbilden	B1
Ausbilder	B1
ausbrechen	B1
ausbreiten	B1
Ausbruch	B1
auschecken	B1
ausdauernd	B1
ausdenken	B1
Ausdruck	B1
ausdrücken	B1
auseinanderhalten	B1
Ausfall	B1
ausfallen	B1
ausführlich	B1
Ausgabe	B1
Ausgangspunkt	B1
ausgebucht	B1
ausgeglichen	B1
ausgehen	B1
ausgeschlossen	B1
aushalten	B1
aushelfen	B1
auskennen	B1
auskommen	B1
auskömmlich	B1
auslachen	B1
ausländisch	B1
auslassen	B1
ausleihen	B1
ausliefern	B1
ausloggen	B1
auslösen	B1
Auslöser	B1
Ausnahme	B1
ausprobieren	B1
ausrauben	B1
ausrechnen	B1
Ausrede	B1
ausreichen	B1
ausreichend	B1
Ausreise	B1
ausrichten	B1
ausrufen	B1
ausrutschen	B1
ausschalten	B1
Ausschlag	B1
ausschlagen	B1
ausschließlich	B1
ausschneiden	B1
Ausschreibung	B1
ausschütten	B1
Außenseiter	B1
außergewöhnlich	B1
äußern	B1
äußerst	B1
aussetzen	B1
aussortieren	B1
ausspannen	B1
Aussprache	B1
aussprechen	B1
Aussteller	B1
aussterben	B1
Ausstieg	B1
ausstrahlen	B1
ausstrecken	B1
austragen	B1
austrinken	B1
ausüben	B1
ausverkaufen	B1
auswählen	B1
Auswanderer	B1
Ausweg	B1
ausweichen	B1
ausweisen	B1
auswendig	B1
Auswirkung	B1
auszahlen	B1
auszeichnen	B1
Auszubildende	B1
Autor	B1
Autorin	B1
Bach	B1
Bakterie	B1
Ballett	B1
Band	B1
Bande	B1
barrierefrei	B1
Bauarbeiter	B1
Bauernhof	B1
Baujahr	B1
beachten	B1
Beamte	B1
bearbeiten	B1
beauftragen	B1
bedanken	B1
Bedauern	B1
bedecken	B1
bedeutend	B1
bedienen	B1
Bedienungsanleitung	B1
Bedingung	B1
bedrücken	B1
Bedürfnis	B1
Beerdigung	B1
Befehl	B1
befestigen	B1
befinden	B1
befördern	B1
Beförderung	B1
befragen	B1
Befragte	B1
befreien	B1
befriedigen	B1
befriedigend	B1
begabt	B1
Begabung	B1
begegnen	B1
Begegnung	B1
begehrt	B1
begeistern	B1
begeistert	B1
begleiten	B1
Begleiter	B1
begraben	B1
Begrenzung	B1
Begriff	B1
begründen	B1
Begründung	B1
begrüßen	B1
Begrüßung	B1
behaglich	B1
behalten	B1
Behälter	B1
behandeln	B1
Behandlung	B1
behaupten	B1
beherrschen	B1
behindern	B1
Behörde	B1
beibringen	B1
Beichte	B1
beichten	B1
Beifall	B1
Beilage	B1
beisetzen	B1
Beitrag	B1
beitragen	B1
Beitritt	B1
bekämpfen	B1
bekanntgeben	B1
bekanntmachen	B1
Bekanntschaft	B1
beklagen	B1
belasten	B1
belästigen	B1
Belastung	B1
Beleg	B1
beleidigen	B1
Beleidigung	B1
belohnen	B1
Belohnung	B1
belügen	B1
bemerken	B1
Bemerkung	B1
bemitleiden	B1
bemühen	B1
Bemühung	B1
benachrichtigen	B1
Benehmen	B1
benutzen	B1
beobachten	B1
Bequemlichkeit	B1
Beratung	B1
Beratungsstelle	B1
Bereich	B1
bereichern	B1
bereit	B1
Bereitschaft	B1
bereuen	B1
bergen	B1
Bergsteiger	B1
berichten	B1
berichtigen	B1
bersten	B1
berücksichtigen	B1
beruflich	B1
Berufserfahrung	B1
Berufsleben	B1
beruhigen	B1
beschäftigen	B1
Bescheid	B1
bescheiden	B1
beschimpfen	B1
beschlagnahmen	B1
beschließen	B1
Beschluss	B1
Beschreibung	B1
beschuldigen	B1
beschützen	B1
Beschwerde	B1
beschweren	B1
besiegen	B1
besitzen	B1
Besitzer	B1
Besitztum	B1
Besonderheit	B1
Besprechung	B1
Besserung	B1
Bestand	B1
bestätigen	B1
Bestätigung	B1
bestechen	B1
besteigen	B1
Bestellung	B1
bestimmen	B1
Besucher	B1
betäuben	B1
beteiligen	B1
Beteiligung	B1
beten	B1
Beton	B1
betonen	B1
Betrachter	B1
Betrag	B1
betragen	B1
betreffen	B1
betreuen	B1
Betreuung	B1
Betrug	B1
betrügen	B1
Betrüger	B1
betteln	B1
Bettler	B1
beurteilen	B1
Beute	B1
bevorstehen	B1
bewachen	B1
bewahren	B1
bewässern	B1
beweglich	B1
beweisen	B1
Bewerber	B1
bewundern	B1
Bewunderung	B1
bewusst	B1
bezahlbar	B1
Bezahlung	B1
bezeichnen	B1
beziehen	B1
Beziehung	B1
Bezirk	B1
bezweifeln	B1
Biene	B1
Bilanz	B1
Bildhauer	B1
Bildschirmzeit	B1
Bildung	B1
bimmeln	B1
Bindung	B1
Biografie	B1
bissig	B1
Blase	B1
blass	B1
blenden	B1
Blick	B1
blinken	B1
blockieren	B1
Blüte	B1
bohren	B1
Bohrer	B1
Bord	B1
Börse	B1
bösartig	B1
Botschaft	B1
Boykott	B1
boykottieren	B1
Branche	B1
Brand	B1
Brandung	B1
Brauch	B1
Braut	B1
Bräutigam	B1
brechen	B1
bremsen	B1
Bruchteil	B1
Brühe	B1
brüllen	B1
brummen	B1
Brunnen	B1
brutal	B1
brüten	B1
Buchhaltung	B1
Buchung	B1
bücken	B1
Bude	B1
Bühnenbild	B1
Bundeskanzler	B1
Bundesland	B1
Bundesregierung	B1
Bündnis	B1
Burg	B1
Bürger	B1
Bürgermeister	B1
Bürgersteig	B1
Bürokratie	B1
Chaos	B1
chaotisch	B1
Charakter	B1
charmant	B1
Chemie	B1
Chirurg	B1
Christ	B1
Clip	B1
Coach	B1
Code	B1
Comedy	B1
Community	B1
dahinterstecken	B1
Datei	B1
Daten	B1
Datenbank	B1
Datenschutz	B1
Dauer	B1
dauerhaft	B1
davonkommen	B1
davonlaufen	B1
dazugehören	B1
dazuverdienen	B1
defekt	B1
Delfin	B1
dementsprechend	B1
demnächst	B1
Demokratie	B1
Demonstration	B1
demonstrieren	B1
Denkmal	B1
Deponie	B1
Depression	B1
deprimiert	B1
derzeit	B1
Detail	B1
detailliert	B1
dezent	B1
Dialekt	B1
Dialog	B1
dicht	B1
dichten	B1
Dichter	B1
Dichtung	B1
dienen	B1
diesbezüglich	B1
Dieselmotor	B1
digital	B1
Digitalisierung	B1
Diskette	B1
diskret	B1
Diskussion	B1
dividieren	B1
Dokument	B1
Dolmetscher	B1
doof	B1
Doppelgänger	B1
Dorfbewohner	B1
Drama	B1
dreckig	B1
Drehbuch	B1
dreist	B1
Droge	B1
drohen	B1
Drohung	B1
Druck	B1
Duell	B1
Duft	B1
dulden	B1
Dünger	B1
Dunkelheit	B1
durcheinander	B1
durchfallen	B1
durchführen	B1
durchgreifen	B1
durchkommen	B1
durchmachen	B1
durchqueren	B1
durchschnittlich	B1
durchsetzen	B1
durchsichtig	B1
durchstreichen	B1
durchsuchen	B1
duzen	B1
dynamisch	B1
Ebbe	B1
edel	B1
effektiv	B1
Ehe	B1
ehemalig	B1
Ehre	B1
ehren	B1
ehrenamtlich	B1
ehrgeizig	B1
Ehrlichkeit	B1
Eifer	B1
eifersüchtig	B1
eigenartig	B1
eigenhändig	B1
Eigenschaft	B1
Eigentümer	B1
Eile	B1
eilen	B1
einatmen	B1
einbauen	B1
einbilden	B1
einbrechen	B1
einbringen	B1
Einbruch	B1
einbürgern	B1
einchecken	B1
eincremen	B1
eindeutig	B1
eindringen	B1
Eindruck	B1
Einfall	B1
einfallsreich	B1
Einfluss	B1
einfrieren	B1
einfühlsam	B1
einführen	B1
eingeben	B1
eingewöhnen	B1
eingravieren	B1
Eingriff	B1
einhalten	B1
einheimisch	B1
Einheimische	B1
einholen	B1
einigen	B1
einigermaßen	B1
einkalkulieren	B1
einkassieren	B1
Einkaufswagen	B1
Einkaufszentrum	B1
einkehren	B1
einkleiden	B1
Einkommen	B1
einlassen	B1
einleben	B1
einlegen	B1
Einleitung	B1
einleuchtend	B1
einloggen	B1
einlösen	B1
einmischen	B1
Einnahme	B1
einnehmen	B1
einordnen	B1
einparken	B1
einprägen	B1
einreichen	B1
Einreise	B1
einreisen	B1
einrichten	B1
Einrichtung	B1
einsam	B1
Einsamkeit	B1
einsatzbereit	B1
einschalten	B1
einschätzen	B1
einschenken	B1
Einschlaf	B1
einschlagen	B1
einschließen	B1
einschreiben	B1
einsehen	B1
einseitig	B1
einsenden	B1
einspringen	B1
Einspruch	B1
Einstellung	B1
einstimmig	B1
einstürzen	B1
eintauchen	B1
eintauschen	B1
einteilen	B1
eintippen	B1
eintönig	B1
eintreffen	B1
eintreten	B1
Eintrittskarte	B1
einverstanden	B1
einweihen	B1
einwerfen	B1
einwickeln	B1
einzäunen	B1
Einzelfall	B1
Einzelheit	B1
einzeln	B1
einzig	B1
Eisberg	B1
eisig	B1
eitel	B1
Eiweiß	B1
Elefant	B1
Elektriker	B1
Elektronik	B1
elend	B1
Emotion	B1
Empfang	B1
empfangen	B1
empfehlenswert	B1
Empfehlung	B1
empfinden	B1
empfindlich	B1
endgültig	B1
endlos	B1
Endung	B1
Energie	B1
energisch	B1
Engagement	B1
Engel	B1
entbehrlich	B1
entdecken	B1
entfallen	B1
entfernen	B1
entfernt	B1
Entfernung	B1
entführen	B1
Entführung	B1
entgegennehmen	B1
entgehen	B1
enthalten	B1
enthüllen	B1
entkommen	B1
entladen	B1
entlang	B1
entlassen	B1
Entlassung	B1
entlasten	B1
entlaufen	B1
entmutigen	B1
entrümpeln	B1
entscheiden	B1
entscheidend	B1
Entscheidung	B1
entschließen	B1
entschlossen	B1
Entschluss	B1
entsorgen	B1
entspannen	B1
Entspannung	B1
entsperren	B1
entsprechen	B1
entstehen	B1
enttarnen	B1
enttäuschen	B1
enttäuschend	B1
Enttäuschung	B1
entwenden	B1
entwerten	B1
entwickeln	B1
Entwicklung	B1
Entwurf	B1
entziehen	B1
entziffern	B1
entzückend	B1
erahnen	B1
erarbeiten	B1
erbauen	B1
Erbe	B1
erben	B1
erblicken	B1
erbrechen	B1
Erdbeben	B1
Erderwärmung	B1
erdrücken	B1
ereignen	B1
Ereignis	B1
erfinden	B1
Erfinder	B1
erfinderisch	B1
Erfindung	B1
Erfolg	B1
erfolgreich	B1
Erfolgserlebnis	B1
erforderlich	B1
erfreulich	B1
erfrieren	B1
erfrischen	B1
erfüllen	B1
ergänzen	B1
ergeben	B1
ergreifen	B1
ergreifend	B1
erhalten	B1
erhältlich	B1
erheblich	B1
erhoffen	B1
erhöhen	B1
Erhöhung	B1
erholen	B1
Erholung	B1
Erinnerungsstück	B1
erkämpfen	B1
erkennen	B1
erkranken	B1
erkundigen	B1
Erkundung	B1
erlassen	B1
Erlaubnis	B1
Erläuterung	B1
Erlebnis	B1
erlernen	B1
erliegen	B1
erlösen	B1
ermahnen	B1
Ermittlung	B1
ermorden	B1
ermüdend	B1
ernähren	B1
Ernährung	B1
ernennen	B1
erneuern	B1
ernsthaft	B1
Eröffnung	B1
Eröffnungsfeier	B1
erpressen	B1
Erpressung	B1
erproben	B1
erraten	B1
erregen	B1
Erreger	B1
erröten	B1
Ersatz	B1
erscheinen	B1
Erscheinungsbild	B1
erschrecken	B1
erschwinglich	B1
ersetzen	B1
Ersparnisse	B1
erstaunlich	B1
erstellen	B1
ersticken	B1
erstrangig	B1
erstrecken	B1
ersuchen	B1
ertappen	B1
erteilen	B1
Ertrag	B1
ertragen	B1
erträglich	B1
ertrinken	B1
erwachen	B1
erwachsen	B1
erwähnen	B1
erwarten	B1
Erwartung	B1
Erwerbstätigkeit	B1
erwidern	B1
erwischen	B1
erwürgen	B1
Erzähler	B1
Erzählung	B1
erzeugen	B1
erziehen	B1
Erziehung	B1
Esel	B1
Essgewohnheit	B1
Ethik	B1
exakt	B1
Exemplar	B1
Existenz	B1
existieren	B1
Experiment	B1
Experte	B1
Explosion	B1
Export	B1
exportieren	B1
extrem	B1
fabelhaft	B1
Fachgebiet	B1
Fachhochschule	B1
Fachmann	B1
Faden	B1
fähig	B1
Fähigkeit	B1
Fahndung	B1
Fahrbahn	B1
Fähre	B1
Fahrgemeinschaft	B1
Fahrzeug	B1
fair	B1
Fairness	B1
Fall	B1
Fälle	B1
Fälschung	B1
Falte	B1
Fangemeinde	B1
Fantasie	B1
farbenfroh	B1
Faschismus	B1
Fassade	B1
fasten	B1
faszinieren	B1
fauchen	B1
faul	B1
faulenzen	B1
Faust	B1
Feder	B1
Fehlbetrag	B1
Fehleinschätzung	B1
feierlich	B1
Feige	B1
Feind	B1
feindlich	B1
Feinheit	B1
Feldweg	B1
Fels	B1
Ferne	B1
Fernweh	B1
festbinden	B1
festhalten	B1
Festival	B1
festlegen	B1
Festnahme	B1
festnehmen	B1
Festplatte	B1
festsetzen	B1
feststehen	B1
feststellen	B1
fettig	B1
Feuchtigkeit	B1
feuerfest	B1
Feuerlöscher	B1
feuern	B1
Feuerzeug	B1
Fieberthermometer	B1
Filiale	B1
Finanzamt	B1
finanziell	B1
Finanzierung	B1
Finsternis	B1
Fischer	B1
Fischerei	B1
fixieren	B1
Flagge	B1
Flamme	B1
flechten	B1
Fledermaus	B1
flehen	B1
flexibel	B1
flicken	B1
Fliege	B1
fliehen	B1
Fliese	B1
flirten	B1
Flitterwochen	B1
fluchen	B1
Flucht	B1
flüchten	B1
Flüchtling	B1
Flugbegleiter	B1
Flügel	B1
flüstern	B1
Flut	B1
Folge	B1
folgend	B1
fordern	B1
fördern	B1
Forderung	B1
Förderung	B1
Form	B1
Format	B1
Formel	B1
förmlich	B1
formulieren	B1
forschen	B1
Forscher	B1
Forschung	B1
Fortbewegung	B1
Fortgeschrittene	B1
fortlaufend	B1
Fortschritt	B1
fortsetzen	B1
Fotograf	B1
Fotografie	B1
Fracht	B1
Fraktion	B1
freiberuflich	B1
Freiheit	B1
Freilassung	B1
Freiwillige	B1
Freizeit	B1
Freizeitpark	B1
Fremde	B1
Fremdsprache	B1
fressen	B1
Freude	B1
Freundschaft	B1
Frieden	B1
frisieren	B1
Frisörsalon	B1
Frist	B1
frittieren	B1
fruchtbar	B1
Frustration	B1
frustrieren	B1
frustriert	B1
Führerschein	B1
Führungskraft	B1
Fülle	B1
Fundament	B1
funkeln	B1
Funktion	B1
fusionieren	B1
Fußgänger	B1
Fußgängerzone	B1
Futter	B1
Galerie	B1
Gang	B1
Gangster	B1
ganztags	B1
Ganztagsschule	B1
Garantie	B1
garantieren	B1
gären	B1
Gartenarbeit	B1
Gasse	B1
Gastfreundschaft	B1
Gastgeber	B1
gebären	B1
Gebet	B1
Gebiet	B1
Gebrauch	B1
gebrauchen	B1
Gebrauchsanweisung	B1
Geburt	B1
Geburtenrate	B1
Gedächtnis	B1
gedeihen	B1
gedenken	B1
Gedenkstätte	B1
Geduld	B1
geduldig	B1
geehrt	B1
geeignet	B1
gefährden	B1
gefällig	B1
Gefangene	B1
Gefängnis	B1
Geflügel	B1
gefühlvoll	B1
Gegenargument	B1
Gegend	B1
gegenseitig	B1
gegenüberliegend	B1
Gegenwart	B1
Gegner	B1
Geheimnis	B1
geheimnisvoll	B1
Gehirn	B1
gehoben	B1
gehorchen	B1
gehorsam	B1
Gehweg	B1
Geige	B1
Geisel	B1
Geist	B1
geistig	B1
geizen	B1
geizig	B1
gekonnt	B1
gelangen	B1
Geldautomat	B1
Geldschein	B1
Geldstrafe	B1
gelegen	B1
Gelegenheit	B1
gelegentlich	B1
Gelenk	B1
gelingen	B1
gelten	B1
gelungen	B1
Gemeinde	B1
Gemeinsamkeit	B1
Gemeinschaft	B1
gemustert	B1
Gen	B1
genehmigen	B1
Genehmigung	B1
Generation	B1
genial	B1
genießen	B1
genügend	B1
Genuss	B1
Geografie	B1
Gerät	B1
geraten	B1
geräumig	B1
gerecht	B1
Gerechtigkeit	B1
Gerechtigkeitsgefühl	B1
geregelt	B1
gereizt	B1
Gerichtshof	B1
gering	B1
gerissen	B1
Geruch	B1
Gerüst	B1
gesalzen	B1
Geschäftsführer	B1
Geschäftsleute	B1
geschätzt	B1
geschehen	B1
geschickt	B1
Geschirrspüler	B1
Geschlecht	B1
Geschmack	B1
geschmacklos	B1
geschmackvoll	B1
Geschoss	B1
Geschwindigkeit	B1
gesellig	B1
Gesetz	B1
Gesetzgebung	B1
gesetzlich	B1
Gesichtsausdruck	B1
gespannt	B1
Gespür	B1
Gestalt	B1
Geständnis	B1
Gestank	B1
Geste	B1
gestikulieren	B1
gestrig	B1
gesundheitsschädlich	B1
Getreide	B1
gewagt	B1
gewähren	B1
Gewalt	B1
gewaltig	B1
Gewerkschaft	B1
Gewinnspiel	B1
Gewissen	B1
gewissenhaft	B1
gewöhnen	B1
Gewohnheit	B1
gewöhnlich	B1
gewohnt	B1
Gewürz	B1
Gier	B1
gierig	B1
gießen	B1
Gift	B1
giftig	B1
Gipfel	B1
glänzen	B1
Glaube	B1
glaubhaft	B1
Gläubige	B1
gleichberechtigt	B1
Gleichberechtigung	B1
gleichen	B1
gleichgültig	B1
Gleichung	B1
gleichzeitig	B1
gleiten	B1
Gletscher	B1
gliedern	B1
glitzern	B1
glotzen	B1
Glückwunsch	B1
Glühbirne	B1
Gnade	B1
gnädig	B1
Gold	B1
gönnen	B1
Gottesdienst	B1
Grab	B1
Graben	B1
Grafik	B1
Gras	B1
greifen	B1
griffbereit	B1
grimmig	B1
grinsen	B1
grob	B1
großartig	B1
großzügig	B1
grübeln	B1
Grünanlage	B1
gründen	B1
Grundgesetz	B1
Grundlage	B1
gründlich	B1
Grundschule	B1
Grundstück	B1
Gründung	B1
grunzen	B1
gruselig	B1
gruseln	B1
gültig	B1
gutartig	B1
Guthaben	B1
Gymnastik	B1
Haarschnitt	B1
Habgier	B1
hacken	B1
haften	B1
Hagel	B1
Hahn	B1
häkeln	B1
Haken	B1
halbieren	B1
Halbjahr	B1
halbtags	B1
Halbzeit	B1
Halsschmerzen	B1
hämmern	B1
Handbuch	B1
Handel	B1
handeln	B1
handgemacht	B1
Handgepäck	B1
Händler	B1
Handlung	B1
Handlungsfähigkeit	B1
Handwerk	B1
hänseln	B1
hapern	B1
härten	B1
Hass	B1
hauen	B1
Haufen	B1
häufen	B1
Hauptbahnhof	B1
hauptberuflich	B1
Hauptdarsteller	B1
Hauptgericht	B1
Hauptrolle	B1
Hauptsache	B1
hauptsächlich	B1
Hauptstadt	B1
Hausarzt	B1
Haushalt	B1
Hausordnung	B1
Haustür	B1
Hebamme	B1
hechten	B1
heftig	B1
heikel	B1
heilen	B1
heilig	B1
Heilung	B1
Heimatland	B1
Heimatstadt	B1
heimkehren	B1
heimlich	B1
Heimweh	B1
heiser	B1
Heizkosten	B1
Held	B1
heranwachsen	B1
herausfordernd	B1
Herausforderung	B1
herausgeben	B1
Herausgeber	B1
herausholen	B1
herauskommen	B1
herausnehmen	B1
herausreden	B1
herausschneiden	B1
herausziehen	B1
Herkunft	B1
herrlich	B1
Herrschaft	B1
herrschen	B1
herstellen	B1
Herstellung	B1
herumlaufen	B1
herunterfallen	B1
herunterspielen	B1
hervorbringen	B1
hervorragend	B1
hervorrufen	B1
Herzinfarkt	B1
hetzen	B1
heulen	B1
Heuschnupfen	B1
hilflos	B1
hilfsbereit	B1
Hilfsmittel	B1
Himmelsrichtung	B1
hinauslaufen	B1
hinauswerfen	B1
hinderlich	B1
hindern	B1
Hindernis	B1
Hindernislauf	B1
hineinpassen	B1
hinhalten	B1
hinken	B1
hinnehmen	B1
hinrichten	B1
Hintergrund	B1
Hinterkopf	B1
hinterlegen	B1
Hinweis	B1
hinweisen	B1
hinzufügen	B1
Hitzewelle	B1
hitzig	B1
hobeln	B1
Hochhaus	B1
Hochschule	B1
Hochwasser	B1
hochwertig	B1
hocken	B1
Hof	B1
Hoffnung	B1
höflich	B1
Höhepunkt	B1
hohl	B1
Höhle	B1
holprig	B1
Holz	B1
Honorar	B1
hörbar	B1
Hörer	B1
Horizont	B1
Hörsaal	B1
horten	B1
Hörverstehen	B1
Hügellandschaft	B1
Humor	B1
humorvoll	B1
hüpfen	B1
hüten	B1
hygienisch	B1
Ideal	B1
Ideologie	B1
Igel	B1
Illustration	B1
Imbissbude	B1
imitieren	B1
Immobilie	B1
impfen	B1
Impfstoff	B1
imponieren	B1
Import	B1
importieren	B1
individuell	B1
Individuum	B1
Industrie	B1
Infektion	B1
Inflation	B1
Inhaber	B1
Inhalt	B1
Inhaltsverzeichnis	B1
inklusive	B1
Inland	B1
Innenstadt	B1
innerlich	B1
innovativ	B1
Insekt	B1
Inserent	B1
inspirieren	B1
Installation	B1
installieren	B1
Instinkt	B1
Institution	B1
Instrument	B1
inszenieren	B1
Intelligenz	B1
Intendant	B1
intensiv	B1
Internat	B1
interpretieren	B1
Interview	B1
investieren	B1
Investition	B1
inzwischen	B1
irgendwann	B1
irre	B1
irrelevant	B1
irren	B1
isolieren	B1
Jagd	B1
jagen	B1
Jäger	B1
Jahrestag	B1
jährlich	B1
Jahrzehnt	B1
jammern	B1
jäten	B1
jeweils	B1
Journalismus	B1
jubeln	B1
Jura	B1
Justiz	B1
Kabine	B1
Kachel	B1
Käfer	B1
Kaiser	B1
Kalorie	B1
Kamin	B1
Kampagne	B1
kämpfen	B1
kandidieren	B1
Kanzler	B1
kapieren	B1
Kapital	B1
Kapitel	B1
karg	B1
Karies	B1
Karneval	B1
Karosserie	B1
Karriereleiter	B1
kassieren	B1
Kasten	B1
Katastrophe	B1
Kathedrale	B1
kauen	B1
Kaufhaus	B1
Kaufvertrag	B1
Kegel	B1
Kehle	B1
Keim	B1
keimfrei	B1
Kenntnis	B1
Kennzeichen	B1
kentern	B1
Kerl	B1
Kern	B1
Kerze	B1
keuchen	B1
Kfz-Werkstatt	B1
kichern	B1
kidnappen	B1
Kilobyte	B1
Kinderbetreuung	B1
Kindererziehung	B1
Kindergeld	B1
Kinderlähmung	B1
kinderleicht	B1
Kindesalter	B1
Kindheit	B1
kindisch	B1
Kinn	B1
kitschig	B1
Klage	B1
klagen	B1
Kläger	B1
kläglich	B1
Klang	B1
Klappe	B1
klären	B1
klarkommen	B1
klarstellen	B1
klauen	B1
Klausur	B1
Klavierunterricht	B1
klebrig	B1
kleckern	B1
Kleiderschrank	B1
Kleingeld	B1
kleinlich	B1
klemmen	B1
Klempner	B1
Klimawandel	B1
Klingelton	B1
Klinik	B1
Klippe	B1
klopfen	B1
Kloster	B1
knabbern	B1
knacken	B1
knackig	B1
knapp	B1
Knast	B1
kneifen	B1
Kneipenviertel	B1
kneten	B1
knicken	B1
knien	B1
knistern	B1
Knoblauch	B1
Knopfdruck	B1
Knospe	B1
knoten	B1
knüpfen	B1
knusprig	B1
Koalition	B1
Koffein	B1
Kofferpacken	B1
Kollision	B1
Kolonie	B1
Kombination	B1
kombinieren	B1
Komfort	B1
komfortabel	B1
Komiker	B1
Kommentar	B1
Kommissar	B1
Kommune	B1
Kommunikation	B1
kompakt	B1
komponieren	B1
Komponist	B1
Kompost	B1
Kompromiss	B1
Konditor	B1
Konferenz	B1
Konfession	B1
Konflikt	B1
König	B1
Königin	B1
Königreich	B1
konkret	B1
Konkurrent	B1
konkurrieren	B1
konservieren	B1
konstant	B1
Konsum	B1
Konsument	B1
konsumieren	B1
Kontakt	B1
Kontaktdaten	B1
kontaktfreudig	B1
kontaktieren	B1
Kontoauszug	B1
Kontrast	B1
Kontrolle	B1
kontrollieren	B1
konventionell	B1
konzentrieren	B1
Konzept	B1
Konzern	B1
Kopfhörer	B1
Kopfkissen	B1
körperlich	B1
Korruption	B1
Kost	B1
Kostenvoranschlag	B1
köstlich	B1
Krabbe	B1
krabbeln	B1
krachen	B1
Kraft	B1
krähen	B1
Kran	B1
Kranich	B1
kränken	B1
Krankengymnastik	B1
Krankenpflege	B1
Krankenversicherung	B1
Kränkung	B1
kräuseln	B1
Kräuter	B1
kreativ	B1
Krebs	B1
Kreide	B1
kreisen	B1
Kreislauf	B1
Kreuzfahrt	B1
kriechen	B1
Krieg	B1
kriegen	B1
Krieger	B1
Krise	B1
Kritik	B1
Kritiker	B1
kritisch	B1
kritisieren	B1
Krokodil	B1
Krone	B1
krönen	B1
Krücke	B1
Krümel	B1
krumm	B1
Kruste	B1
Kübel	B1
Kugel	B1
kühlen	B1
Kulisse	B1
kultivieren	B1
kulturell	B1
Kummer	B1
kundenfreundlich	B1
Kündigung	B1
künftig	B1
künstlich	B1
Kunststoff	B1
kunstvoll	B1
Kunstwerk	B1
Kupfer	B1
Kurve	B1
Kurzarbeit	B1
Kurzgeschichte	B1
kurzsichtig	B1
kuscheln	B1
labil	B1
Labor	B1
lächerlich	B1
Lachs	B1
Lack	B1
Ladegerät	B1
Ladung	B1
Lage	B1
lahm	B1
lähmen	B1
Lamm	B1
Landkarte	B1
Landung	B1
Landwirt	B1
Landwirtschaft	B1
langatmig	B1
Langeweile	B1
langlebig	B1
lästig	B1
lauern	B1
Läufer	B1
Laune	B1
lauschen	B1
lauwarm	B1
Lawine	B1
lebendig	B1
Lebensbedingung	B1
Lebenserwartung	B1
Lebensgefahr	B1
lebensgefährlich	B1
lebenslang	B1
Lebensqualität	B1
Lebensstandard	B1
Lebensstil	B1
Lebensunterhalt	B1
Lebensversicherung	B1
Leber	B1
Lebewesen	B1
lebhaft	B1
lehnen	B1
Lehrbuch	B1
lehren	B1
Lehrling	B1
Lehrplan	B1
lehrreich	B1
Leiche	B1
Leichtathletik	B1
Leichtsinn	B1
leiden	B1
Leidenschaft	B1
leidenschaftlich	B1
leimen	B1
Leinwand	B1
leisten	B1
leistungsfähig	B1
leiten	B1
Leitung	B1
lenken	B1
Lenkrad	B1
Lerche	B1
Lernstoff	B1
lesbar	B1
Leseratte	B1
Leuchtturm	B1
leugnen	B1
liebevoll	B1
lieblich	B1
lieblos	B1
Lieferant	B1
liefern	B1
Lieferung	B1
Liege	B1
Liegestuhl	B1
Lift	B1
Limette	B1
lindern	B1
Linderung	B1
Linie	B1
Linse	B1
Liter	B1
Literatur	B1
Lizenz	B1
Lob	B1
loben	B1
Lockdown	B1
locken	B1
lockern	B1
lodern	B1
Logik	B1
lohnen	B1
lohnenswert	B1
Lokführer	B1
Lorbeer	B1
löschen	B1
lösen	B1
löten	B1
Löwenzahn	B1
loyal	B1
lückenhaft	B1
lüften	B1
Luftfeuchtigkeit	B1
Luftverschmutzung	B1
Lunge	B1
lutschen	B1
luxuriös	B1
Luxus	B1
machbar	B1
Magenschmerzen	B1
Magie	B1
Magnet	B1
mähen	B1
mahnen	B1
Majestät	B1
Makler	B1
malerisch	B1
managen	B1
Mandel	B1
Mangel	B1
mangelhaft	B1
mangeln	B1
Manieren	B1
manipulieren	B1
Mannequin	B1
Manuskript	B1
Marathon	B1
Märchen	B1
Marine	B1
Marktforschung	B1
Marktplatz	B1
Marmor	B1
marschieren	B1
Maske	B1
maskieren	B1
Maßband	B1
Masse	B1
maßlos	B1
Maßnahme	B1
Mast	B1
mästen	B1
Material	B1
Mathematik	B1
Matrose	B1
matt	B1
mauern	B1
Mauerwerk	B1
Maulwurf	B1
Maut	B1
Mechanismus	B1
Medien	B1
Medienkompetenz	B1
Medizin	B1
Meeresspiegel	B1
Meerschweinchen	B1
mehrere	B1
Mehrheit	B1
Mehrwertsteuer	B1
meiden	B1
Meile	B1
Meinungsfreiheit	B1
Meinungsumfrage	B1
meistern	B1
Meisterschaft	B1
melden	B1
Meldung	B1
melken	B1
Menschenrechte	B1
Menschheit	B1
menschlich	B1
Menü	B1
Merkmal	B1
merkwürdig	B1
Messe	B1
messen	B1
Messung	B1
Methode	B1
meutern	B1
miauen	B1
mickrig	B1
Miene	B1
Mietvertrag	B1
Migration	B1
Mikrofon	B1
milde	B1
Militär	B1
Milliarde	B1
Million	B1
Minderheit	B1
minderwertig	B1
Mineral	B1
Minister	B1
Ministerium	B1
missachten	B1
missbilligen	B1
Missbrauch	B1
Misserfolg	B1
Mission	B1
misslingen	B1
misstrauen	B1
Missverständnis	B1
missverstehen	B1
mitbekommen	B1
miterleben	B1
mitfühlend	B1
Mitgefühl	B1
Mitgliedschaft	B1
mithalten	B1
mithelfen	B1
Mitleid	B1
mitreden	B1
mitschreiben	B1
Mitschüler	B1
mitteilen	B1
Mittelalter	B1
mittelmäßig	B1
Mittelmeer	B1
Mixer	B1
mobben	B1
Möbelwagen	B1
Mode	B1
Modenschau	B1
mogeln	B1
Möhre	B1
Molkerei	B1
mollig	B1
Monarchie	B1
Mönch	B1
Monitor	B1
Monolog	B1
Moral	B1
Mord	B1
Mörder	B1
Morgengrauen	B1
Moschee	B1
Motiv	B1
Motivation	B1
Motorhaube	B1
Motto	B1
Möwe	B1
Mücke	B1
Müdigkeit	B1
Mühe	B1
mühen	B1
Mühle	B1
Müll	B1
Müllabfuhr	B1
Mülleimer	B1
Mülltrennung	B1
multiplizieren	B1
munden	B1
Mundharmonika	B1
mündlich	B1
Münster	B1
murmeln	B1
mürrisch	B1
Muschel	B1
Muskelkater	B1
Muster	B1
mustergültig	B1
Mut	B1
mutig	B1
Muttersprachler	B1
mysteriös	B1
Mythos	B1
nachahmen	B1
Nachbarland	B1
nachbestellen	B1
Nachfolger	B1
Nachfrage	B1
nachfüllen	B1
nachgeben	B1
nachgehen	B1
nachhaltig	B1
Nachhilfelehrer	B1
nachholen	B1
nachlassen	B1
nachlässig	B1
nachlaufen	B1
nachmachen	B1
Nachname	B1
nachprüfen	B1
nachrüsten	B1
nachschauen	B1
nachschlagen	B1
Nachschub	B1
nachsitzen	B1
Nachteil	B1
Nachthemd	B1
Nachtruhe	B1
Nachweis	B1
nachzahlen	B1
Nagellack	B1
nagen	B1
nährstoffreich	B1
Nahrung	B1
Nahrungsmittel	B1
Naht	B1
Nahverkehr	B1
namhaft	B1
Nationalmannschaft	B1
navigieren	B1
nebenbei	B1
Nebenjob	B1
Nebenkosten	B1
Nebenwirkung	B1
necken	B1
negativ	B1
Neid	B1
nennen	B1
Nerv	B1
Nest	B1
Netz	B1
Netzwerk	B1
neuartig	B1
Neuigkeit	B1
Neujahr	B1
neuwertig	B1
Nichtstun	B1
nicken	B1
niederlassen	B1
Niederschlag	B1
niederschlagen	B1
niedlich	B1
Niere	B1
Niveau	B1
nominieren	B1
Nonne	B1
nördlich	B1
nörgeln	B1
Notaufnahme	B1
notfalls	B1
nötigen	B1
Notlage	B1
Notruf	B1
Notunterkunft	B1
nüchtern	B1
nutzen	B1
nützlich	B1
nutzlos	B1
Nutzung	B1
Oase	B1
Oberfläche	B1
oberflächlich	B1
Oberschenkel	B1
Obsthändler	B1
Ofen	B1
offenbar	B1
offensichtlich	B1
Öffentlichkeit	B1
offiziell	B1
ohnmächtig	B1
Ohrring	B1
Ökologie	B1
Ökonomie	B1
Öltanker	B1
Operation	B1
Opfer	B1
opfern	B1
Opposition	B1
Optiker	B1
optimistisch	B1
ordentlich	B1
ordnungsgemäß	B1
organisieren	B1
Orgel	B1
Orientierung	B1
Originalfassung	B1
originell	B1
örtlich	B1
Ortschaft	B1
östlich	B1
Ozean	B1
pachten	B1
Pädagogik	B1
paddeln	B1
Palast	B1
Panik	B1
Panorama	B1
panschen	B1
Papagei	B1
Pappe	B1
Paradies	B1
parieren	B1
Parlament	B1
Partei	B1
Parterre	B1
Partitur	B1
Partnerschaft	B1
Passagier	B1
Passant	B1
passend	B1
Patenkind	B1
Patentante	B1
Pauschalreise	B1
peinlich	B1
pendeln	B1
Personal	B1
Pfad	B1
pfänden	B1
Pfarrer	B1
Pfeil	B1
Pferdestall	B1
Pfirsich	B1
pflastern	B1
Pflaume	B1
Pflegeheim	B1
pflegeleicht	B1
pflegen	B1
Pflicht	B1
Pfote	B1
Pfütze	B1
Phantasie	B1
Phase	B1
Philosophie	B1
Physik	B1
picknicken	B1
piepsen	B1
Pilger	B1
Pilot	B1
Pinguin	B1
Pinnwand	B1
pinseln	B1
Piste	B1
Plage	B1
plagen	B1
Planung	B1
platt	B1
Plattform	B1
platzen	B1
plaudern	B1
Plombe	B1
plündern	B1
pochen	B1
Podcast	B1
Poesie	B1
Pokal	B1
polieren	B1
Politik	B1
Politikwissenschaft	B1
Polizist	B1
Porträt	B1
Porzellan	B1
Position	B1
positiv	B1
Postbote	B1
Pracht	B1
prächtig	B1
prägen	B1
prahlen	B1
prallen	B1
Prämie	B1
Präsentation	B1
Präsident	B1
prasseln	B1
predigen	B1
Predigt	B1
preisgeben	B1
preisgünstig	B1
Preisverleihung	B1
preiswert	B1
prellen	B1
Premiere	B1
prickelnd	B1
Priester	B1
Probe	B1
problemlos	B1
Produkt	B1
Produktion	B1
Produzent	B1
produzieren	B1
professionell	B1
Profi	B1
Profil	B1
Promotion	B1
promovieren	B1
prompt	B1
Propaganda	B1
Prophet	B1
prophezeien	B1
Protest	B1
protestieren	B1
Protokoll	B1
Provinz	B1
Provision	B1
provisorisch	B1
Prozent	B1
prozentual	B1
Prozess	B1
prüfen	B1
prügeln	B1
Psychologie	B1
Publikation	B1
Publizist	B1
Puls	B1
Pumpe	B1
pumpen	B1
Punktzahl	B1
pusten	B1
Pyramide	B1
Quadratmeter	B1
Qual	B1
quälen	B1
qualifizieren	B1
qualifiziert	B1
qualmen	B1
quatschen	B1
Quelle	B1
quer	B1
quietschen	B1
Quote	B1
Rache	B1
radeln	B1
Radiergummi	B1
Radweg	B1
ragen	B1
Rahmen	B1
Rakete	B1
rammen	B1
Rand	B1
Rang	B1
rangieren	B1
rar	B1
rasant	B1
rascheln	B1
Rasierapparat	B1
rasieren	B1
Rasse	B1
Rast	B1
Rasthof	B1
Rat	B1
Ratenzahlung	B1
Ratgeber	B1
Rathausplatz	B1
Ration	B1
ratlos	B1
ratsam	B1
rätseln	B1
Ratte	B1
rau	B1
rauben	B1
Raubtier	B1
Rauch	B1
räumen	B1
Räumung	B1
Rausch	B1
rauschen	B1
räuspern	B1
Reagenzglas	B1
reagieren	B1
Reaktion	B1
realisieren	B1
Realität	B1
Realschule	B1
Rebell	B1
rebellieren	B1
recherchieren	B1
Rechnungsbetrag	B1
Recht	B1
rechteckig	B1
Rechtsanwalt	B1
rechtzeitig	B1
Redakteur	B1
Redaktion	B1
Rede	B1
Redner	B1
reduzieren	B1
Referat	B1
Reform	B1
regelmäßig	B1
regeln	B1
Regie	B1
Regierung	B1
regional	B1
Regisseurin	B1
registrieren	B1
regulieren	B1
Regung	B1
Reh	B1
Reibung	B1
reibungslos	B1
reichhaltig	B1
reichlich	B1
Reichtum	B1
Reichweite	B1
reimen	B1
reinfallen	B1
Reinheit	B1
reinlegen	B1
reinlich	B1
Reiseleiter	B1
Reisende	B1
reißen	B1
reißfest	B1
Reißverschluss	B1
Reiz	B1
reizen	B1
Reklamation	B1
Reklame	B1
Rekord	B1
relevant	B1
Religion	B1
Rennwagen	B1
renovieren	B1
rentabel	B1
Rente	B1
rentieren	B1
Rentner	B1
Reportage	B1
Reporter	B1
Republik	B1
Reserve	B1
reserviert	B1
Reservierung	B1
resignieren	B1
respektieren	B1
Rest	B1
restaurieren	B1
Restmüll	B1
retten	B1
Rettich	B1
Rettung	B1
Rettungsdienst	B1
Revolution	B1
Rezension	B1
Rhythmus	B1
richten	B1
Richter	B1
Richtlinie	B1
Riese	B1
riesig	B1
Rind	B1
Rinde	B1
Rippe	B1
Risiko	B1
riskant	B1
riskieren	B1
Ritter	B1
ritzen	B1
Rivale	B1
Robbe	B1
Roboter	B1
robust	B1
rodeln	B1
roden	B1
Rohstoff	B1
Rolle	B1
Rollstuhl	B1
Rolltreppe	B1
romantisch	B1
Rost	B1
rosten	B1
rostig	B1
rotieren	B1
Route	B1
Routine	B1
Rubrik	B1
ruckartig	B1
Rückblick	B1
Rückerstattung	B1
Rückfahrkarte	B1
Rückkehr	B1
Rücklicht	B1
Rückreise	B1
Rückseite	B1
Rücksicht	B1
rücksichtslos	B1
rücksichtsvoll	B1
Rücksitz	B1
Rückspiegel	B1
Ruf	B1
Ruhestand	B1
Ruine	B1
rumhängen	B1
Rummel	B1
rümpfen	B1
Rundfunk	B1
runzeln	B1
rüsten	B1
rutschen	B1
rutschfest	B1
Rutschgefahr	B1
Saal	B1
sabotieren	B1
Sachbuch	B1
Sachschaden	B1
sachte	B1
Sack	B1
Sackgasse	B1
säen	B1
saftig	B1
Sage	B1
Säge	B1
sagenhaft	B1
sammeln	B1
Sammler	B1
sämtlich	B1
sanft	B1
sanieren	B1
Sanierung	B1
sarkastisch	B1
Satellit	B1
sättigend	B1
Sättigung	B1
Satzung	B1
säubern	B1
Sauerstoff	B1
Säule	B1
schäbig	B1
Schach	B1
Schachfigur	B1
schadhaft	B1
schädigen	B1
schädlich	B1
Schadstoff	B1
Schaffner	B1
Schafskäse	B1
Schale	B1
Schall	B1
schalten	B1
Schaltjahr	B1
Scham	B1
schämen	B1
Schande	B1
Schar	B1
Scharnier	B1
scharren	B1
Schatten	B1
Schatzsuche	B1
schaudern	B1
Schaufel	B1
schaufeln	B1
Schaufenster	B1
Schaukel	B1
schaukeln	B1
Schaum	B1
schäumen	B1
Schauplatz	B1
Schauspiel	B1
Scheck	B1
Scheibe	B1
scheiden	B1
Scheidung	B1
Schein	B1
scheinbar	B1
scheinen	B1
Scheinwerfer	B1
scheitern	B1
Schenkel	B1
Scherbe	B1
scheren	B1
scherzen	B1
scheu	B1
scheuen	B1
scheuern	B1
Schicht	B1
Schicksal	B1
Schiedsrichter	B1
Schiene	B1
Schießerei	B1
Schifffahrt	B1
schikanieren	B1
schildern	B1
schimmeln	B1
schimmern	B1
schimpfen	B1
Schlacht	B1
schlachten	B1
Schlaf	B1
Schlaflosigkeit	B1
Schlafmittel	B1
schlagen	B1
schlagfertig	B1
Schlagsahne	B1
Schlagzeile	B1
Schlamm	B1
schlau	B1
Schlauch	B1
Schlaufe	B1
schleichen	B1
schleierhaft	B1
Schleife	B1
schleifen	B1
schlendern	B1
schleppen	B1
Schlepper	B1
Schleuder	B1
schleudern	B1
schlicht	B1
schließlich	B1
schlingen	B1
schlittern	B1
Schlucht	B1
schluchzen	B1
schlucken	B1
schlüpfen	B1
Schluss	B1
Schlüsselloch	B1
schlüssig	B1
schmackhaft	B1
schmelzen	B1
schmerzhaft	B1
Schmerzmittel	B1
Schmetterling	B1
Schmied	B1
schmieden	B1
schmieren	B1
schmierig	B1
Schmuggel	B1
schmuggeln	B1
schmunzeln	B1
Schnabel	B1
Schnalle	B1
schnarchen	B1
schnattern	B1
schnaufen	B1
Schnauze	B1
Schnecke	B1
Schneeball	B1
schneebedeckt	B1
Schneefall	B1
Schneemann	B1
Schneesturm	B1
Schneider	B1
schneidern	B1
Schnittstelle	B1
Schnitzeljagd	B1
schnitzen	B1
schnuppern	B1
Schnur	B1
schnüren	B1
schnurlos	B1
Schnurrbart	B1
schonen	B1
schonend	B1
schöpfen	B1
Schöpfung	B1
Schornsteinfeger	B1
Schotter	B1
schräg	B1
Schraubenzieher	B1
Schreck	B1
Schreiner	B1
Schrift	B1
Schriftsteller	B1
schrill	B1
Schritt	B1
schrittweise	B1
Schrott	B1
schrubben	B1
schrumpfen	B1
schüchtern	B1
schuften	B1
Schuld	B1
Schulden	B1
schuldig	B1
Schuldirektor	B1
schulen	B1
Schulfach	B1
Schuljahr	B1
Schulleitung	B1
Schulsystem	B1
Schuppen	B1
schürfen	B1
Schürze	B1
Schuss	B1
Schüttelfrost	B1
schütten	B1
Schutz	B1
Schutzbrille	B1
schützen	B1
Schwäche	B1
Schwager	B1
Schwägerin	B1
Schwamm	B1
Schwan	B1
Schwangerschaft	B1
schwanken	B1
Schwanz	B1
schwänzen	B1
Schwarm	B1
schwärmen	B1
schweben	B1
Schwefel	B1
schweigen	B1
Schweiß	B1
Schwelle	B1
schwerhörig	B1
Schwiegereltern	B1
Schwiegermutter	B1
Schwiegervater	B1
Schwimmweste	B1
Schwindel	B1
schwitzen	B1
schwören	B1
Schwung	B1
schwungvoll	B1
Seehund	B1
Seele	B1
Segelboot	B1
Segen	B1
segnen	B1
Sehenswürdigkeit	B1
Sehne	B1
sehnen	B1
Sehnenscheidenentzündung	B1
seicht	B1
Seide	B1
Seil	B1
Seilbahn	B1
Sekretariat	B1
Sekretärin	B1
Sekte	B1
selbstbewusst	B1
Selbstbewusstsein	B1
selbstsicher	B1
selbstständig	B1
Selbstständigkeit	B1
Selbstvertrauen	B1
seltsam	B1
Senat	B1
Senf	B1
Senior	B1
senken	B1
Sensation	B1
sensibel	B1
Sensor	B1
seriös	B1
Serviette	B1
Sessellift	B1
Seuche	B1
seufzen	B1
Sicherheitsgurt	B1
sichern	B1
Sicherung	B1
Sicht	B1
sichtbar	B1
sichten	B1
sieben	B1
siedeln	B1
sieden	B1
Siedlung	B1
siegen	B1
siezen	B1
Signal	B1
signalisieren	B1
Silber	B1
Silvester	B1
simulieren	B1
Sinn	B1
sinnlos	B1
sinnvoll	B1
Sirene	B1
Sitte	B1
Situation	B1
Sitzung	B1
Skandal	B1
Skelett	B1
skeptisch	B1
Skizze	B1
Sklave	B1
Skulptur	B1
Smartphone	B1
Software	B1
sogenannt	B1
Sohle	B1
Soldat	B1
Sonderfall	B1
sondern	B1
Sonnenaufgang	B1
Sonnenblume	B1
Sonnenenergie	B1
Sonnenstich	B1
Sonnenuntergang	B1
sonstig	B1
sorgen	B1
sorgfältig	B1
sorglos	B1
Sorte	B1
Soße	B1
Souveränität	B1
sozial	B1
Spalt	B1
Spange	B1
Spannbreite	B1
spannen	B1
spannend	B1
Spannung	B1
Sparkasse	B1
sparsam	B1
Spaß	B1
Spaten	B1
Spatz	B1
Specht	B1
Speck	B1
Spedition	B1
Speicher	B1
speichern	B1
spekulieren	B1
Spende	B1
Sperre	B1
sperren	B1
sperrig	B1
Spezialist	B1
speziell	B1
Spiegelbild	B1
Spielfeld	B1
Spielhalle	B1
Spielregel	B1
Spielverderber	B1
Spinat	B1
Spion	B1
spionieren	B1
sponsern	B1
spontan	B1
Sportverein	B1
spotten	B1
Sprachkenntnisse	B1
Sprachkurs	B1
sprachlos	B1
Sprecher	B1
sprengen	B1
Sprichwort	B1
sprießen	B1
Springbrunnen	B1
spritzen	B1
Spritztour	B1
Sprosse	B1
Spruch	B1
sprudeln	B1
Sprung	B1
Spucke	B1
spucken	B1
spuken	B1
Spüle	B1
Spur	B1
spüren	B1
spurlos	B1
Staatsangehörigkeit	B1
Staatsanwalt	B1
Stab	B1
stabil	B1
Stachel	B1
Stadtrand	B1
Stadtrundfahrt	B1
Stadtverwaltung	B1
Stahl	B1
stählen	B1
Stall	B1
Stamm	B1
stammen	B1
Stammgast	B1
stämmig	B1
stampfen	B1
standhaft	B1
standhalten	B1
ständig	B1
Standort	B1
Standpunkt	B1
Stange	B1
stanzen	B1
Stapel	B1
Stärke	B1
stärken	B1
starren	B1
stationär	B1
Statistik	B1
Stativ	B1
stattlich	B1
Statue	B1
Status	B1
Staub	B1
staubfrei	B1
Staudamm	B1
stauen	B1
staunen	B1
steif	B1
steigern	B1
steinig	B1
Stellenangebot	B1
Stellenanzeige	B1
Stempel	B1
Steppdecke	B1
Sterbehilfe	B1
Stereoanlage	B1
stets	B1
Steuer	B1
Steuererklärung	B1
Steward	B1
stichhaltig	B1
Stichprobe	B1
Stichwort	B1
sticken	B1
Stiel	B1
Stier	B1
stiften	B1
Stiftung	B1
Stille	B1
stillen	B1
stilvoll	B1
stimmhaft	B1
Stimmung	B1
Stimmzettel	B1
stimulieren	B1
stinken	B1
Stipendiat	B1
Stirnband	B1
stöbern	B1
stochern	B1
stöhnen	B1
Stollen	B1
stopfen	B1
Stopp	B1
stoppen	B1
Storch	B1
störrisch	B1
Störung	B1
stoßen	B1
stoßfest	B1
Stoßstange	B1
stottern	B1
Strafe	B1
Strafraum	B1
Strafrecht	B1
Straftat	B1
Strahl	B1
strahlen	B1
Strähne	B1
strampeln	B1
stranden	B1
Strandpromenade	B1
strapazieren	B1
strapazierfähig	B1
Straßenbahn	B1
Straßenschild	B1
sträuben	B1
Strauch	B1
straucheln	B1
Strauß	B1
streben	B1
strebsam	B1
strecken	B1
streichen	B1
Streichholz	B1
Streik	B1
streiken	B1
streiten	B1
Streitigkeit	B1
streng	B1
Stress	B1
stressig	B1
streuen	B1
Strick	B1
stricken	B1
strittig	B1
Stroh	B1
Strohhalm	B1
Stromausfall	B1
strömen	B1
Strömung	B1
Strophe	B1
Struktur	B1
Studie	B1
Stufe	B1
stufenweise	B1
stumm	B1
stur	B1
stürmen	B1
Sturz	B1
stützen	B1
Stützpunkt	B1
Substanz	B1
subtrahieren	B1
Suche	B1
Suchmaschine	B1
Sucht	B1
süchtig	B1
südländisch	B1
südlich	B1
Summe	B1
summen	B1
Sumpf	B1
Sünde	B1
surren	B1
Symbol	B1
Symptom	B1
Synagoge	B1
System	B1
Szene	B1
Tabak	B1
Tablett	B1
tabu	B1
tadeln	B1
tagen	B1
Tagesablauf	B1
Tageskarte	B1
Tageslicht	B1
Tagesordnung	B1
Tagesschau	B1
tagsüber	B1
Taille	B1
Takt	B1
Talent	B1
Tank	B1
Tapete	B1
tapezieren	B1
tapfer	B1
Tarifvertrag	B1
tarnen	B1
Taschendieb	B1
Taschenlampe	B1
Taschenrechner	B1
tasten	B1
Tastsinn	B1
Tätigkeit	B1
tätowieren	B1
Tatsache	B1
tatsächlich	B1
Tau	B1
Taufe	B1
taufen	B1
tauglich	B1
taumeln	B1
Tausch	B1
täuschen	B1
Technik	B1
technisch	B1
Technologie	B1
Teich	B1
teilnehmen	B1
Teilnehmer	B1
teilweise	B1
Teilzeitjob	B1
Teint	B1
Telefonat	B1
Telefonzelle	B1
Teleskop	B1
Tempel	B1
Temperament	B1
Temperatur	B1
Tempo	B1
Tennisplatz	B1
Teppichklopfer	B1
Testament	B1
Teufel	B1
Textilien	B1
Theke	B1
Theorie	B1
Therapeut	B1
Therapie	B1
These	B1
Thron	B1
ticken	B1
Ticketautomat	B1
Tiefe	B1
Tiefkühltruhe	B1
Tierheim	B1
tierisch	B1
Tierschutz	B1
Tiger	B1
tilgen	B1
Tischler	B1
Titel	B1
toben	B1
tödlich	B1
tolerant	B1
Toleranzgrenze	B1
tollpatschig	B1
Tollwut	B1
Tonne	B1
Topfpflanze	B1
Törtchen	B1
tosen	B1
töten	B1
Tradition	B1
träge	B1
Trainerin	B1
Trainingslager	B1
Traktor	B1
trampeln	B1
Träne	B1
transparent	B1
Transport	B1
trauen	B1
Trauer	B1
trauern	B1
träufeln	B1
Traumjob	B1
treffend	B1
Treffer	B1
Treffpunkt	B1
treiben	B1
Treibhauseffekt	B1
Treibstoff	B1
Trend	B1
Trennung	B1
treu	B1
Treue	B1
Tribüne	B1
Trichter	B1
Trick	B1
Trikot	B1
Trinkwasser	B1
Trockner	B1
Trödelmarkt	B1
Trommelfell	B1
trommeln	B1
Trompete	B1
trompeten	B1
Tropen	B1
Trost	B1
trösten	B1
Trottel	B1
trotzen	B1
trüben	B1
Trümmer	B1
Truppe	B1
tüfteln	B1
turbulent	B1
Turnhalle	B1
Turnier	B1
tuscheln	B1
Typ	B1
Tyrann	B1
übel	B1
Übelkeit	B1
überbieten	B1
überbrücken	B1
überdauern	B1
überfahren	B1
Überfall	B1
überfällig	B1
überfliegen	B1
überflüssig	B1
überfluten	B1
überfordern	B1
überfüllt	B1
Übergang	B1
übergeben	B1
Übergewicht	B1
übergewichtig	B1
überglücklich	B1
überhören	B1
überlassen	B1
überlaufen	B1
Überleben	B1
übermäßig	B1
übermitteln	B1
Übermut	B1
übermütig	B1
Übernahme	B1
übernehmen	B1
überprüfen	B1
überragend	B1
Überraschung	B1
überreden	B1
überreichen	B1
überschätzen	B1
überschaubar	B1
überschlagen	B1
überschreiten	B1
Überschrift	B1
Überschwemmung	B1
übersehen	B1
übersetzen	B1
Übersetzung	B1
übersichtlich	B1
überspringen	B1
überstehen	B1
übersteigen	B1
überstimmen	B1
Überstunde	B1
übertönen	B1
Übertragung	B1
übertreffen	B1
übertreiben	B1
übertrieben	B1
überwältigen	B1
überweisen	B1
Überweisung	B1
überwiegen	B1
überzeugen	B1
überzeugt	B1
Überzeugung	B1
überziehen	B1
üblich	B1
umblättern	B1
umbringen	B1
umbuchen	B1
umdenken	B1
umfahren	B1
umfassend	B1
Umfrage	B1
Umgang	B1
umgänglich	B1
Umgangsformen	B1
umgehen	B1
umgehend	B1
umgraben	B1
umkehren	B1
umkippen	B1
umkommen	B1
Umkreis	B1
umkreisen	B1
Umlaufbahn	B1
umleiten	B1
umranden	B1
umrechnen	B1
Umsatz	B1
umschulen	B1
umsehen	B1
umsonst	B1
umständlich	B1
umstellen	B1
umstritten	B1
Umtausch	B1
umtauschen	B1
Umverteilung	B1
umwandeln	B1
umweltfreundlich	B1
Umweltschutz	B1
Umweltverschmutzung	B1
umwerfen	B1
umzingeln	B1
Umzugskarton	B1
Unabhängigkeit	B1
Unabhängigkeitserklärung	B1
unangenehm	B1
unauffällig	B1
unaufhaltsam	B1
unausstehlich	B1
unbeholfen	B1
unbekannt	B1
Unbekannte	B1
unbeliebt	B1
unbequem	B1
unberechenbar	B1
unbeschreiblich	B1
unbezahlbar	B1
unbrauchbar	B1
undankbar	B1
undeutlich	B1
undicht	B1
uneben	B1
unecht	B1
unehrlich	B1
Unentschieden	B1
unerfahren	B1
unerreichbar	B1
unerträglich	B1
unerwartet	B1
unerwünscht	B1
unfähig	B1
unfassbar	B1
unförmig	B1
Ungeduld	B1
ungeduldig	B1
ungeeignet	B1
ungefährlich	B1
ungehorsam	B1
ungemütlich	B1
ungenau	B1
ungenießbar	B1
ungepflegt	B1
ungerade	B1
ungerecht	B1
ungeschickt	B1
ungestört	B1
ungewiss	B1
ungewöhnlich	B1
Ungeziefer	B1
ungezogen	B1
Unglück	B1
ungültig	B1
unheilbar	B1
unheimlich	B1
unhygienisch	B1
Uniform	B1
unkompliziert	B1
Unkraut	B1
unlesbar	B1
unlogisch	B1
unnötig	B1
unpassend	B1
unpraktisch	B1
unrealistisch	B1
Unrecht	B1
unregelmäßig	B1
unreif	B1
unruhig	B1
unschlagbar	B1
unschuldig	B1
Unsicherheit	B1
unsichtbar	B1
Unsinn	B1
unsterblich	B1
untauglich	B1
unterbrechen	B1
unterbringen	B1
unterdrücken	B1
Untergang	B1
untergehen	B1
Untergrund	B1
Unterhalt	B1
unterhalten	B1
unterhaltsam	B1
Unterhaltungsprogramm	B1
unterhandeln	B1
unterkommen	B1
Unterlagen	B1
unterlassen	B1
unterlaufen	B1
Unterlippe	B1
Untermiete	B1
Unternehmen	B1
Unternehmer	B1
unterordnen	B1
unterrichten	B1
untersagen	B1
unterschätzen	B1
unterscheiden	B1
unterschiedlich	B1
unterschlagen	B1
Unterschlupf	B1
unterstreichen	B1
unterstützen	B1
Unterstützung	B1
Untersuchungshaft	B1
Untertasse	B1
Unterteil	B1
untervermieten	B1
Unterwelt	B1
unterwerfen	B1
unterzeichnen	B1
untröstlich	B1
unüberlegt	B1
unumkehrbar	B1
unverantwortlich	B1
unverbindlich	B1
unverletzt	B1
unvermittelt	B1
unvernünftig	B1
unverschämt	B1
unversehrt	B1
unverständlich	B1
unverwechselbar	B1
unvollständig	B1
unvorstellbar	B1
unwiderstehlich	B1
unwirksam	B1
unzählig	B1
unzerbrechlich	B1
unzertrennlich	B1
unzuverlässig	B1
üppig	B1
Urenkel	B1
Urgroßmutter	B1
Urgroßvater	B1
Urkunde	B1
Urlauber	B1
Urne	B1
Ursache	B1
Ursprung	B1
Urteil	B1
urteilen	B1
Urwald	B1
Utensilien	B1
Utopie	B1
Vandalismus	B1
Vegetarier	B1
Ventil	B1
verabreden	B1
verabscheuen	B1
verabschieden	B1
Verabschiedung	B1
verallgemeinern	B1
veralten	B1
verändern	B1
veranschlagen	B1
veranstalten	B1
Veranstalter	B1
verantwortlich	B1
Verantwortung	B1
verantwortungsbewusst	B1
verantwortungslos	B1
Verarbeitung	B1
verarschen	B1
verausgaben	B1
Verbandskasten	B1
verbannen	B1
verbergen	B1
verbessern	B1
Verbesserung	B1
Verbesserungsvorschlag	B1
verbeugen	B1
verbinden	B1
verblassen	B1
verbluten	B1
Verbot	B1
verbrauchen	B1
Verbraucher	B1
Verbrechen	B1
Verbrecher	B1
verbreiten	B1
Verbreitung	B1
verbringen	B1
verbünden	B1
verdächtig	B1
verdächtigen	B1
verdampfen	B1
verdanken	B1
verdauen	B1
Verdauung	B1
verderben	B1
verderblich	B1
Verdienst	B1
verdient	B1
verdoppeln	B1
verdorben	B1
verdrehen	B1
verdunkeln	B1
verdünnen	B1
verdunsten	B1
verehren	B1
Verehrer	B1
verehrt	B1
vereinbaren	B1
vereinfachen	B1
vereinheitlichen	B1
vereinigen	B1
vereinzelt	B1
vereisen	B1
verenden	B1
vererben	B1
verewigen	B1
Verfahren	B1
Verfall	B1
verfallen	B1
verfärben	B1
Verfasser	B1
verfaulen	B1
verfault	B1
verfeinern	B1
verfilmen	B1
verfliegen	B1
verfluchen	B1
verfolgen	B1
Verfolgung	B1
verformen	B1
verfremden	B1
verfrühen	B1
verfügbar	B1
verfügen	B1
verführen	B1
vergänglich	B1
vergeben	B1
vergeblich	B1
vergehen	B1
vergelten	B1
vergesslich	B1
vergeuden	B1
vergewissern	B1
vergiften	B1
Vergiftung	B1
vergittern	B1
verglasen	B1
Vergnügen	B1
vergraben	B1
vergreifen	B1
vergriffen	B1
vergrößern	B1
Vergrößerung	B1
verhaften	B1
Verhaftung	B1
verhageln	B1
Verhalten	B1
verhandeln	B1
Verhandlung	B1
verhängen	B1
verharren	B1
verhauen	B1
verheilen	B1
verheimlichen	B1
verhelfen	B1
verhindern	B1
Verhör	B1
verhören	B1
verhungern	B1
verhüten	B1
Verhütung	B1
verirren	B1
verjagen	B1
verkalkulieren	B1
Verkehrsmittel	B1
Verkehrsregel	B1
Verkehrsschild	B1
Verkehrsunfall	B1
verkehrt	B1
verklagen	B1
verkleiden	B1
Verkleidung	B1
verkleinern	B1
verknoten	B1
verknüpfen	B1
verkommen	B1
verkraften	B1
verkrampfen	B1
verkriechen	B1
verkühlen	B1
verkümmern	B1
verkünden	B1
verkuppeln	B1
verladen	B1
verlagern	B1
verlangen	B1
verlängern	B1
Verlängerung	B1
verlassen	B1
verlässlich	B1
Verleger	B1
verlernen	B1
verlesen	B1
Verletzte	B1
verleugnen	B1
verleumden	B1
verloben	B1
Verlobung	B1
verlocken	B1
verlockend	B1
verlosen	B1
Verlust	B1
vermachen	B1
Vermächtnis	B1
vermählen	B1
vermarkten	B1
vermehren	B1
vermeiden	B1
vermengen	B1
vermerken	B1
Vermieterin	B1
Verminderung	B1
vermissen	B1
Vermisste	B1
vermodern	B1
vermögen	B1
vermögend	B1
vermummen	B1
vermuten	B1
Vermutung	B1
vernehmen	B1
verneigen	B1
verneinen	B1
vernetzen	B1
vernichten	B1
Vernichtung	B1
Vernunft	B1
vernünftig	B1
veröffentlichen	B1
verordnen	B1
verpachten	B1
Verpackung	B1
verpesten	B1
verpetzen	B1
verpflanzen	B1
verpflegen	B1
Verpflegung	B1
Verpflichtung	B1
verprügeln	B1
verputzen	B1
verraten	B1
verrechnen	B1
verrenken	B1
verrichten	B1
verriegeln	B1
verringern	B1
verrosten	B1
verrotten	B1
verrücken	B1
verrückt	B1
versagen	B1
versalzen	B1
versammeln	B1
Versammlung	B1
Versand	B1
versäumen	B1
verschaffen	B1
verschanzen	B1
verschätzen	B1
verscheuchen	B1
verschicken	B1
verschimmeln	B1
verschlimmern	B1
verschlingen	B1
verschlucken	B1
verschmelzen	B1
verschmutzen	B1
Verschmutzung	B1
verschnaufen	B1
verschonen	B1
verschreiben	B1
verschulden	B1
verschweigen	B1
verschwenderisch	B1
Verschwendung	B1
verschwinden	B1
verschwitzen	B1
verschwommen	B1
verschwören	B1
Versehen	B1
versehentlich	B1
versenden	B1
versenken	B1
versetzen	B1
verseuchen	B1
versichern	B1
Versicherungspolice	B1
versiegeln	B1
versinken	B1
versöhnen	B1
Versöhnung	B1
versorgen	B1
verspäten	B1
versperren	B1
verspielen	B1
verspielt	B1
verspotten	B1
verstaatlichen	B1
Verstand	B1
verständlich	B1
Verständnis	B1
verständnisvoll	B1
Verstärker	B1
verstaubt	B1
verstauchen	B1
verstauen	B1
Versteck	B1
verstellbar	B1
verstellen	B1
versteuern	B1
verstimmen	B1
verstopfen	B1
verstopft	B1
Verstoß	B1
verstoßen	B1
verstreuen	B1
verstümmeln	B1
verstummen	B1
Versuch	B1
versüßen	B1
vertagen	B1
vertauschen	B1
verteidigen	B1
verteilen	B1
verteuern	B1
vertiefen	B1
vertilgen	B1
vertonen	B1
vertragen	B1
verträglich	B1
Vertrauen	B1
vertraulich	B1
vertraut	B1
vertreiben	B1
vertreten	B1
Vertreter	B1
Vertrieb	B1
vertrocknen	B1
vertuschen	B1
verüben	B1
verunglücken	B1
verunreinigen	B1
verunsichern	B1
verursachen	B1
verurteilen	B1
vervielfältigen	B1
vervollständigen	B1
verwackeln	B1
verwählen	B1
verwahren	B1
verwalten	B1
Verwaltung	B1
verwandeln	B1
verwandt	B1
Verwandtschaft	B1
verwarnen	B1
verwechseln	B1
Verwechslung	B1
verwehren	B1
verweigern	B1
verweilen	B1
Verweis	B1
verwelken	B1
verwenden	B1
verwerten	B1
verwesen	B1
verwickeln	B1
verwirren	B1
verwirrend	B1
verwischen	B1
verwitwen	B1
verwöhnt	B1
verwunden	B1
verwüsten	B1
verzählen	B1
verzaubern	B1
verzehren	B1
Verzeichnis	B1
verzeihen	B1
Verzeihung	B1
verzerren	B1
verzichten	B1
verzieren	B1
Verzierung	B1
verzinsen	B1
Verzögerung	B1
verzollen	B1
verzweifelt	B1
Verzweiflungstat	B1
verzweigen	B1
vibrieren	B1
Vieh	B1
vielfältig	B1
vielseitig	B1
Vielzahl	B1
Viertelfinale	B1
Virus	B1
Visitenkarte	B1
visualisieren	B1
Vitrine	B1
Vogelscheuche	B1
Volk	B1
Volkshochschule	B1
Volkslied	B1
Volkswirtschaft	B1
vollautomatisch	B1
vollbringen	B1
vollenden	B1
vollkommen	B1
Vollmond	B1
Vollpension	B1
vollständig	B1
volltanken	B1
vollwertig	B1
Vollzeitjob	B1
Vorabend	B1
vorangehen	B1
vorankommen	B1
voraussagen	B1
Voraussetzung	B1
voraussichtlich	B1
vorbehalten	B1
vorbeifahren	B1
vorbeikommen	B1
Vorbereitung	B1
vorbestellen	B1
vorbeugen	B1
Vorbild	B1
vorbildhaft	B1
Vordergrund	B1
Vorderseite	B1
vordrängeln	B1
voreilen	B1
voreilig	B1
vorenthalten	B1
vorfahren	B1
Vorfahrt	B1
Vorfall	B1
vorführen	B1
Vorführung	B1
Vorgang	B1
Vorgänger	B1
vorgehen	B1
Vorgesetzte	B1
vorheizen	B1
vorher	B1
vorherrschen	B1
Vorhersage	B1
vorhersagen	B1
vorig	B1
vorknöpfen	B1
vorkommen	B1
Vorkommnis	B1
vorladen	B1
Vorlage	B1
vorläufig	B1
vorlegen	B1
Vorlesung	B1
vorletzt	B1
Vorliebe	B1
vormerken	B1
Vormund	B1
vornehm	B1
Vorort	B1
Vorrat	B1
vorrätig	B1
Vorratskammer	B1
Vorrichtung	B1
vorrücken	B1
Vorruhestand	B1
vorsagen	B1
vorschießen	B1
vorschreiben	B1
Vorschrift	B1
vorsehen	B1
vorsichtig	B1
vorsingen	B1
Vorsitzende	B1
Vorsorge	B1
vorsorgen	B1
vorspielen	B1
vorsprechen	B1
Vorsprung	B1
Vorstadt	B1
Vorstand	B1
Vorstellungsgespräch	B1
vortäuschen	B1
Vorteil	B1
Vortrag	B1
vortragen	B1
Vortritt	B1
vorübergehen	B1
Vorurteil	B1
Vorwand	B1
vorwärmen	B1
vorwerfen	B1
Vorwurf	B1
vorzeigen	B1
vorzeitig	B1
vorziehen	B1
vorzüglich	B1
Vulkan	B1
Waage	B1
Wache	B1
wachsam	B1
Wachstum	B1
Wächter	B1
wackelig	B1
wackeln	B1
Waffe	B1
Waffel	B1
Wagnis	B1
Wahl	B1
wählen	B1
Wahlkampf	B1
Wahllokal	B1
wahllos	B1
Wahlrecht	B1
Wahnsinn	B1
Wahrheit	B1
wahrnehmen	B1
wahrsagen	B1
wahrscheinlich	B1
Wahrscheinlichkeit	B1
Währung	B1
Waise	B1
Wal	B1
Wallfahrt	B1
Walnuss	B1
Wandel	B1
wandeln	B1
Wanderer	B1
Wange	B1
wanken	B1
Wanne	B1
Wappen	B1
wappnen	B1
warnen	B1
Warnung	B1
Wartesaal	B1
Wartung	B1
Waschanlage	B1
Wäscheklammer	B1
Wäscheleine	B1
Wäschetrockner	B1
wasserdicht	B1
Wasserfall	B1
Wasserhahn	B1
Wasserkocher	B1
Wasserkraft	B1
Wasserleitung	B1
Wassermelone	B1
wasserscheu	B1
Wasserstoff	B1
Wasserversorgung	B1
waten	B1
watscheln	B1
Wattestäbchen	B1
weben	B1
Webseite	B1
Wechsel	B1
wechselhaft	B1
Wechselkurs	B1
Wechselstube	B1
Weckruf	B1
wedeln	B1
wegbleiben	B1
wegbringen	B1
wegdenken	B1
wegfallen	B1
wegjagen	B1
weglassen	B1
weglaufen	B1
wegnehmen	B1
wegräumen	B1
wegschauen	B1
wegschicken	B1
wegschmeißen	B1
wegtreten	B1
wegziehen	B1
wehen	B1
wehleidig	B1
wehren	B1
weichen	B1
Weide	B1
weigern	B1
weihen	B1
weiterbilden	B1
weiterempfehlen	B1
weiterentwickeln	B1
Weiterentwicklung	B1
weitergeben	B1
weiterhelfen	B1
weiterkommen	B1
weiterleiten	B1
weitermachen	B1
weitläufig	B1
weitsichtig	B1
Weizen	B1
welken	B1
Welle	B1
Wellensittich	B1
Weltall	B1
weltberühmt	B1
weltfremd	B1
Weltkrieg	B1
Weltmeister	B1
Weltmeisterschaft	B1
Weltraum	B1
Weltrekord	B1
weltweit	B1
Wende	B1
wenden	B1
Wendung	B1
werben	B1
Werft	B1
Werk	B1
werkeln	B1
Werkzeugkasten	B1
Wert	B1
Wertsachen	B1
wertvoll	B1
wesentlich	B1
Wesentliche	B1
Wespe	B1
Weste	B1
westlich	B1
Wettbewerb	B1
wetten	B1
wetterfest	B1
wettern	B1
Wettkampf	B1
Wettlauf	B1
Wickeltisch	B1
widerlich	B1
widerrufen	B1
widerspenstig	B1
widerspiegeln	B1
Widerspruch	B1
Widerstandskraft	B1
widerstehen	B1
Widmung	B1
Wiederaufbau	B1
wiedererkennen	B1
wiederfinden	B1
Wiedergabe	B1
wiedergeben	B1
wiedergutmachen	B1
Wiedergutmachung	B1
wiederkommen	B1
Wiedervereinigung	B1
wiederverwenden	B1
wiederverwerten	B1
Wiege	B1
wildern	B1
Wildnis	B1
Wildschwein	B1
Wille	B1
willkommen	B1
wimmeln	B1
Wimper	B1
winddicht	B1
Windel	B1
Windenergie	B1
Windschutzscheibe	B1
Winkel	B1
winterfest	B1
winzig	B1
Wirbel	B1
Wirbelsäule	B1
wirken	B1
Wirklichkeit	B1
wirksam	B1
Wirkung	B1
wirkungslos	B1
Wirt	B1
Wirtin	B1
wirtschaften	B1
wirtschaftlich	B1
Wirtshaus	B1
wissbegierig	B1
Wissenschaft	B1
Wissenschaftler	B1
Wissenschaftlerin	B1
wissenschaftlich	B1
wittern	B1
Witwe	B1
Witwer	B1
Witz	B1
witzig	B1
Wochenmarkt	B1
Wochentag	B1
Wohl	B1
wohlhabend	B1
wohlriechend	B1
wohlschmeckend	B1
Wohltätigkeit	B1
Wohngemeinschaft	B1
Wohnheim	B1
Wohnmobil	B1
Wohnsitz	B1
Wohnviertel	B1
Wohnzimmer	B1
wölben	B1
Wolf	B1
wortkarg	B1
Wortschatz	B1
wortwörtlich	B1
Wrack	B1
wringen	B1
wuchern	B1
wühlen	B1
wund	B1
Wunder	B1
Wunderkind	B1
wunderlich	B1
Wundermittel	B1
wundern	B1
Würde	B1
würdevoll	B1
würdigen	B1
Wurf	B1
würgen	B1
Wurm	B1
Würze	B1
Wurzel	B1
Wüste	B1
Wut	B1
wüten	B1
zackig	B1
zaghaft	B1
zäh	B1
zahlbar	B1
zahlreich	B1
Zahlung	B1
zahm	B1
zähmen	B1
Zahnfleisch	B1
Zahnpasta	B1
Zahnschmerzen	B1
Zahnspange	B1
zanken	B1
Zapfsäule	B1
zappeln	B1
zärtlich	B1
Zauber	B1
Zauberer	B1
zaubern	B1
Zaubertrick	B1
Zeh	B1
Zeigefinger	B1
Zeiger	B1
Zeile	B1
Zeitalter	B1
Zeitarbeit	B1
zeitaufwendig	B1
Zeitdruck	B1
Zeitgenosse	B1
zeitgenössisch	B1
zeitlich	B1
zeitlos	B1
Zeitlupe	B1
Zeitplan	B1
Zeitpunkt	B1
Zeitraum	B1
Zeitverschwendung	B1
zeitweise	B1
Zeitzone	B1
Zelle	B1
Zensur	B1
Zentimeter	B1
Zentrale	B1
zerbrechlich	B1
zerbröckeln	B1
zerdrücken	B1
zerfallen	B1
zerkleinern	B1
zerknittern	B1
zerkratzen	B1
zerlegen	B1
zermalmen	B1
zerplatzen	B1
zerquetschen	B1
zerren	B1
zerschlagen	B1
zerschneiden	B1
zersetzen	B1
zersplittern	B1
zerstören	B1
Zerstörung	B1
zerstreuen	B1
zerstreut	B1
zertreten	B1
zertrümmern	B1
Zettelwirtschaft	B1
zeugen	B1
Zeugin	B1
Zeugnisvergabe	B1
Ziegel	B1
ziehen	B1
zielen	B1
Zielgruppe	B1
Zielscheibe	B1
zielstrebig	B1
Zimmermädchen	B1
Zimmerpflanze	B1
zimperlich	B1
Zimt	B1
Zins	B1
Zinsen	B1
Zirkus	B1
zischen	B1
Zitat	B1
Zittern	B1
Zivilcourage	B1
zögern	B1
Zone	B1
Zorn	B1
zornig	B1
Zubehör	B1
zubinden	B1
Zucht	B1
züchten	B1
zucken	B1
zudecken	B1
zudrehen	B1
Zufall	B1
zufällig	B1
Zuflucht	B1
zufügen	B1
Zufuhr	B1
Zugabe	B1
Zugang	B1
Zugbegleiter	B1
zugeben	B1
zugehen	B1
zügig	B1
zugreifen	B1
Zugriff	B1
Zuhörer	B1
zukleben	B1
zukommen	B1
zukünftig	B1
zulassen	B1
Zulassung	B1
zulegen	B1
zumuten	B1
Zunahme	B1
Zündung	B1
Zuneigung	B1
Zunft	B1
zunicken	B1
zupfen	B1
zurechtfinden	B1
zurechtkommen	B1
zureden	B1
zurückblicken	B1
zurückbringen	B1
zurückerstatten	B1
zurückfordern	B1
zurückgreifen	B1
zurückhaben	B1
zurücklassen	B1
zurücklegen	B1
zurückschicken	B1
zurücksetzen	B1
zurücktreten	B1
zurückweisen	B1
zurückzahlen	B1
zurückziehen	B1
Zusammenarbeit	B1
zusammenarbeiten	B1
zusammenbauen	B1
zusammenbrechen	B1
Zusammenbruch	B1
zusammenfalten	B1
zusammenfassen	B1
Zusammenfassung	B1
zusammenführen	B1
Zusammenhalt	B1
Zusammenhang	B1
zusammenkommen	B1
zusammenlegen	B1
zusammenpassen	B1
zusammenrechnen	B1
zusammenschließen	B1
zusammensetzen	B1
Zusammensetzung	B1
zusammenstellen	B1
Zusammenstoß	B1
zusammenstoßen	B1
zusammenzählen	B1
zusammenziehen	B1
Zusatz	B1
zuschicken	B1
Zuschlag	B1
zuschlagen	B1
zuschließen	B1
Zuschrift	B1
zusenden	B1
zusichern	B1
zuspielen	B1
zusprechen	B1
Zustand	B1
zuständig	B1
zustellen	B1
Zustellung	B1
zustimmen	B1
Zustimmung	B1
zustoßen	B1
zuteilen	B1
zutrauen	B1
zutraulich	B1
Zutritt	B1
zuverlässig	B1
zuvorkommend	B1
Zuwanderung	B1
zuwinken	B1
zuziehen	B1
Zwang	B1
zwängen	B1
zwar	B1
zweideutig	B1
Zweifel	B1
Zweig	B1
zweigen	B1
zweitrangig	B1
Zwerg	B1
zwingen	B1
zwinkern	B1
Zwischenfall	B1
Zwischenlandung	B1
Zwischenzeit	B1
zwitschern	B1
Abenteuer	B2
abfinden	B2
abgebrüht	B2
abgeklärt	B2
Abgeordnete	B2
abgrenzen	B2
Abgrenzung	B2
abhandeln	B2
Abhängigkeit	B2
Abhilfe	B2
abkapseln	B2
Abkommen	B2
Ablehnung	B2
Ablenkung	B2
ablichten	B2
abmildern	B2
Abneigung	B2
Abrechnung	B2
Abriss	B2
Abrüstung	B2
Absatz	B2
abschaffen	B2
Abschaffung	B2
abschätzig	B2
abschotten	B2
Abschreckung	B2
abschweifen	B2
Abschwung	B2
absehen	B2
Absolvent	B2
absolvieren	B2
Abstammung	B2
Abstand	B2
Abstinenz	B2
Abstraktion	B2
abstreiten	B2
absurd	B2
abwägen	B2
Abwanderung	B2
Abwechslung	B2
abwegig	B2
Abwehr	B2
abweichen	B2
Abweichung	B2
abwerten	B2
Abwertung	B2
adäquat	B2
adressieren	B2
affektieren	B2
Agenda	B2
Aggressivität	B2
agieren	B2
Agrarwirtschaft	B2
ahnden	B2
Akademiker	B2
akklimatisieren	B2
Akkord	B2
akkreditieren	B2
akribisch	B2
Aktionär	B2
aktualisieren	B2
Akzent	B2
akzentuieren	B2
alarmieren	B2
Algorithmus	B2
Alleinerziehende	B2
allgegenwärtig	B2
Allgemeinheit	B2
Allgemeinwissen	B2
altbewährt	B2
Altersarmut	B2
Alterung	B2
Ambition	B2
ambitioniert	B2
ambivalent	B2
amortisieren	B2
Amtszeit	B2
Analphabet	B2
analysieren	B2
Anarchie	B2
anbahnen	B2
anberaumen	B2
Anbieter	B2
andeuten	B2
Andeutung	B2
Androhung	B2
aneignen	B2
Aneignung	B2
Aneinanderreihung	B2
Anerkennung	B2
anfällig	B2
anfechten	B2
Anfechtung	B2
anfreunden	B2
Angebotsvielfalt	B2
angehen	B2
Angelegenheit	B2
angemessen	B2
Angemessenheit	B2
angesehen	B2
angleichen	B2
Anhänger	B2
anhäufen	B2
Anhäufung	B2
Anhörung	B2
animieren	B2
Anklage	B2
Ankläger	B2
anmaßend	B2
Anmut	B2
Annahmeverweigerung	B2
annektieren	B2
Anonymität	B2
Anpassung	B2
anregen	B2
Anreiz	B2
anrüchig	B2
Ansatz	B2
Anschaffung	B2
anschaulich	B2
Anschein	B2
Anschuldigung	B2
ansehnlich	B2
ansiedeln	B2
anspielen	B2
anstacheln	B2
Anstand	B2
ansteckend	B2
Anstellung	B2
Anstieg	B2
Anstoß	B2
anstößig	B2
anstreben	B2
antreiben	B2
anvertrauen	B2
Anwärter	B2
Anwendung	B2
Anwesen	B2
anzetteln	B2
anzweifeln	B2
appellieren	B2
Arbeitsaufwand	B2
Arbeitsbedingungen	B2
Arbeitsklima	B2
Arbeitsmoral	B2
Arbeitsteilung	B2
Archäologe	B2
argumentieren	B2
argwöhnisch	B2
Aristokratie	B2
Armutsgrenze	B2
Arroganz	B2
Artenvielfalt	B2
Artgenosse	B2
artikulieren	B2
Aspekt	B2
assistieren	B2
Assoziation	B2
assoziieren	B2
Asylbewerber	B2
attackieren	B2
Attraktivität	B2
aufarbeiten	B2
aufbauschen	B2
aufbegehren	B2
Aufbewahrung	B2
aufbringen	B2
Aufbruch	B2
aufdecken	B2
auferlegen	B2
auffassen	B2
aufgebracht	B2
aufgeweckt	B2
aufgliedern	B2
Aufhebung	B2
aufhetzen	B2
aufkeimen	B2
Aufklärung	B2
Auflage	B2
Auflehnung	B2
Aufopferung	B2
Aufprall	B2
aufrechterhalten	B2
aufrichtig	B2
Aufrichtigkeit	B2
Aufruhr	B2
Aufrüstung	B2
aufrütteln	B2
aufschlüsseln	B2
aufschlussreich	B2
Aufschub	B2
Aufschwung	B2
Aufsicht	B2
aufspüren	B2
Aufstand	B2
Aufwand	B2
aufweisen	B2
Aufwertung	B2
aufwiegen	B2
aufzwingen	B2
ausarbeiten	B2
ausbaden	B2
ausbauen	B2
ausbaufähig	B2
Ausbeute	B2
ausbeuten	B2
Ausbeutung	B2
ausblenden	B2
Ausbreitung	B2
ausbremsen	B2
Ausdauer	B2
ausdehnen	B2
ausdiskutieren	B2
ausdrucksstark	B2
Ausdrucksweise	B2
auseinanderdriften	B2
auseinandersetzen	B2
Auseinandersetzung	B2
ausfechten	B2
ausfeilen	B2
ausformulieren	B2
Ausfuhr	B2
Ausgangslage	B2
ausgefallen	B2
ausgeklügelt	B2
ausgelassen	B2
ausgeprägt	B2
Ausgleich	B2
ausgleichen	B2
ausgrenzen	B2
Ausgrenzung	B2
aushandeln	B2
aushebeln	B2
Aushilfe	B2
ausklügeln	B2
auskosten	B2
Auslastung	B2
ausleben	B2
Auslegung	B2
Auslieferung	B2
Auslosung	B2
ausmalen	B2
Ausmaß	B2
ausmerzen	B2
aussagekräftig	B2
ausschlachten	B2
ausschlaggebend	B2
ausschließen	B2
ausschmücken	B2
ausschöpfen	B2
Ausschreitung	B2
Ausschuss	B2
ausschweifend	B2
ausstatten	B2
Ausstattung	B2
Ausstrahlung	B2
Austragung	B2
austüfteln	B2
Ausübung	B2
ausufern	B2
Auswanderung	B2
auswerten	B2
Auswertung	B2
auswuchern	B2
authentifizieren	B2
automatisieren	B2
Autonomie	B2
autoritär	B2
Autorität	B2
Balance	B2
balancieren	B2
Ballungsraum	B2
banal	B2
Bandbreite	B2
bändigen	B2
bangen	B2
Barmherzigkeit	B2
Barriere	B2
Baukunst	B2
beabsichtigen	B2
Beachtung	B2
beanspruchen	B2
beanstanden	B2
Beanstandung	B2
bebauen	B2
Bedenken	B2
bedenklich	B2
bedeutsam	B2
Bedienungsfreundlichkeit	B2
bedingen	B2
bedrohen	B2
Bedrohung	B2
beeindrucken	B2
beeinflussen	B2
beeinträchtigen	B2
befähigen	B2
Befangenheit	B2
befassen	B2
befeuern	B2
beflügeln	B2
Beförderungsmittel	B2
Befragung	B2
Befreiung	B2
befremden	B2
befremdlich	B2
Befugnis	B2
Befund	B2
befürchten	B2
befürworten	B2
Begehren	B2
Begeisterung	B2
begleichen	B2
begradigen	B2
begünstigen	B2
begutachten	B2
behagen	B2
Beharrlichkeit	B2
beheben	B2
beherbergen	B2
Beherrschung	B2
Behinderte	B2
behutsam	B2
Beihilfe	B2
beikommen	B2
beilegen	B2
beimessen	B2
beimischen	B2
beinhalten	B2
beipacken	B2
Beisein	B2
beispielhaft	B2
Beistand	B2
beisteuern	B2
beitreten	B2
Bekämpfung	B2
Bekanntgabe	B2
Bekenntnis	B2
beklemmend	B2
bekunden	B2
belächeln	B2
belagern	B2
Belagerung	B2
belanglos	B2
belaufen	B2
beleben	B2
belegen	B2
Belegschaft	B2
Beliebtheit	B2
bemächtigen	B2
bemängeln	B2
bemerkenswert	B2
bemessen	B2
Bemessung	B2
benachteiligen	B2
Benachteiligung	B2
beneiden	B2
Beobachtung	B2
bepflanzen	B2
beratschlagen	B2
Berechnung	B2
Berechtigung	B2
Bereicherung	B2
bereinigen	B2
bergab	B2
bergauf	B2
Bergbau	B2
Berichterstattung	B2
Berücksichtigung	B2
berufen	B2
Berufung	B2
besänftigen	B2
Beschaffenheit	B2
Beschaffung	B2
Beschäftigung	B2
Bescheidenheit	B2
Beschlagnahmung	B2
beschleunigen	B2
Beschleuniger	B2
Beschleunigung	B2
beschönigen	B2
beschränken	B2
Beschränkung	B2
Beschuldigung	B2
beschwerlich	B2
beschwichtigen	B2
beschwören	B2
Beseitigung	B2
Besetzung	B2
besiegeln	B2
Besinnung	B2
besonnen	B2
Besonnenheit	B2
Bestandteil	B2
bestärken	B2
bestäuben	B2
bestechend	B2
Bestechung	B2
besteuern	B2
Bestimmung	B2
Bestrafung	B2
Bestreben	B2
bestreiten	B2
bestücken	B2
Beteiligte	B2
betiteln	B2
beträchtlich	B2
Betrachtung	B2
betrauern	B2
Betriebsklima	B2
Betriebsrat	B2
betten	B2
beugen	B2
Beugung	B2
beurkunden	B2
beurlauben	B2
Beurteilung	B2
bevollmächtigen	B2
bevormunden	B2
Bevormundung	B2
bevorzugen	B2
Bevorzugung	B2
Bewährung	B2
bewältigen	B2
Bewältigung	B2
bewandert	B2
Bewandtnis	B2
Beweis	B2
Beweislast	B2
Bewerbungsunterlagen	B2
bewerkstelligen	B2
bewerten	B2
Bewertung	B2
bewirken	B2
Bewunderer	B2
Bewusstsein	B2
bezeichnend	B2
Bezeichnung	B2
bezichtigen	B2
Bezug	B2
bezuschussen	B2
bilanzieren	B2
Bindeglied	B2
Biodiversität	B2
Blamage	B2
blauäugig	B2
Blickwinkel	B2
Blockade	B2
bloßstellen	B2
blumig	B2
Botschafter	B2
Boulevardpresse	B2
brandmarken	B2
Brandstiftung	B2
Brauchtum	B2
Brennpunkt	B2
Brisanz	B2
brüchig	B2
brüskieren	B2
Bruttoeinkommen	B2
Buchhalter	B2
büffeln	B2
Bündel	B2
bündeln	B2
bündig	B2
bürgen	B2
Bürgerinitiative	B2
Bürgerkrieg	B2
Bürgschaft	B2
Chancengleichheit	B2
charakterisieren	B2
Charisma	B2
Charme	B2
Chronik	B2
Coup	B2
dahinschmelzen	B2
darbieten	B2
darlegen	B2
Dasein	B2
Datenerhebung	B2
Datenmissbrauch	B2
Dauerbelastung	B2
Debatte	B2
debattieren	B2
dechiffrieren	B2
decken	B2
deduzieren	B2
definieren	B2
Defizit	B2
deformieren	B2
degenerieren	B2
deklarieren	B2
delegieren	B2
Delikt	B2
Demografie	B2
Demontage	B2
Demut	B2
Denkanstoß	B2
denkbar	B2
Denkfehler	B2
Denkweise	B2
deplatziert	B2
desaströs	B2
desolat	B2
Devise	B2
dezimieren	B2
Diagnose	B2
diagnostizieren	B2
Diagramm	B2
Dichte	B2
diffamieren	B2
differenzieren	B2
differenziert	B2
digitalisieren	B2
Diktatur	B2
diktieren	B2
Dilemma	B2
dilettantisch	B2
Dimension	B2
dimensionieren	B2
Diplomatie	B2
diplomatisch	B2
diskreditieren	B2
diskriminieren	B2
disqualifizieren	B2
Distanz	B2
distanzieren	B2
Disziplin	B2
diszipliniert	B2
Diversität	B2
Dogma	B2
dogmatisch	B2
Doktrin	B2
Dominanz	B2
dominieren	B2
Dominoeffekt	B2
doppeldeutig	B2
Doppelmoral	B2
Dramatik	B2
dramatisieren	B2
drangsalieren	B2
Drehkreuz	B2
Dreieck	B2
Dringlichkeit	B2
Drittel	B2
dröhnen	B2
drosseln	B2
dubios	B2
duellieren	B2
Duldung	B2
durchboxen	B2
Durchbruch	B2
durchdacht	B2
durchdenken	B2
durchdringen	B2
durchforsten	B2
Durchführung	B2
durchhalten	B2
Durchhaltevermögen	B2
durchkreuzen	B2
durchlaufen	B2
durchleben	B2
durchringen	B2
durchschauen	B2
durchschimmern	B2
Durchschnitt	B2
Durchsetzungsvermögen	B2
durchsickern	B2
durchtrieben	B2
durchwachsen	B2
durchwühlen	B2
durchzechen	B2
Dürre	B2
Ebene	B2
Echtheit	B2
Edelmetall	B2
Effekt	B2
effizient	B2
Effizienz	B2
Egoismus	B2
egoistisch	B2
ehrfürchtig	B2
Ehrgeiz	B2
eichen	B2
Eifersucht	B2
Eigenart	B2
Eigenkapital	B2
Eigenlob	B2
Eigennutz	B2
eigennützig	B2
eigenständig	B2
Eigentum	B2
Eigenverantwortung	B2
Eignung	B2
einberufen	B2
einbetten	B2
einbeziehen	B2
Einbildung	B2
Einbürgerung	B2
einbüßen	B2
eindämmen	B2
Eindämmung	B2
eindimensional	B2
einebnen	B2
Einfachheit	B2
einfädeln	B2
einflechten	B2
einflößen	B2
einflussreich	B2
einfordern	B2
Einfühlungsvermögen	B2
Einfuhr	B2
Eingebung	B2
eingehen	B2
eingestehen	B2
eingliedern	B2
Eingliederung	B2
eingreifen	B2
Einhaltung	B2
Einheit	B2
einheitlich	B2
einhergehen	B2
Einigung	B2
einkesseln	B2
Einklang	B2
Einkommensverteilung	B2
einleiten	B2
einlenken	B2
Einmischung	B2
einmünden	B2
Einnahmequelle	B2
einnisten	B2
Einöde	B2
einpendeln	B2
einpflanzen	B2
einprägsam	B2
einprogrammieren	B2
einräumen	B2
Einreichung	B2
Einsatz	B2
Einschätzung	B2
einschleichen	B2
einschleusen	B2
einschmeicheln	B2
einschneidend	B2
Einschnitt	B2
einschränken	B2
Einschränkung	B2
einschreiten	B2
einschüchtern	B2
Einschüchterung	B2
einsetzen	B2
Einsicht	B2
einspannen	B2
einsparen	B2
Einsparung	B2
einspeisen	B2
einstampfen	B2
einstufen	B2
Einstufung	B2
Eintracht	B2
einträglich	B2
eintrichtern	B2
einverleiben	B2
Einvernehmen	B2
einvernehmlich	B2
Einwand	B2
Einwanderung	B2
einwilligen	B2
Einwilligung	B2
Einzelhandel	B2
einzementieren	B2
Einzug	B2
Eleganz	B2
elementar	B2
elitär	B2
Elite	B2
Emanzipation	B2
Embargo	B2
emigrieren	B2
Empathie	B2
Empfindung	B2
empören	B2
Empörung	B2
emsig	B2
Endeffekt	B2
engagiert	B2
Engpass	B2
engstirnig	B2
entarten	B2
entbehren	B2
Entbehrung	B2
entbinden	B2
entblößen	B2
Enteignung	B2
entfachen	B2
entfalten	B2
Entfaltung	B2
entfremden	B2
entgegenkommen	B2
entgegensetzen	B2
entgegenwirken	B2
Entgelt	B2
entgleisen	B2
entgleiten	B2
Enthaltung	B2
enthemmen	B2
Enthüllung	B2
entkoppeln	B2
Entkriminalisierung	B2
entlarven	B2
Entlastung	B2
entlegen	B2
entlehnen	B2
entlocken	B2
Entlohnung	B2
entmachten	B2
Entmündigung	B2
entnehmen	B2
entpuppen	B2
entrichten	B2
entrüstet	B2
entschädigen	B2
Entschädigung	B2
entschärfen	B2
Entschlossenheit	B2
entschlüsseln	B2
entsenden	B2
Entsorgung	B2
entsprießen	B2
Entstehung	B2
entwachsen	B2
entwaffnen	B2
entweichen	B2
entwurzeln	B2
entzücken	B2
Entzug	B2
entzünden	B2
Epidemie	B2
Epoche	B2
erachten	B2
erbarmungslos	B2
erbeuten	B2
erbittert	B2
Erbschaft	B2
Erdrutsch	B2
erdulden	B2
erfassen	B2
Erfassung	B2
Erfolgsdruck	B2
Erfordernis	B2
erforschen	B2
Erfüllung	B2
ergattern	B2
ergebnislos	B2
Ergebnisorientierung	B2
ergehen	B2
erhaben	B2
erhaschen	B2
Erhebung	B2
erheitern	B2
Erkenntnis	B2
erklimmen	B2
erkunden	B2
erlahmen	B2
erlangen	B2
erläutern	B2
erleichtern	B2
Erleichterung	B2
erleiden	B2
Ermächtigung	B2
Ermahnung	B2
ermatten	B2
Ermessen	B2
ermitteln	B2
Ermittler	B2
ermöglichen	B2
ermuntern	B2
ermutigen	B2
Ermutigung	B2
Erniedrigung	B2
Ernsthaftigkeit	B2
ernüchtern	B2
Eroberung	B2
erörtern	B2
Erpresser	B2
errechnen	B2
Errichtung	B2
erringen	B2
Erscheinung	B2
erschleichen	B2
erschließen	B2
Erschließung	B2
erschöpfen	B2
Erschöpfung	B2
Erschütterung	B2
erschweren	B2
ersichtlich	B2
ersinnen	B2
ersparen	B2
Ersparnis	B2
erstarren	B2
erstatten	B2
Erstattung	B2
Erstaufführung	B2
erstrahlen	B2
erstreben	B2
erstrebenswert	B2
ertasten	B2
Ertragslage	B2
erwägen	B2
erwehren	B2
erweisen	B2
erweitern	B2
Erwerb	B2
erwerben	B2
Erwerbslosigkeit	B2
erwirken	B2
erwirtschaften	B2
Erzeugnis	B2
erzielen	B2
erzwingen	B2
Eskalation	B2
eskalieren	B2
essentiell	B2
etablieren	B2
Etappe	B2
Etat	B2
Ethnie	B2
Euphorie	B2
euphorisch	B2
evaluieren	B2
Existenzgrundlage	B2
existenziell	B2
exorbitant	B2
Expansion	B2
Expedition	B2
experimentell	B2
explizit	B2
exquisit	B2
facettenreich	B2
Fachkenntnis	B2
Fachkraft	B2
Fachkräftemangel	B2
fadenscheinig	B2
Fahndungserfolg	B2
fahrlässig	B2
Fahrlässigkeit	B2
Faktor	B2
Fälligkeit	B2
Fallstudie	B2
Fassung	B2
Faszination	B2
fatal	B2
favorisieren	B2
Fazit	B2
federführend	B2
Fehde	B2
fehlerfrei	B2
Fehlverhalten	B2
Feindschaft	B2
Feindseligkeit	B2
feinfühlig	B2
Feinschliff	B2
fesseln	B2
fesselnd	B2
festfahren	B2
festigen	B2
festklammern	B2
festnageln	B2
filigran	B2
finanzieren	B2
Finanzkrise	B2
Finesse	B2
Fingerspitzengefühl	B2
Firmengründung	B2
Fiskus	B2
flächendeckend	B2
Flächennutzung	B2
flankieren	B2
Flaute	B2
Flexibilität	B2
florieren	B2
Fluktuation	B2
fluktuieren	B2
folgenschwer	B2
folgern	B2
Folter	B2
Fördermittel	B2
Formalität	B2
formell	B2
formieren	B2
Forschungsstand	B2
fortbestehen	B2
fortbilden	B2
Fortbildung	B2
fortfahren	B2
fortführen	B2
fortpflanzen	B2
Fortpflanzung	B2
fortschreiten	B2
fortschrittlich	B2
fortwirken	B2
Fragestellung	B2
fragwürdig	B2
frappierend	B2
Freibetrag	B2
Freihandel	B2
freimütig	B2
Freispruch	B2
Fremdenfeindlichkeit	B2
Fremdwort	B2
Frequenz	B2
frevelhaft	B2
Friedensvertrag	B2
frönen	B2
Frustrationstoleranz	B2
fügsam	B2
Fügung	B2
Fundgrube	B2
fundieren	B2
funktionalisieren	B2
Fürsorge	B2
Fürsprecher	B2
Fusion	B2
galant	B2
Galgenhumor	B2
gängig	B2
garnieren	B2
Gastronomie	B2
gebieten	B2
Gebietsanspruch	B2
Gebot	B2
gebührend	B2
Gedankengang	B2
Gedankenspiel	B2
gediegen	B2
Gefährdung	B2
Gefährte	B2
Gefälle	B2
Gefälligkeit	B2
Gefangenschaft	B2
gefügig	B2
Gegebenheit	B2
Gegenleistung	B2
Gegenmaßnahme	B2
Gegensatz	B2
Gegenstand	B2
gegensteuern	B2
gegenüberstellen	B2
Gegenüberstellung	B2
gegenwärtig	B2
gehaltvoll	B2
Geiselnahme	B2
Geisteshaltung	B2
Gelände	B2
gelassen	B2
Gelassenheit	B2
geläufig	B2
Geldwäsche	B2
geleiten	B2
Geltung	B2
gemäßigt	B2
Gemeinnützigkeit	B2
Gemeinwohl	B2
Gemüt	B2
Genauigkeit	B2
generalisieren	B2
Generalprobe	B2
generieren	B2
Genesung	B2
genügsam	B2
Genugtuung	B2
geraum	B2
Gerichtsverfahren	B2
Geringfügigkeit	B2
Gerücht	B2
Gesamtheit	B2
Geschäftsmodell	B2
Geschicklichkeit	B2
geschmeidig	B2
Geschworene	B2
Gesetzentwurf	B2
Gesichtspunkt	B2
Gesinnung	B2
gesittet	B2
Gestaltung	B2
Gestaltungsspielraum	B2
gestatten	B2
gestehen	B2
Gesundheitswesen	B2
gewährleisten	B2
Gewaltbereitschaft	B2
Gewaltenteilung	B2
gewichten	B2
gewieft	B2
gewinnbringend	B2
Gewinnspanne	B2
gewissenlos	B2
Gewissensbisse	B2
Gewissheit	B2
gezielt	B2
gezwungenermaßen	B2
gipfeln	B2
glaubwürdig	B2
Glaubwürdigkeit	B2
Gleichgewicht	B2
Gleichgültigkeit	B2
gleichmütig	B2
Gleichstellung	B2
Gliederung	B2
Globalisierung	B2
glorifizieren	B2
Gnadenfrist	B2
gnadenlos	B2
Grausamkeit	B2
gravierend	B2
greifbar	B2
grenzenlos	B2
Größenordnung	B2
Großhandel	B2
Großmut	B2
grotesk	B2
Grundhaltung	B2
grundlegend	B2
Gründlichkeit	B2
Grundrecht	B2
Grundsatz	B2
grundsätzlich	B2
Grundversorgung	B2
gruppieren	B2
Gunst	B2
Gutachten	B2
gutgläubig	B2
gutheißen	B2
Gutmütigkeit	B2
gutschreiben	B2
haarsträubend	B2
habgierig	B2
Haftbefehl	B2
Haftung	B2
halbherzig	B2
Halbwahrheit	B2
haltlos	B2
Haltung	B2
Handelsabkommen	B2
Handhabung	B2
hanebüchen	B2
harmonisch	B2
hartnäckig	B2
Hartnäckigkeit	B2
Häufigkeit	B2
Hauptaugenmerk	B2
haushalten	B2
Hausse	B2
hegen	B2
Heilmittel	B2
Heimtücke	B2
hemmen	B2
hemmend	B2
Hemmschwelle	B2
hemmungslos	B2
herablassend	B2
Herangehensweise	B2
heraufbeschwören	B2
herausfinden	B2
herauskristallisieren	B2
herausragen	B2
herausragend	B2
herausstellen	B2
herb	B2
herbeiführen	B2
herbeisehnen	B2
herkömmlich	B2
herunterwirtschaften	B2
hervorgehen	B2
hervorheben	B2
hervorstechen	B2
hervortun	B2
Herzlichkeit	B2
Heuchelei	B2
Hierarchie	B2
Hierarchieebene	B2
Hilfsbereitschaft	B2
hinauszögern	B2
hinfällig	B2
Hingabe	B2
hinreichend	B2
Hinrichtung	B2
Hinsicht	B2
hinterfragen	B2
hintergründig	B2
Hinterhalt	B2
hinterhältig	B2
hinterziehen	B2
Hochkonjunktur	B2
Hochmut	B2
hochnäsig	B2
hochrechnen	B2
hochschrauben	B2
hochtrabend	B2
Höflichkeitsfloskel	B2
honorieren	B2
horchen	B2
Hörensagen	B2
huldigen	B2
human	B2
Hürde	B2
Hygiene	B2
Hypothek	B2
Hypothese	B2
Idealismus	B2
Identifikation	B2
identifizieren	B2
Identität	B2
idyllisch	B2
Ignoranz	B2
illegal	B2
illegitim	B2
Illusion	B2
illustrieren	B2
Imageschaden	B2
immigrieren	B2
Immunsystem	B2
implementieren	B2
imposant	B2
improvisieren	B2
Impuls	B2
inakzeptabel	B2
Inbetriebnahme	B2
Indikator	B2
indiskutabel	B2
individualisieren	B2
Individualität	B2
Indiz	B2
Ineffizienz	B2
inexistent	B2
infizieren	B2
inflationär	B2
informell	B2
Infrastruktur	B2
Inhaftierung	B2
inhuman	B2
Initiative	B2
initiieren	B2
inkompetent	B2
inkonsequent	B2
Inkonsequenz	B2
Innovation	B2
inspizieren	B2
Instandhaltung	B2
inständig	B2
Instanz	B2
instruieren	B2
Integration	B2
integrativ	B2
integrieren	B2
Integrität	B2
Intellekt	B2
intensivieren	B2
Interessenkonflikt	B2
Interpretation	B2
intervenieren	B2
Intoleranz	B2
intrigant	B2
Intrige	B2
Intuition	B2
Inventar	B2
Investor	B2
Ironie	B2
irreführend	B2
irreparabel	B2
irritieren	B2
irrsinnig	B2
Jahresabschluss	B2
Jahresumsatz	B2
justieren	B2
Justizirrtum	B2
Kalkulation	B2
kalkulieren	B2
Kaltblütigkeit	B2
kaltschnäuzig	B2
kanalisieren	B2
Kapazität	B2
Kapitulation	B2
kapitulieren	B2
kapriziös	B2
karitativ	B2
kaschieren	B2
katalogisieren	B2
Katalysator	B2
katastrophal	B2
Kaufkraft	B2
Kausalität	B2
Kehrtwende	B2
Kernkraft	B2
Kettenreaktion	B2
Kinderarmut	B2
Klarheit	B2
klassifizieren	B2
Klausel	B2
Kleinigkeit	B2
Klientel	B2
Klimaschutz	B2
Klischee	B2
Knappheit	B2
Koexistenz	B2
Kohäsion	B2
kokettieren	B2
Kollaps	B2
kollidieren	B2
kommentieren	B2
Kompensation	B2
kompensieren	B2
kompetent	B2
Kompetenz	B2
Komplexität	B2
Komplikation	B2
Kompliment	B2
Komplott	B2
kompromissbereit	B2
kompromisslos	B2
konfiszieren	B2
konfliktscheu	B2
konform	B2
Konfrontation	B2
konfrontieren	B2
Konjunktur	B2
konkretisieren	B2
Konkurrenz	B2
konsequent	B2
Konsequenz	B2
Konsolidierung	B2
Konspiration	B2
konstruieren	B2
konstruktiv	B2
kontern	B2
Kontext	B2
Kontingent	B2
kontinuierlich	B2
Kontinuität	B2
Kontrahent	B2
kontraproduktiv	B2
kontrastieren	B2
Kontrollverlust	B2
kontrovers	B2
Kontroverse	B2
Konvention	B2
konvertieren	B2
Konzentration	B2
Konzeption	B2
Kooperation	B2
Kooperationsbereitschaft	B2
kooperieren	B2
Koordination	B2
koordinieren	B2
Kopfzerbrechen	B2
Körperschaft	B2
Korrektur	B2
korrelieren	B2
korrupt	B2
Kostenaufwand	B2
kostspielig	B2
Kraftakt	B2
Kreativität	B2
Kreislaufwirtschaft	B2
kriminell	B2
Krisenmanagement	B2
Kriterium	B2
Krönung	B2
Kulanz	B2
Kulturerbe	B2
Kundgebung	B2
Kundschaft	B2
Kuriosität	B2
kursieren	B2
Kursverlust	B2
Kurswechsel	B2
Kurzfassung	B2
kurzlebig	B2
kurzweilig	B2
lahmlegen	B2
Laie	B2
lancieren	B2
Landschaftsschutz	B2
langfristig	B2
Langlebigkeit	B2
lapidar	B2
lästerlich	B2
latent	B2
lau	B2
Laufbahn	B2
lebensbejahend	B2
Lebensgefährte	B2
Lebenshaltungskosten	B2
Lebenslage	B2
Lebenswandel	B2
Lebhaftigkeit	B2
Leerstand	B2
Legalisierung	B2
Legende	B2
legitimieren	B2
leichtfertig	B2
Leichtfertigkeit	B2
leichtgläubig	B2
leidlich	B2
Leitfaden	B2
Leitlinie	B2
Lernbereitschaft	B2
Leseverständnis	B2
liberalisieren	B2
Liberalisierung	B2
Lichtblick	B2
Liebhaber	B2
liquidieren	B2
Lobby	B2
Lockerung	B2
Logistik	B2
Lohnerhöhung	B2
lokalisieren	B2
losbrechen	B2
loseisen	B2
loslegen	B2
lossagen	B2
lostreten	B2
Loyalität	B2
lukrativ	B2
Machbarkeit	B2
Machtmissbrauch	B2
Machtübernahme	B2
makaber	B2
Makel	B2
makellos	B2
Manipulation	B2
manipulativ	B2
Marktanteil	B2
Marktlücke	B2
Marktwirtschaft	B2
Massenproduktion	B2
maßgeblich	B2
maßgeschneidert	B2
Maßnahmenkatalog	B2
Maßstab	B2
Materialismus	B2
Mäzen	B2
Mediation	B2
Medienlandschaft	B2
Mehraufwand	B2
mehrdeutig	B2
Meilenstein	B2
Meinungsaustausch	B2
Meinungsverschiedenheit	B2
menschenverachtend	B2
Menschenwürde	B2
Mentalität	B2
mildern	B2
Milderung	B2
minderjährig	B2
Minderung	B2
minimieren	B2
Missachtung	B2
Missbilligung	B2
missbrauchen	B2
missdeuten	B2
Missgeschick	B2
Missgunst	B2
Misshandlung	B2
missmutig	B2
missraten	B2
Missstand	B2
misstrauisch	B2
Mitbestimmung	B2
Mitspracherecht	B2
mittellos	B2
Mittelmaß	B2
Mittelpunkt	B2
Mitverantwortung	B2
mitwirken	B2
mobilisieren	B2
Mobilität	B2
modernisieren	B2
Modernisierung	B2
modifizieren	B2
Monopol	B2
monopolisieren	B2
monoton	B2
moralisch	B2
Moralvorstellung	B2
Motivationsschreiben	B2
motivieren	B2
mühselig	B2
Mündigkeit	B2
Mundpropaganda	B2
Mutmaßung	B2
Mutterschaft	B2
mutwillig	B2
Nachahmung	B2
nachbessern	B2
Nachdruck	B2
nachdrücklich	B2
nacheifern	B2
nachempfinden	B2
Nachfolge	B2
nachhaken	B2
Nachhall	B2
Nachhaltigkeit	B2
nachjustieren	B2
nachkommen	B2
Nachlass	B2
Nachlässigkeit	B2
Nachsicht	B2
nachspüren	B2
Nächstenliebe	B2
nachtrauern	B2
nachvollziehbar	B2
nachvollziehen	B2
nachweisen	B2
nachwirken	B2
Nachwirkung	B2
Nachwuchs	B2
nachzeichnen	B2
naheliegend	B2
Nährboden	B2
Naivität	B2
Nebeneffekt	B2
Nebensache	B2
nebulös	B2
Neigung	B2
Nervenkitzel	B2
Nettoeinkommen	B2
Neuauflage	B2
Neuerung	B2
Neugier	B2
neutralisieren	B2
Neutralität	B2
nichtssagend	B2
Niederlassung	B2
niederschreiben	B2
niederträchtig	B2
Niedriglohn	B2
Nische	B2
nivellieren	B2
Norm	B2
Normalität	B2
normieren	B2
Nostalgie	B2
notdürftig	B2
Notlösung	B2
notorisch	B2
Notstand	B2
Notwendigkeit	B2
nuancieren	B2
Nuancierung	B2
Obhut	B2
objektiv	B2
Objektivität	B2
obligatorisch	B2
Obrigkeit	B2
Offenheit	B2
offenkundig	B2
offenlegen	B2
Ohnmacht	B2
operationalisieren	B2
opportun	B2
optimieren	B2
Optimierung	B2
Ordnungswidrigkeit	B2
Organisationsstruktur	B2
outen	B2
paktieren	B2
Pandemie	B2
Pannenhilfe	B2
paradox	B2
Parallelgesellschaft	B2
paralysieren	B2
parteiisch	B2
Parteinahme	B2
Passivität	B2
patentieren	B2
Patentrezept	B2
Patriotismus	B2
pauschal	B2
Pauschale	B2
pauschalisieren	B2
penibel	B2
perfektionieren	B2
Perspektive	B2
Pessimismus	B2
Pflichtbewusstsein	B2
Phänomen	B2
Pionier	B2
plädieren	B2
Plagiat	B2
plakativ	B2
Planwirtschaft	B2
plausibel	B2
plump	B2
Pluralismus	B2
polarisieren	B2
Polemik	B2
polemisch	B2
polemisieren	B2
positionieren	B2
Potenzial	B2
Präferenz	B2
pragmatisch	B2
präsentieren	B2
Präsenz	B2
präsidieren	B2
Prävention	B2
Präzedenzfall	B2
Preisnachlass	B2
Preisschwankung	B2
prekär	B2
Pressefreiheit	B2
Prestige	B2
Prinzip	B2
priorisieren	B2
Priorität	B2
Privatisierung	B2
Privatsphäre	B2
Probelauf	B2
Produktivität	B2
Profit	B2
profitieren	B2
Prognose	B2
proklamieren	B2
propagieren	B2
Prophezeiung	B2
Proportion	B2
Protagonist	B2
protokollieren	B2
provokant	B2
Provokation	B2
provozieren	B2
Prozessordnung	B2
Prüfstein	B2
prunkvoll	B2
Psyche	B2
publik	B2
publizieren	B2
Pünktlichkeit	B2
puristisch	B2
quantifizieren	B2
Querschnitt	B2
Quintessenz	B2
Rachsucht	B2
radikal	B2
Radikalisierung	B2
Radius	B2
raffiniert	B2
ramponieren	B2
Randerscheinung	B2
Randgruppe	B2
Rangordnung	B2
ranken	B2
rastlos	B2
Ratenkauf	B2
ratifizieren	B2
rational	B2
rationalisieren	B2
Rationalität	B2
rationieren	B2
realistisch	B2
realitätsfern	B2
realitätsnah	B2
Realitätsverlust	B2
Rechenschaft	B2
rechtens	B2
rechtfertigen	B2
Rechtfertigung	B2
rechtmäßig	B2
rechtskräftig	B2
Rechtsstaat	B2
Redefreiheit	B2
redegewandt	B2
Redewendung	B2
Redlichkeit	B2
redselig	B2
reflektieren	B2
Reformbedarf	B2
reformieren	B2
Regelung	B2
Regelwerk	B2
Regeneration	B2
regenerieren	B2
regieren	B2
reglementieren	B2
Reglementierung	B2
Regsamkeit	B2
Rehabilitation	B2
rehabilitieren	B2
Reibungspunkt	B2
Reichhaltigkeit	B2
Reifeprozess	B2
reinwaschen	B2
Reiseandenken	B2
rekonstruieren	B2
Rekonstruktion	B2
rekrutieren	B2
Relation	B2
relativieren	B2
Relevanz	B2
renaturieren	B2
Rentabilität	B2
Repertoire	B2
Repräsentant	B2
repräsentativ	B2
Repressalie	B2
reproduzieren	B2
Resignation	B2
resolut	B2
Resonanz	B2
Ressource	B2
Ressourcenknappheit	B2
Restriktion	B2
Resultat	B2
resultieren	B2
resümieren	B2
Rettungsaktion	B2
Reue	B2
Revanche	B2
revanchieren	B2
rezensieren	B2
Rezession	B2
Richtwert	B2
rigide	B2
Risikobereitschaft	B2
Ritual	B2
rivalisieren	B2
Rivalität	B2
Routineuntersuchung	B2
routiniert	B2
Rückgang	B2
Rückgrat	B2
Rückhalt	B2
Rücklage	B2
Rückmeldung	B2
Rückschlag	B2
Rückschritt	B2
rückschrittlich	B2
Rücksichtnahme	B2
Rückstand	B2
Rücktritt	B2
rückversichern	B2
Rückzug	B2
rüde	B2
Rüge	B2
Ruhm	B2
ruhmreich	B2
rustikal	B2
Sabotage	B2
sachdienlich	B2
Sachkenntnis	B2
sachkundig	B2
Sachlage	B2
sachlich	B2
Sachlichkeit	B2
Sachverständige	B2
salopp	B2
Sammelsurium	B2
Sanftmut	B2
Sanktion	B2
sanktionieren	B2
sattelfest	B2
Schadenfreude	B2
Schadensersatz	B2
schadstoffarm	B2
scharfsinnig	B2
schätzen	B2
Schätzung	B2
Schauder	B2
Scheinheiligkeit	B2
Schikane	B2
Schlagfertigkeit	B2
Schlamperei	B2
schlichten	B2
Schlichtung	B2
schlussfolgern	B2
Schlussfolgerung	B2
Schlussstrich	B2
Schmach	B2
schmälern	B2
Schmeichelei	B2
Schmerzensgeld	B2
Schnittmenge	B2
Schöffe	B2
Schonfrist	B2
Schönheitsideal	B2
Schöpfer	B2
Schranke	B2
Schuldgefühl	B2
Schuldzuweisung	B2
schwächen	B2
Schwankung	B2
Schwarzarbeit	B2
Schweigepflicht	B2
Schwerelosigkeit	B2
Schwermut	B2
Schwerpunkt	B2
schwerwiegend	B2
schwinden	B2
Sehnsucht	B2
Selbstachtung	B2
Selbstbeherrschung	B2
Selbstbestimmung	B2
Selbstdisziplin	B2
Selbsteinschätzung	B2
Selbsterhaltung	B2
selbstgefällig	B2
Selbstgefälligkeit	B2
Selbstironie	B2
Selbstkritik	B2
selbstkritisch	B2
selbstlos	B2
Selbstlosigkeit	B2
selbstredend	B2
Selbstüberschätzung	B2
Selbstverwirklichung	B2
Selbstzweifel	B2
Seltenheit	B2
sensibilisieren	B2
Sensibilität	B2
Sentimentalität	B2
Serienproduktion	B2
Sicherheitsvorkehrung	B2
Sichtweise	B2
Signalwirkung	B2
signieren	B2
sinnbildlich	B2
Sinneswandel	B2
Sittlichkeit	B2
sittsam	B2
Sitzstreik	B2
skandalös	B2
Skepsis	B2
skizzieren	B2
Skrupel	B2
skrupellos	B2
solidarisieren	B2
Solidarität	B2
Sorgfalt	B2
souverän	B2
Sozialleistung	B2
Sozialstaat	B2
Spektrum	B2
Spekulation	B2
spekulativ	B2
spezialisieren	B2
spezifizieren	B2
spiegeln	B2
Spielraum	B2
Spielverlauf	B2
Spitzenreiter	B2
spitzfindig	B2
Spontaneität	B2
sporadisch	B2
Sportsgeist	B2
Sprachbarriere	B2
Sprachgefühl	B2
Sprungbrett	B2
staatlich	B2
Staatsbürgerschaft	B2
Staatsverschuldung	B2
stabilisieren	B2
Stabilität	B2
Stagnation	B2
stagnieren	B2
Stammkundschaft	B2
standardisieren	B2
Standfestigkeit	B2
Standhaftigkeit	B2
Standpauke	B2
starrsinnig	B2
stationieren	B2
Stellungnahme	B2
stellvertretend	B2
Stereotyp	B2
Steuerhinterziehung	B2
Steuerlast	B2
Steuerung	B2
Stichhaltigkeit	B2
stichprobenartig	B2
stiefmütterlich	B2
stigmatisieren	B2
stilecht	B2
stilisieren	B2
stillschweigend	B2
Stillstand	B2
stimmig	B2
Stimmungsmache	B2
Stolperstein	B2
strafbar	B2
straffen	B2
Strapaze	B2
strapaziös	B2
Strategie	B2
Streitfrage	B2
Streitkultur	B2
strikt	B2
strotzen	B2
strukturieren	B2
Strukturwandel	B2
stupide	B2
subjektiv	B2
Subjektivität	B2
sublimieren	B2
Subvention	B2
subventionieren	B2
Sühne	B2
suspekt	B2
Symbiose	B2
Symbolik	B2
symbolisieren	B2
Sympathie	B2
sympathisieren	B2
synchronisieren	B2
Synthese	B2
systematisch	B2
systematisieren	B2
Tabubruch	B2
tabuisieren	B2
tadellos	B2
Tagtraum	B2
Taktgefühl	B2
taktieren	B2
Taktik	B2
Talfahrt	B2
Tatendrang	B2
tatkräftig	B2
Täuschung	B2
taxieren	B2
Teamgeist	B2
Teilhabe	B2
Teilzeitbeschäftigung	B2
temperieren	B2
Tendenz	B2
thematisieren	B2
Theorienbildung	B2
tiefgreifend	B2
tiefgründig	B2
Tiefpunkt	B2
titulieren	B2
Toleranz	B2
tolerieren	B2
tonangebend	B2
Torschlusspanik	B2
Tragödie	B2
transformieren	B2
Transparenz	B2
Tratsch	B2
Trauma	B2
Treffsicherheit	B2
Treibhausgas	B2
Trennlinie	B2
trivialisieren	B2
Trübsal	B2
Trugbild	B2
trügerisch	B2
trumpfen	B2
tückisch	B2
Tugend	B2
tugendhaft	B2
Turbulenz	B2
Übeltäter	B2
überantworten	B2
überarbeiten	B2
Überbevölkerung	B2
Überbleibsel	B2
überdenken	B2
übereignen	B2
Übereinkunft	B2
übereinstimmen	B2
Übereinstimmung	B2
Überfluss	B2
Überforderung	B2
überfrachten	B2
Übergangslösung	B2
Übergangsphase	B2
überhandnehmen	B2
überhäufen	B2
überheblich	B2
Überheblichkeit	B2
überlagern	B2
Überlegenheit	B2
Überlieferung	B2
überlisten	B2
Übermacht	B2
übermannen	B2
Übermaß	B2
übermenschlich	B2
Überproduktion	B2
überrumpeln	B2
überschatten	B2
überschneiden	B2
überschreiben	B2
Überschuss	B2
überschwänglich	B2
übersiedeln	B2
überspannen	B2
überspielen	B2
überstrapazieren	B2
überstürzen	B2
Übertreibung	B2
übertrumpfen	B2
übervorteilen	B2
überwachen	B2
Überwachung	B2
überwinden	B2
Überwindung	B2
überwuchern	B2
überzeugend	B2
Üblichkeit	B2
Umbau	B2
Umbruch	B2
umfangreich	B2
umfassen	B2
umfunktionieren	B2
umgestalten	B2
Umgestaltung	B2
umhüllen	B2
umkrempeln	B2
ummünzen	B2
umreißen	B2
umschiffen	B2
umschreiben	B2
Umschulung	B2
umschwenken	B2
Umschwung	B2
umsetzen	B2
Umsetzung	B2
Umsicht	B2
umsichtig	B2
umsorgen	B2
umspannen	B2
Umstand	B2
Umstellung	B2
umstoßen	B2
umstrukturieren	B2
Umstrukturierung	B2
Umwälzung	B2
umwerben	B2
unabdingbar	B2
unablässig	B2
unangebracht	B2
unangefochten	B2
Unannehmlichkeit	B2
unantastbar	B2
Unantastbarkeit	B2
Unart	B2
unaufgefordert	B2
unausgereift	B2
unausweichlich	B2
unbedarft	B2
unbedenklich	B2
unbefangen	B2
unbegründet	B2
Unbehagen	B2
unbehelligt	B2
unbeirrt	B2
unbescholten	B2
Unbeschwertheit	B2
unbestechlich	B2
unbestreitbar	B2
Undankbarkeit	B2
undurchsichtig	B2
unentbehrlich	B2
unentschlossen	B2
Unentschlossenheit	B2
unerbittlich	B2
unerfindlich	B2
unergiebig	B2
unerhört	B2
unerlässlich	B2
unermüdlich	B2
unerschöpflich	B2
unerschrocken	B2
unerschütterlich	B2
unersetzlich	B2
unfehlbar	B2
Unfehlbarkeit	B2
Unfug	B2
ungeachtet	B2
ungebrochen	B2
ungehalten	B2
ungehemmt	B2
ungeheuer	B2
ungerechtfertigt	B2
Ungerechtigkeit	B2
Ungereimtheit	B2
ungeschminkt	B2
ungestüm	B2
ungetrübt	B2
Ungewissheit	B2
ungezwungen	B2
Ungleichgewicht	B2
Ungleichheit	B2
Unheil	B2
Unkenntnis	B2
unlauter	B2
unliebsam	B2
unmissverständlich	B2
unmittelbar	B2
unmoralisch	B2
Unmut	B2
unnachahmlich	B2
unnachgiebig	B2
unparteiisch	B2
unrechtmäßig	B2
Unruhe	B2
Unruhestifter	B2
unscheinbar	B2
unschlüssig	B2
Unschuld	B2
unstillbar	B2
unstrittig	B2
untadelig	B2
Untat	B2
unterbewerten	B2
Unterbewusstsein	B2
Unterbrechung	B2
Unterdrückung	B2
Untergebene	B2
untergraben	B2
Untergrabung	B2
Unterhaltszahlung	B2
unterjochen	B2
Unterlassung	B2
unterliegen	B2
untermalen	B2
untermauern	B2
Untermauerung	B2
unterminieren	B2
Unternehmergeist	B2
Unterordnung	B2
unterschwellig	B2
Untertreibung	B2
unterwandern	B2
Unterwanderung	B2
Unterwürfigkeit	B2
untragbar	B2
untrennbar	B2
Untugend	B2
unumgänglich	B2
unumwunden	B2
unverblümt	B2
unverfälscht	B2
Unverfrorenheit	B2
unvergleichlich	B2
unverhältnismäßig	B2
unverhofft	B2
unverkennbar	B2
unvermeidlich	B2
unvermindert	B2
Unvermögen	B2
Unversehrtheit	B2
unversöhnlich	B2
unverwüstlich	B2
unverzichtbar	B2
Unverzichtbarkeit	B2
unvoreingenommen	B2
unwiderruflich	B2
unwirtlich	B2
Unwissenheit	B2
Unzulänglichkeit	B2
unzulässig	B2
unzweifelhaft	B2
urbanisieren	B2
Urheber	B2
Urheberrecht	B2
Urteilsvermögen	B2
usurpieren	B2
utopisch	B2
Utopist	B2
validieren	B2
Variante	B2
Variation	B2
variieren	B2
Vaterschaft	B2
vegetieren	B2
Vehemenz	B2
verabsäumen	B2
Verachtung	B2
verankern	B2
Verankerung	B2
Veranlagung	B2
veranlassen	B2
veranschaulichen	B2
Verantwortlichkeit	B2
Verantwortungsbewusstsein	B2
verarbeiten	B2
Verarmung	B2
Verausgabung	B2
verbalisieren	B2
Verbannung	B2
verbarrikadieren	B2
verbindlich	B2
Verbindlichkeit	B2
verbissen	B2
Verbitterung	B2
verblüffend	B2
Verblüffung	B2
verbrüdern	B2
Verbundenheit	B2
verbürgen	B2
Verdacht	B2
Verdachtsmoment	B2
verdeutlichen	B2
verdichten	B2
verdinglichen	B2
verdrängen	B2
Verdrängung	B2
verdrießen	B2
veredeln	B2
Verehrung	B2
Vereinbarkeit	B2
vereinen	B2
Vereinfachung	B2
Vereinheitlichung	B2
Vereinsamung	B2
vereiteln	B2
Vereitelung	B2
verengen	B2
verfänglich	B2
verfassen	B2
Verfassung	B2
verfechten	B2
Verfehlung	B2
verfeinden	B2
Verfeinerung	B2
verfestigen	B2
Verflachung	B2
verflechten	B2
verflüchtigen	B2
Verfremdung	B2
Verfügung	B2
Vergänglichkeit	B2
vergegenständlichen	B2
Vergeltung	B2
vergewaltigen	B2
vergleichbar	B2
Vergünstigung	B2
Vergütung	B2
verhältnismäßig	B2
verhängnisvoll	B2
verharmlosen	B2
verheerend	B2
verherrlichen	B2
Verherrlichung	B2
verinnerlichen	B2
Verinnerlichung	B2
verkennen	B2
Verkettung	B2
verklären	B2
Verklärung	B2
Verknappung	B2
verkomplizieren	B2
verkörpern	B2
verkraftbar	B2
Verkündung	B2
Verlagerung	B2
Verlässlichkeit	B2
verlautbaren	B2
Verlegenheit	B2
verleiten	B2
Verleumdung	B2
Verlockung	B2
Vermarktung	B2
vermasseln	B2
Vermehrung	B2
vermessen	B2
Vermessenheit	B2
Vermischung	B2
vermitteln	B2
Vermittler	B2
vernachlässigen	B2
Vernachlässigung	B2
vernebeln	B2
Verneinung	B2
Vernetzung	B2
Verödung	B2
verpflichten	B2
verpönen	B2
verpönt	B2
verquicken	B2
Verrat	B2
Verrenkung	B2
versachlichen	B2
Versachlichung	B2
verschandeln	B2
verschärfen	B2
Verschiebung	B2
verschlechtern	B2
Verschlechterung	B2
verschleiern	B2
Verschleierung	B2
Verschleiß	B2
verschleppen	B2
verschmähen	B2
Verschmelzung	B2
verschränken	B2
verschroben	B2
Verschwiegenheit	B2
Verschwörung	B2
verselbstständigen	B2
versiert	B2
versinnbildlichen	B2
Versöhnlichkeit	B2
Versorgung	B2
Verstaatlichung	B2
Verständigung	B2
verstärken	B2
verstohlen	B2
verstricken	B2
Verstrickung	B2
Verteidigung	B2
Verteilung	B2
verteufeln	B2
Vertiefung	B2
Vertragsbruch	B2
Vertrautheit	B2
Vertretbarkeit	B2
vertrösten	B2
Vertuschung	B2
Verunsicherung	B2
vervollkommnen	B2
Verwahrlosung	B2
verwässern	B2
verweben	B2
verwegen	B2
verweisen	B2
verwerfen	B2
verwerflich	B2
Verwerfung	B2
Verwertung	B2
verwirken	B2
verwirklichen	B2
Verwirklichung	B2
Verwirrung	B2
verzahnen	B2
Verzahnung	B2
Verzerrung	B2
verzetteln	B2
Verzicht	B2
verzweifeln	B2
Verzweiflung	B2
verzwickt	B2
Vetternwirtschaft	B2
Vielfalt	B2
vielversprechend	B2
virtuos	B2
Vision	B2
Volksabstimmung	B2
Volksvertreter	B2
vollends	B2
volljährig	B2
Vollmacht	B2
Vollständigkeit	B2
vollstrecken	B2
vollumfänglich	B2
vollziehen	B2
Vorahnung	B2
vorantreiben	B2
voraussetzen	B2
Voraussicht	B2
Vorbehaltlosigkeit	B2
Vorbeugung	B2
vorbildlich	B2
voreingenommen	B2
Voreingenommenheit	B2
Vorenthaltung	B2
vorgaukeln	B2
vorgefertigt	B2
vorgreifen	B2
vorherbestimmen	B2
Vorherrschaft	B2
vorherrschend	B2
Vorhut	B2
Vorkehrung	B2
vorliegen	B2
Vormachtstellung	B2
Vormarsch	B2
vornehmen	B2
vorprogrammieren	B2
Vorrang	B2
vorrangig	B2
Vorreiter	B2
Vorsatz	B2
vorschieben	B2
vorschnell	B2
Vorschub	B2
vorschweben	B2
vortasten	B2
Vortäuschung	B2
vorweisen	B2
Wagemut	B2
wagemutig	B2
Wahlbeteiligung	B2
Wahlversprechen	B2
wahren	B2
Wahrhaftigkeit	B2
Wahrnehmung	B2
Währungsunion	B2
Wankelmut	B2
Wechselbad	B2
wechselseitig	B2
Wechselwirkung	B2
Wegbereiter	B2
wegweisend	B2
Wehmut	B2
Weichenstellung	B2
Weitblick	B2
Weiterbildung	B2
weitgehend	B2
weitverbreitet	B2
Weltanschauung	B2
Weltbild	B2
Weltgeschehen	B2
weltoffen	B2
Wertewandel	B2
Wertigkeit	B2
Wertschätzung	B2
Wertung	B2
Wesen	B2
Wesensart	B2
wettbewerbsfähig	B2
Wettbewerbsfähigkeit	B2
wettmachen	B2
widerfahren	B2
widerlegen	B2
widersprechen	B2
widersprüchlich	B2
Widerstand	B2
widmen	B2
wiederbeleben	B2
Wiederbelebung	B2
Wiedereingliederung	B2
wiederherstellen	B2
wiedervereinigen	B2
Willenskraft	B2
Willkür	B2
willkürlich	B2
wirklichkeitsfremd	B2
wirkungsvoll	B2
Wissensdurst	B2
Wohlbefinden	B2
Wohlergehen	B2
Wohlstand	B2
wohlüberlegt	B2
Wohlwollen	B2
wohlwollend	B2
Wortgefecht	B2
Wortlaut	B2
Würdigung	B2
zahlungsfähig	B2
zahlungsunfähig	B2
Zahlungsunfähigkeit	B2
zeitgemäß	B2
Zeitgeschehen	B2
zeitkritisch	B2
Zeitmangel	B2
zeitraubend	B2
Zeitzeuge	B2
zelebrieren	B2
zensieren	B2
zentralisieren	B2
Zerfall	B2
zergliedern	B2
Zergliederung	B2
zerknirscht	B2
zermürben	B2
zermürbend	B2
Zermürbung	B2
zerpflücken	B2
zerrütten	B2
zersiedeln	B2
Zersiedelung	B2
Zersplitterung	B2
zertifizieren	B2
zielführend	B2
Zielsetzung	B2
Zielstrebigkeit	B2
zirkulieren	B2
Zivilgesellschaft	B2
Zivilisation	B2
zubilligen	B2
Züchtung	B2
Zufriedenheit	B2
zugänglich	B2
Zugehörigkeit	B2
zugespitzt	B2
Zugeständnis	B2
zugestehen	B2
Zugkraft	B2
zugutekommen	B2
zukunftsfähig	B2
zukunftsträchtig	B2
zulässig	B2
Zulauf	B2
zulaufen	B2
zumessen	B2
Zumutbarkeit	B2
Zumutung	B2
zunehmend	B2
zuordnen	B2
Zurechnungsfähigkeit	B2
zurechtweisen	B2
zurückführen	B2
zurückhalten	B2
Zurückhaltung	B2
zurückschrecken	B2
Zusage	B2
zusammenhängen	B2
Zusammenschluss	B2
zusammenschweißen	B2
Zusammenspiel	B2
zuschulden	B2
Zuschuss	B2
zusehends	B2
zuspitzen	B2
Zuspitzung	B2
Zuständigkeit	B2
zuträglich	B2
zutreffen	B2
zutreffend	B2
Zuverlässigkeit	B2
Zuversicht	B2
zuvor	B2
Zuwachs	B2
zuwenden	B2
Zuwendung	B2
Zuwiderhandlung	B2
zuwiderlaufen	B2
zwanghaft	B2
Zwangslage	B2
zweckdienlich	B2
zweckentfremden	B2
Zweckentfremdung	B2
zweckmäßig	B2
Zweckmäßigkeit	B2
Zwiespalt	B2
zwiespältig	B2
Zwietracht	B2
Zwischenbilanz	B2
Zwischenmenschlichkeit	B2
zynisch	B2
Zynismus	B2
aberkennen	C1
abgehoben	C1
Abgeklärtheit	C1
abgrundtief	C1
abkanzeln	C1
absehbar	C1
abstrahieren	C1
abstrus	C1
Absurdität	C1
abtrünnig	C1
Abwägung	C1
adeln	C1
adrett	C1
Affront	C1
Agilität	C1
Akkuratesse	C1
Aktionismus	C1
Akzeptanz	C1
alimentieren	C1
Alleingang	C1
Allgemeingut	C1
allumfassend	C1
Altlast	C1
altruistisch	C1
amalgamieren	C1
Ambivalenz	C1
Analogie	C1
Anhaltspunkt	C1
anmahnen	C1
Anmaßung	C1
Annäherung	C1
Annalen	C1
Anomalie	C1
anprangern	C1
ansatzweise	C1
Anspielung	C1
Ansporn	C1
apathisch	C1
apolitisch	C1
apostrophieren	C1
approbieren	C1
Äquivalent	C1
Arglist	C1
arglos	C1
Argwohn	C1
artifiziell	C1
asketisch	C1
attestieren	C1
Auffassung	C1
Aufgeschlossenheit	C1
aufoktroyieren	C1
aufwerten	C1
Aufwind	C1
augenfällig	C1
ausdrücklich	C1
Ausgeglichenheit	C1
ausgemacht	C1
ausgewogen	C1
Ausgewogenheit	C1
ausklammern	C1
Auslese	C1
ausloten	C1
Ausnahmezustand	C1
Ausprägung	C1
Aussagekraft	C1
autark	C1
Autarkie	C1
Authentizität	C1
avancieren	C1
Bagatelle	C1
bagatellisieren	C1
Ballast	C1
Bedachtsamkeit	C1
befangen	C1
Befindlichkeit	C1
beflissen	C1
Begleiterscheinung	C1
behäbig	C1
Behäbigkeit	C1
beharrlich	C1
beileibe	C1
beipflichten	C1
bekömmlich	C1
bekräftigen	C1
Belange	C1
Beliebigkeit	C1
beredt	C1
besagt	C1
bestechlich	C1
Beweggrund	C1
Bezugspunkt	C1
bieder	C1
Bigotterie	C1
bisweilen	C1
Bittsteller	C1
blasiert	C1
Blendwerk	C1
bodenständig	C1
Bonmot	C1
Bredouille	C1
brillieren	C1
Bürde	C1
Charakterzug	C1
chargieren	C1
Chuzpe	C1
Credo	C1
deeskalieren	C1
degradieren	C1
Dekadenz	C1
deklassieren	C1
delegitimieren	C1
delikat	C1
Demagogie	C1
dementieren	C1
demontieren	C1
demütig	C1
Denkmuster	C1
denunzieren	C1
depravieren	C1
desavouieren	C1
desillusionieren	C1
despektierlich	C1
destabilisieren	C1
Deutungshoheit	C1
devot	C1
Dezenz	C1
dezidiert	C1
differenzierend	C1
Differenzierung	C1
diffizil	C1
diffus	C1
Diskrepanz	C1
diskursiv	C1
Dissens	C1
dissonant	C1
dissoziieren	C1
Distinktion	C1
Divergenz	C1
divergieren	C1
Dogmatismus	C1
Doppelbödigkeit	C1
Drahtzieher	C1
Dreistigkeit	C1
dröge	C1
Dünkel	C1
durchleuchten	C1
echauffieren	C1
Effekthascherei	C1
effektvoll	C1
Eigenbrötler	C1
eigenbrötlerisch	C1
Eigendynamik	C1
Eigengesetzlichkeit	C1
Eigenheit	C1
Eigeninitiative	C1
Eigensinn	C1
eigensinnig	C1
eigenwillig	C1
eindringlich	C1
Einfallsreichtum	C1
Einfältigkeit	C1
Eingebundenheit	C1
Eingeständnis	C1
Einhelligkeit	C1
einschlägig	C1
Einsilbigkeit	C1
Eintönigkeit	C1
elegisch	C1
elektrisieren	C1
eliminieren	C1
eloquent	C1
Eloquenz	C1
emanzipieren	C1
eminent	C1
Empfindsamkeit	C1
empirisch	C1
Engstirnigkeit	C1
enigmatisch	C1
entkräften	C1
entrückt	C1
Entsagung	C1
enttabuisieren	C1
entzaubern	C1
Entzweiung	C1
Ephemere	C1
epochal	C1
erbaulich	C1
erdreisten	C1
ergiebig	C1
ergötzen	C1
ergründen	C1
Erhabenheit	C1
erhärten	C1
Erhellung	C1
erkenntnisreich	C1
erlesen	C1
Ernüchterung	C1
Errungenschaft	C1
erschöpfend	C1
erschüttern	C1
Erwägung	C1
essenziell	C1
etabliert	C1
Etikette	C1
etwaig	C1
euphemistisch	C1
exaltiert	C1
exemplarisch	C1
expansiv	C1
exponieren	C1
extrapolieren	C1
extrinsisch	C1
extrovertiert	C1
Exzess	C1
fabulieren	C1
Facette	C1
fahrig	C1
falsifizieren	C1
Fatalismus	C1
fatalistisch	C1
Fauxpas	C1
Feingefühl	C1
Feinsinn	C1
feinsinnig	C1
fidel	C1
Finte	C1
firmieren	C1
flapsig	C1
folgerichtig	C1
forcieren	C1
forsch	C1
Fragilität	C1
frappieren	C1
Freimut	C1
Frohsinn	C1
frugal	C1
fundiert	C1
gänzlich	C1
Gebaren	C1
gebieterisch	C1
Gedankenaustausch	C1
Gefallsucht	C1
geflissentlich	C1
Gefüge	C1
gehässig	C1
Geltungsdrang	C1
gemeinhin	C1
Gemeinplatz	C1
Gemengelage	C1
Genügsamkeit	C1
genuin	C1
Gepflogenheit	C1
gerieren	C1
Geringschätzung	C1
geschwollen	C1
gespreizt	C1
Gewandtheit	C1
Gewissensfrage	C1
gewitzt	C1
Gleichmut	C1
gleichsam	C1
goutieren	C1
Grandezza	C1
Gratifikation	C1
Gratwanderung	C1
gravieren	C1
großspurig	C1
Grundfeste	C1
grundverschieden	C1
gutbürgerlich	C1
Gutdünken	C1
Häme	C1
hämisch	C1
Handhabe	C1
Handlungsspielraum	C1
harmonieren	C1
Hehl	C1
hehr	C1
hellhörig	C1
hemdsärmelig	C1
Hemmnis	C1
heranziehen	C1
hermetisch	C1
Hilflosigkeit	C1
hinlänglich	C1
hinterlassen	C1
hinterlistig	C1
hochgestochen	C1
hochmütig	C1
Hochstapler	C1
hofieren	C1
Hoheit	C1
holistisch	C1
Huld	C1
hypostasieren	C1
idealistisch	C1
ideell	C1
imaginär	C1
immanent	C1
Impertinenz	C1
implizieren	C1
implizit	C1
imprägnieren	C1
impulsiv	C1
Inbrunst	C1
inbrünstig	C1
indifferent	C1
indigniert	C1
Individualismus	C1
indoktrinieren	C1
infam	C1
Infamie	C1
inferior	C1
infiltrieren	C1
inhalieren	C1
inkohärent	C1
inkommensurabel	C1
inkriminieren	C1
Innehalten	C1
Insignien	C1
insinuieren	C1
insistieren	C1
inszeniert	C1
Interdependenz	C1
interferieren	C1
Intransparenz	C1
intrinsisch	C1
introvertiert	C1
Irrglaube	C1
Irrweg	C1
Jähzorn	C1
jonglieren	C1
Kalkül	C1
kanonisieren	C1
Kapriole	C1
Kardinalfehler	C1
karikieren	C1
kauzig	C1
Kehrseite	C1
Kernaussage	C1
kernig	C1
kleinmütig	C1
Klientelpolitik	C1
kohärent	C1
kokett	C1
kolossal	C1
kolportieren	C1
Konformität	C1
Konsens	C1
konsolidieren	C1
konspirieren	C1
Kontemplation	C1
Konterkarierung	C1
Kontinuum	C1
Konvergenz	C1
konzedieren	C1
konziliant	C1
konzis	C1
Korrelation	C1
kryptisch	C1
kulminieren	C1
kurios	C1
Kuriosum	C1
lakonisch	C1
lamentieren	C1
lammfromm	C1
Lappalie	C1
larmoyant	C1
Larmoyanz	C1
lästerhaft	C1
lauter	C1
Läuterung	C1
lavieren	C1
lax	C1
Legitimität	C1
Leichtigkeit	C1
Leitbild	C1
Leitmotiv	C1
Lethargie	C1
leutselig	C1
Liaison	C1
liebäugeln	C1
lückenlos	C1
Makulatur	C1
Malaise	C1
Manier	C1
manieriert	C1
manifestieren	C1
manisch	C1
Manko	C1
marginal	C1
marginalisieren	C1
markant	C1
martialisch	C1
Martyrium	C1
mäßig	C1
Mäßigung	C1
Maßregelung	C1
Maxime	C1
Melancholie	C1
melancholisch	C1
Metier	C1
Mimikry	C1
minutiös	C1
Misere	C1
Missgriff	C1
moderieren	C1
mondän	C1
monieren	C1
Monotonie	C1
moralinsauer	C1
mürbe	C1
Mutlosigkeit	C1
mutmaßen	C1
mystifizieren	C1
Nabelschau	C1
Nachdrücklichkeit	C1
nahelegen	C1
Naturell	C1
nebensächlich	C1
negieren	C1
Neuralgie	C1
nichtig	C1
Nichtigkeit	C1
nichtsdestotrotz	C1
Nimbus	C1
nobilitieren	C1
Nonchalance	C1
nonchalant	C1
normativ	C1
nostalgisch	C1
notgedrungen	C1
Novum	C1
Nuance	C1
nuanciert	C1
Obsession	C1
obskur	C1
obsolet	C1
obstruieren	C1
Odyssee	C1
offenbaren	C1
ominös	C1
opponieren	C1
Opportunismus	C1
opportunistisch	C1
opulent	C1
Opulenz	C1
Paradigma	C1
pathetisch	C1
pathologisieren	C1
Pathos	C1
Pedanterie	C1
pedantisch	C1
peripher	C1
Peripherie	C1
persiflieren	C1
pervertieren	C1
pfiffig	C1
Pfründe	C1
philosophieren	C1
phlegmatisch	C1
Pietät	C1
pietätvoll	C1
pikant	C1
Plädoyer	C1
plagiieren	C1
Plattitüde	C1
pointieren	C1
Polarisierung	C1
Polarität	C1
polyglott	C1
pompös	C1
Pragmatismus	C1
prägnant	C1
Prägung	C1
präjudizieren	C1
prätendieren	C1
präzisieren	C1
Präzision	C1
profund	C1
proliferieren	C1
prosaisch	C1
prosperieren	C1
Provenienz	C1
puritanisch	C1
Querdenker	C1
Querelen	C1
querköpfig	C1
Raffinesse	C1
Randnotiz	C1
räsonieren	C1
Ratio	C1
redundant	C1
Refugium	C1
renitent	C1
Renitenz	C1
Renommee	C1
Residuum	C1
Resilienz	C1
resistent	C1
reüssieren	C1
revidieren	C1
rigoros	C1
Rückbesinnung	C1
Rückgriff	C1
Rückschluss	C1
rüstig	C1
Sachverhalt	C1
Sachzwang	C1
sagenumwoben	C1
salomonisch	C1
Sammelbecken	C1
Sarkasmus	C1
Schablone	C1
Scharade	C1
Scharfsinn	C1
Schattendasein	C1
Scheinargument	C1
Schelte	C1
Schlagabtausch	C1
Schlagkraft	C1
schnippisch	C1
schrullig	C1
schwadronierend	C1
Schwermütigkeit	C1
sedieren	C1
sekundieren	C1
Selbstgerechtigkeit	C1
selbstherrlich	C1
Selbstreflexion	C1
Selbstverständnis	C1
Selbstzweck	C1
selektiv	C1
signifikant	C1
Sinnbild	C1
sinnfällig	C1
sinnieren	C1
Sinnkrise	C1
skandalisieren	C1
skurril	C1
Sophisterei	C1
spärlich	C1
Spitzfindigkeit	C1
Sprachrohr	C1
spröde	C1
staatstragend	C1
Starrsinn	C1
statthaft	C1
Stellenwert	C1
stichfest	C1
stiefkindlich	C1
Stigma	C1
Stilblüte	C1
stilistisch	C1
stipulieren	C1
stoisch	C1
Streitschrift	C1
stringent	C1
Stringenz	C1
Strohfeuer	C1
struppig	C1
subaltern	C1
sublim	C1
Sublimierung	C1
substanziell	C1
subtil	C1
subversiv	C1
süffisant	C1
suggerieren	C1
Suggestion	C1
Symptomatik	C1
tendenziös	C1
Tiefgang	C1
tiefsinnig	C1
Tirade	C1
Torheit	C1
Tragik	C1
tragisch	C1
Tragweite	C1
trefflich	C1
Treibsand	C1
triftig	C1
trist	C1
trotzig	C1
Trübsinn	C1
Trugschluss	C1
tumultartig	C1
Tunnelblick	C1
überbordend	C1
Übereifer	C1
Überhöhung	C1
überkommen	C1
überspannt	C1
überspitzt	C1
Überzeugungskraft	C1
Ultimatum	C1
umtriebig	C1
Umtriebigkeit	C1
Unabdingbarkeit	C1
unabsehbar	C1
unbändig	C1
Unbeirrbarkeit	C1
unbotmäßig	C1
undurchdringlich	C1
Undurchdringlichkeit	C1
unentwegt	C1
unergründlich	C1
Unerschrockenheit	C1
ungeschoren	C1
ungeteilt	C1
Ungetüm	C1
universell	C1
unlängst	C1
unnachsichtig	C1
unorthodox	C1
Unschärfe	C1
unstet	C1
Unstetigkeit	C1
unterbinden	C1
Unterfangen	C1
unterstellen	C1
untertänig	C1
Unterton	C1
unumschränkt	C1
unumstritten	C1
Unwägbarkeit	C1
unweigerlich	C1
unwirsch	C1
Usus	C1
vehement	C1
Verballhornung	C1
Verbrämung	C1
Verdikt	C1
verfemt	C1
Verflechtung	C1
vergegenwärtigen	C1
Vergegenwärtigung	C1
vergeistigt	C1
Verharmlosung	C1
verifizieren	C1
verkannt	C1
verklausulieren	C1
verklausuliert	C1
Verlautbarung	C1
verlustieren	C1
vermeintlich	C1
verquast	C1
verschmitzt	C1
Verschrobenheit	C1
versiegen	C1
Versiertheit	C1
versnobt	C1
Verstiegenheit	C1
verstockt	C1
Verve	C1
virulent	C1
Volte	C1
Vorbehalt	C1
Vorstoß	C1
Wagnisbereitschaft	C1
Wechselhaftigkeit	C1
Wechselspiel	C1
wehmütig	C1
weitreichend	C1
weitschweifig	C1
Weitsicht	C1
weltgewandt	C1
Weltschmerz	C1
Wesenszug	C1
Widerborstigkeit	C1
Widerhall	C1
Widerwille	C1
Winkelzug	C1
wohlfeil	C1
Wortgewandtheit	C1
Zäsur	C1
zementieren	C1
zeremoniell	C1
Zerrissenheit	C1
Zerwürfnis	C1
Zufluchtsort	C1
zuschreiben	C1
Zuspruch	C1
Zuträger	C1
zwanglos	C1
zwangsläufig	C1
Zwangsläufigkeit	C1
Zwischenton	C1
Abgesang	C2
Adoleszenz	C2
Agonie	C2
Akribie	C2
Allegorie	C2
Alliteration	C2
Ambiente	C2
Ambiguität	C2
Anachronismus	C2
Anathema	C2
Antagonismus	C2
antizipieren	C2
Äon	C2
Aphorismus	C2
apodiktisch	C2
apokryph	C2
Apologie	C2
Apotheose	C2
apotheotisch	C2
äquivok	C2
archaisch	C2
Arkanum	C2
Askese	C2
Assonanz	C2
Ästhetik	C2
Attitüde	C2
Aura	C2
Autodidakt	C2
Aversion	C2
Belletristik	C2
Bonhomie	C2
Causa	C2
Chiffre	C2
Chimäre	C2
chimärisch	C2
Cliquenwirtschaft	C2
Deismus	C2
deklamatorisch	C2
Dekonstruktion	C2
Delirium	C2
Demiurg	C2
Derivat	C2
Desiderat	C2
Desperado	C2
destillieren	C2
dialektisch	C2
diametral	C2
Diaspora	C2
Dichotomie	C2
Diktum	C2
dionysisch	C2
Diskurs	C2
Dissonanz	C2
Doyen	C2
Duktus	C2
eklektisch	C2
Eklektizismus	C2
elaborieren	C2
Elegie	C2
Emphase	C2
Entelechie	C2
Entität	C2
ephemer	C2
Epigone	C2
Epigramm	C2
Epiphanie	C2
erratisch	C2
Eskapismus	C2
esoterisch	C2
Ethos	C2
Etymologie	C2
Euphemismus	C2
Evidenz	C2
evozieren	C2
Exegese	C2
exemplifizieren	C2
exoterisch	C2
Fatum	C2
Fluidum	C2
Fraktur	C2
Furor	C2
Genealogie	C2
Genese	C2
Gnosis	C2
Habitus	C2
Hagiografie	C2
Hedonismus	C2
Hegemonie	C2
Hermeneutik	C2
heterogen	C2
Heuristik	C2
Hierophant	C2
Hommage	C2
homogen	C2
Hybris	C2
hyperbolisch	C2
Hypertrophie	C2
Idiom	C2
idiosynkratisch	C2
Ikonografie	C2
ikonoklastisch	C2
Immanenz	C2
Imperativ	C2
Inbegriff	C2
inhärent	C2
Inkommensurabilität	C2
Insinuation	C2
Intelligibilität	C2
Interimslösung	C2
Invektive	C2
Kadenz	C2
Kakofonie	C2
Kanon	C2
Katharsis	C2
Klerisei	C2
Kohärenz	C2
Koinzidenz	C2
Kolportage	C2
kondensieren	C2
Konglomerat	C2
Konnotation	C2
konstatieren	C2
kontemplativ	C2
Konterfei	C2
Kontingenz	C2
Kontrapunkt	C2
Laisser-faire	C2
Lakonie	C2
Lamento	C2
Lettern	C2
Liturgie	C2
mäandernd	C2
mäeutisch	C2
manichäisch	C2
Melange	C2
mephistophelisch	C2
Metapher	C2
metaphysisch	C2
Mimesis	C2
mimetisch	C2
Misanthropie	C2
Monade	C2
Moritat	C2
Narrativ	C2
Nemesis	C2
Nomenklatur	C2
numinos	C2
Obskurantismus	C2
Ödnis	C2
omnipräsent	C2
Onomatopoesie	C2
ontologisch	C2
orphisch	C2
oszillieren	C2
Panegyrikus	C2
paradigmatisch	C2
Paradoxon	C2
paraphrasieren	C2
Parvenü	C2
Pastiche	C2
Patina	C2
Pejorativ	C2
pekuniär	C2
perpetuieren	C2
Phalanx	C2
pharisäerhaft	C2
Philippika	C2
Physiognomie	C2
Plethora	C2
pointiert	C2
Polyphonie	C2
polyvalent	C2
Postulat	C2
postulieren	C2
Prämisse	C2
Primat	C2
promethisch	C2
Proselyt	C2
Räson	C2
Redundanz	C2
rekurrieren	C2
Reminiszenz	C2
Ressentiment	C2
Rhetorik	C2
rudimentär	C2
sakrosankt	C2
Salbaderei	C2
sardonisch	C2
Schisma	C2
Scholastik	C2
Semantik	C2
sezieren	C2
sibyllinisch	C2
Simulacrum	C2
Solipsismus	C2
solipsistisch	C2
somnambul	C2
Sophismus	C2
sophistisch	C2
Sottise	C2
sphärisch	C2
Stakkato	C2
subsumieren	C2
Sujet	C2
Syllogismus	C2
Synästhesie	C2
Tautologie	C2
Teleologie	C2
teleologisch	C2
tentativ	C2
Theodizee	C2
transzendent	C2
Transzendenz	C2
transzendieren	C2
Trias	C2
Trivialität	C2
ubiquitär	C2
Vanitas	C2
Vernissage	C2
Volatilität	C2
Zeitgeist	C2
