# Word classes for cefr_words_de.tsv, from German orthography (capital = noun, -en = verb, else adjective) with a hand list of -en adjectives. Built by scripts/build-word-classes.py.
Abend	noun
Adresse	noun
alt	adjective
Alter	noun
Ampel	noun
Ananas	noun
Anruf	noun
Antwort	noun
antworten	verb
Apfel	noun
Arbeit	noun
arbeiten	verb
arm	adjective
Arzt	noun
Aufgabe	noun
Aufzug	noun
Auge	noun
August	noun
Ausweis	noun
Auto	noun
Bäcker	noun
Bad	noun
baden	verb
Bahn	noun
Bahnhof	noun
bald	adjective
Balkon	noun
Ball	noun
Banane	noun
Bank	noun
Batterie	noun
Baum	noun
beginnen	verb
beide	adjective
Bein	noun
bekommen	verb
Beruf	noun
bestellen	verb
besuchen	verb
Bett	noun
bezahlen	verb
Bier	noun
Bild	noun
bilden	verb
billig	adjective
Birne	noun
bitten	verb
blau	adjective
bleiben	verb
Bleistift	noun
blühen	verb
Blume	noun
Bogen	noun
Boot	noun
brauchen	verb
braun	adjective
breit	adjective
Brief	noun
Briefkasten	noun
Brille	noun
bringen	verb
Brot	noun
Brötchen	noun
Bruder	noun
Buch	noun
buchstabieren	verb
bunt	adjective
Bus	noun
Butter	noun
Café	noun
CD	noun
Chef	noun
Cola	noun
Computer	noun
Creme	noun
Dach	noun
Dank	noun
danken	verb
Datum	noun
dauern	verb
denken	verb
Deutsch	noun
Dienstag	noun
Doktor	noun
Donnerstag	noun
Dorf	noun
draußen	adjective
drinnen	adjective
drucken	verb
Drucker	noun
dunkel	adjective
Durst	noun
Dusche	noun
duschen	verb
E-Mail	noun
Ecke	noun
Ei	noun
einfach	adjective
Einkauf	noun
einkaufen	verb
einladen	verb
Eis	noun
Eltern	noun
Ende	noun
Entschuldigung	noun
Erdgeschoss	noun
erklären	verb
Erwachsene	noun
erzählen	verb
Essen	noun
fahren	verb
Fahrer	noun
Fahrkarte	noun
Fahrrad	noun
falsch	adjective
Familie	noun
Farbe	noun
Fehler	noun
Fenster	noun
Ferien	noun
fern	verb
Fernsehen	noun
Fernseher	noun
fertig	adjective
Feuer	noun
Fieber	noun
Film	noun
finden	verb
Firma	noun
Fisch	noun
Flasche	noun
Fleisch	noun
fliegen	verb
Flughafen	noun
Flugzeug	noun
Foto	noun
Frage	noun
fragen	verb
Frau	noun
frei	adjective
Freitag	noun
Freund	noun
Freundin	noun
frisch	adjective
froh	adjective
früh	adjective
Frühling	noun
Frühstück	noun
frühstücken	verb
fühlen	verb
Fuß	noun
Fußball	noun
füttern	verb
Gabel	noun
ganz	adjective
Garten	noun
Gast	noun
geben	verb
Geburtstag	noun
gehen	verb
gehören	verb
gelb	adjective
Geld	noun
Gemüse	noun
gern	adjective
Geschäft	noun
Geschenk	noun
Geschirr	noun
Geschwister	noun
Gespräch	noun
gestern	adjective
gesund	adjective
Getränk	noun
Gitarre	noun
Glas	noun
glauben	verb
gleich	adjective
Glück	noun
glücklich	adjective
gratis	adjective
grillen	verb
Grippe	noun
groß	adjective
Größe	noun
grün	adjective
Gruppe	noun
gut	adjective
haben	verb
Halle	noun
Hallo	noun
Hals	noun
Hand	noun
Handy	noun
Haus	noun
Hausaufgabe	noun
heben	verb
Heft	noun
heiß	adjective
heißen	verb
helfen	verb
hell	adjective
Hemd	noun
Herbst	noun
Herd	noun
Herr	noun
heute	adjective
hier	adjective
Hilfe	noun
hinten	adjective
Hobby	noun
hoch	adjective
holen	verb
hören	verb
Hose	noun
Hotel	noun
Hund	noun
Hunger	noun
Husten	noun
Idee	noun
immer	adjective
Information	noun
Internet	noun
Jacke	noun
Jahr	noun
Januar	noun
jetzt	adjective
Job	noun
joggen	verb
Jugendliche	noun
jung	adjective
Junge	noun
Kaffee	noun
Kalender	noun
kalt	adjective
kaputt	adjective
Karotte	noun
Karte	noun
Kartoffel	noun
Käse	noun
Kasse	noun
Katze	noun
kaufen	verb
Keks	noun
kennen	verb
Kette	noun
Kind	noun
Kino	noun
Kirsche	noun
Klasse	noun
Klavier	noun
Kleid	noun
Kleidung	noun
klein	adjective
klicken	verb
kochen	verb
Koffer	noun
Kollege	noun
Kollegin	noun
kommen	verb
Kopfschmerzen	noun
kopieren	verb
korrigieren	verb
kosten	verb
kostenlos	adjective
krank	adjective
kreuzen	verb
Küche	noun
Kuchen	noun
Kugelschreiber	noun
Kühlschrank	noun
Kurs	noun
kurz	adjective
lächeln	verb
lachen	verb
Lampe	noun
Land	noun
lang	adjective
langsam	adjective
laufen	verb
laut	adjective
leben	verb
lecker	adjective
Lehrer	noun
Lehrerin	noun
leicht	adjective
leise	adjective
lernen	verb
lesen	verb
Leute	noun
Licht	noun
lieb	adjective
lieben	verb
Lied	noun
liegen	verb
Limonade	noun
links	adjective
Liste	noun
Löffel	noun
machen	verb
Mädchen	noun
Mail	noun
malen	verb
manchmal	adjective
Mann	noun
Mantel	noun
markieren	verb
Markt	noun
Medikament	noun
Meer	noun
Milch	noun
Mineralwasser	noun
Minute	noun
Mittag	noun
Mittagessen	noun
Mittwoch	noun
mixen	verb
Möbel	noun
mögen	verb
Moment	noun
Monat	noun
Montag	noun
Morgen	noun
müde	adjective
Musik	noun
Mutter	noun
Mütze	noun
Nachbar	noun
Nachbarin	noun
Nachmittag	noun
Nacht	noun
nah	adjective
Name	noun
Nase	noun
Natur	noun
nehmen	verb
nett	adjective
neu	adjective
nie	adjective
niedrig	adjective
niemals	adjective
notieren	verb
Nudel	noun
Nummer	noun
oben	adjective
Obst	noun
öffnen	verb
oft	adjective
Ohr	noun
Öl	noun
Oma	noun
Onkel	noun
Opa	noun
Orange	noun
ordnen	verb
Ort	noun
Papier	noun
Park	noun
Party	noun
Pass	noun
Pause	noun
Pizza	noun
Plan	noun
Platz	noun
Polizei	noun
Pommes	noun
Post	noun
Praktikum	noun
Preis	noun
prima	adjective
probieren	verb
Problem	noun
Prüfung	noun
Pullover	noun
Radio	noun
raten	verb
rechnen	verb
Rechnung	noun
rechts	adjective
Regal	noun
Regen	noun
Regenschirm	noun
Reis	noun
Reise	noun
Reisebüro	noun
reisen	verb
Restaurant	noun
Rezept	noun
richtig	adjective
Rock	noun
Rose	noun
rot	adjective
Rucksack	noun
ruhig	adjective
Saft	noun
sagen	verb
Salat	noun
Salz	noun
Samstag	noun
Sänger	noun
Sängerin	noun
Satz	noun
sauber	adjective
schicken	verb
Schinken	noun
schlafen	verb
schlecht	adjective
Schlüssel	noun
schmecken	verb
schnell	adjective
Schokolade	noun
schön	adjective
Schrank	noun
schreiben	verb
Schuh	noun
Schule	noun
Schüler	noun
Schülerin	noun
schwarz	adjective
schwer	adjective
Schwester	noun
schwimmen	verb
See	noun
sehen	verb
Seife	noun
sein	verb
Sekunde	noun
Shirt	noun
singen	verb
sitzen	verb
Socke	noun
sofort	adjective
Sohn	noun
Sommer	noun
Sonne	noun
Sonntag	noun
sortieren	verb
spät	adjective
Spiegel	noun
Spiel	noun
spielen	verb
Spielplatz	noun
Sport	noun
Sprache	noun
sprechen	verb
Stadt	noun
Stadtplan	noun
starten	verb
Stau	noun
stehen	verb
Stift	noun
Straße	noun
Strumpf	noun
Student	noun
Studentin	noun
studieren	verb
Stuhl	noun
Stunde	noun
suchen	verb
super	adjective
Supermarkt	noun
Suppe	noun
surfen	verb
süß	adjective
T-Shirt	noun
Tafel	noun
Tag	noun
Tante	noun
Tanz	noun
tanzen	verb
Tasche	noun
Tasse	noun
Taxi	noun
Tee	noun
Telefon	noun
telefonieren	verb
Teller	noun
Teppich	noun
Termin	noun
Test	noun
teuer	adjective
Text	noun
Ticket	noun
tippen	verb
Tisch	noun
Tochter	noun
Toilette	noun
Tomate	noun
Torte	noun
Traube	noun
treffen	verb
trinken	verb
tun	verb
Tür	noun
turnen	verb
üben	verb
Übung	noun
Uhr	noun
Universität	noun
unten	adjective
Urlaub	noun
Vater	noun
verkaufen	verb
Verkäufer	noun
Verkäuferin	noun
verstehen	verb
Videospiel	noun
vielleicht	adjective
Viertel	noun
Vogel	noun
Vormittag	noun
vorne	adjective
warm	adjective
warten	verb
waschen	verb
Wasser	noun
Weg	noun
Wein	noun
weiß	adjective
Werbung	noun
Wetter	noun
wichtig	adjective
wieder	adjective
wiederholen	verb
Winter	noun
wirklich	adjective
wissen	verb
Woche	noun
Wochenende	noun
wohnen	verb
Wohnung	noun
wollen	verb
Wort	noun
wünschen	verb
Wurst	noun
Zahl	noun
zahlen	verb
Zahnbürste	noun
zeigen	verb
Zeit	noun
Zeitung	noun
zelten	verb
Zimmer	noun
Zitrone	noun
Zoo	noun
Zucker	noun
zuerst	adjective
Zug	noun
zuhören	verb
zuletzt	adjective
zusammen	adjective
abbiegen	verb
abends	adjective
abfahren	verb
Abfahrt	noun
abgeben	verb
abholen	verb
abnehmen	verb
absagen	verb
abschließen	verb
abschneiden	verb
Absender	noun
abtrocknen	verb
abwaschen	verb
ähnlich	adjective
Aktion	noun
aktiv	adjective
Alarm	noun
Album	noun
Alkohol	noun
allein	adjective
Alltag	noun
anbieten	verb
ändern	verb
anders	adjective
Anfang	noun
anfangen	verb
anfassen	verb
Angebot	noun
angeln	verb
angenehm	adjective
Angst	noun
anklicken	verb
ankommen	verb
ankreuzen	verb
Ankunft	noun
anlächeln	verb
Anleitung	noun
anmachen	verb
anmelden	verb
Anmeldung	noun
anprobieren	verb
Anrufbeantworter	noun
anrufen	verb
anschauen	verb
ansehen	verb
anstellen	verb
Antwortkarte	noun
Anzeige	noun
anziehen	verb
Anzug	noun
anzünden	verb
Apotheke	noun
Aprikose	noun
Aquarium	noun
arbeitslos	adjective
Arbeitsplatz	noun
ärgerlich	adjective
Artikel	noun
auffüllen	verb
aufgeregt	adjective
aufhängen	verb
aufhören	verb
Aufkleber	noun
aufladen	verb
aufmachen	verb
aufmerksam	adjective
Aufnahme	noun
aufpassen	verb
aufräumen	verb
aufschreiben	verb
aufstehen	verb
aufteilen	verb
aufwachen	verb
aufwärmen	verb
Augenblick	noun
Ausbildung	noun
ausdrucken	verb
Ausflug	noun
ausfüllen	verb
Ausgang	noun
ausgeben	verb
ausgezeichnet	adjective
Auskunft	noun
Ausland	noun
ausmachen	verb
auspacken	verb
ausruhen	verb
Ausrüstung	noun
Aussage	noun
ausschlafen	verb
aussehen	verb
außen	adjective
Aussicht	noun
aussteigen	verb
Ausstellung	noun
aussuchen	verb
Austausch	noun
austauschen	verb
ausverkauft	adjective
Auswahl	noun
auswandern	verb
ausziehen	verb
Autobahn	noun
Automat	noun
automatisch	adjective
Babysitter	noun
backen	verb
Bäckerei	noun
Backofen	noun
Badewanne	noun
barfuß	adjective
Bargeld	noun
Bart	noun
Basketball	noun
Bauch	noun
bauen	verb
Baustelle	noun
beantworten	verb
bedeuten	verb
Bedeutung	noun
Bedienung	noun
beeilen	verb
beenden	verb
Beere	noun
Begleitung	noun
behindert	adjective
Behinderung	noun
Beispiel	noun
beißen	verb
bekannt	adjective
Bekannte	noun
beliebt	adjective
bellen	verb
Benzin	noun
bequem	adjective
beraten	verb
Berg	noun
bergig	adjective
Bericht	noun
berühmt	adjective
beschädigen	verb
beschäftigt	adjective
Bescheinigung	noun
beschreiben	verb
besetzt	adjective
besichtigen	verb
Besichtigung	noun
Besitz	noun
besonders	adjective
besorgen	verb
Besteck	noun
bestehen	verb
bestrafen	verb
Besuch	noun
betreten	verb
Betrieb	noun
Bevölkerung	noun
bewegen	verb
Bewegung	noun
bewerben	verb
Bewerbung	noun
Bewohner	noun
bewölkt	adjective
bewusstlos	adjective
Bibliothek	noun
bieten	verb
Bildschirm	noun
bitter	adjective
Blatt	noun
Blitz	noun
blond	adjective
Blut	noun
bluten	verb
Boden	noun
Bonbon	noun
böse	adjective
Braten	noun
brennen	verb
Brett	noun
Briefmarke	noun
Brücke	noun
Brust	noun
buchen	verb
Buchstabe	noun
bügeln	verb
Bühne	noun
Bürste	noun
Camping	noun
Chance	noun
chatten	verb
Chefin	noun
Chips	noun
Chor	noun
Comic	noun
Container	noun
Couch	noun
dabeihaben	verb
dankbar	adjective
Decke	noun
dekorieren	verb
deutlich	adjective
Diät	noun
dick	adjective
Dieb	noun
Diebstahl	noun
Dienst	noun
diesig	adjective
Ding	noun
Diplom	noun
direkt	adjective
Direktor	noun
Disco	noun
diskutieren	verb
Donner	noun
donnerstags	adjective
Doppelzimmer	noun
Dose	noun
downloaden	verb
Dozent	noun
dringend	adjective
Drogerie	noun
drücken	verb
dünn	adjective
durchlesen	verb
Durchsage	noun
durstig	adjective
eckig	adjective
egal	adjective
Ehefrau	noun
Ehemann	noun
Ehepaar	noun
ehrlich	adjective
eigentlich	adjective
eilig	adjective
Einbrecher	noun
einfallen	verb
einfarbig	adjective
Eingang	noun
Einladung	noun
einpacken	verb
einschlafen	verb
einsteigen	verb
eintragen	verb
Eintritt	noun
Einwohner	noun
einzahlen	verb
Einzelzimmer	noun
einziehen	verb
Eisenbahn	noun
elegant	adjective
elektrisch	adjective
Elektrogerät	noun
Empfänger	noun
empfehlen	verb
eng	adjective
Enkel	noun
Enkelin	noun
Entdeckung	noun
Ente	noun
entschuldigen	verb
enttäuscht	adjective
entwerfen	verb
Erdbeere	noun
erfahren	adjective,verb
Erfahrung	noun
Ergebnis	noun
erinnern	verb
Erinnerung	noun
erkältet	adjective
Erkältung	noun
erlauben	verb
erleben	verb
Erlebnisbad	noun
erledigen	verb
Ermäßigung	noun
ernst	adjective
Ernte	noun
ernten	verb
erobern	verb
erreichen	verb
erschöpft	adjective
erst	adjective
Erwachsener	noun
Essig	noun
Etage	noun
extra	adjective
Fabrik	noun
Fahrgast	noun
Fahrplan	noun
Fahrschein	noun
Fahrt	noun
Fan	noun
fangen	verb
fantastisch	adjective
Fasching	noun
fehlen	verb
Feier	noun
feiern	verb
Feiertag	noun
Feld	noun
Ferienwohnung	noun
Fernbedienung	noun
Fest	noun
festmachen	verb
fett	adjective
feucht	adjective
Feuerwehr	noun
Feuerwerk	noun
fit	adjective
Fitnessstudio	noun
flach	adjective
Fläche	noun
Fleck	noun
fleißig	adjective
fließen	verb
Flohmarkt	noun
Flug	noun
Flur	noun
Fluss	noun
folgen	verb
Formular	noun
Fortsetzung	noun
fotografieren	verb
frech	adjective
freiwillig	adjective
fremd	adjective
freundlich	adjective
frieren	verb
Friseur	noun
Frisur	noun
fröhlich	adjective
Frost	noun
Frucht	noun
führen	verb
Führung	noun
Fundbüro	noun
funktionieren	verb
furchtbar	adjective
fürchten	verb
gähnen	verb
Gans	noun
Garage	noun
Garderobe	noun
Gebäude	noun
Gebirge	noun
gebraucht	adjective
Gebühr	noun
Geburtsdatum	noun
Geburtsort	noun
Gedanke	noun
Gedicht	noun
Gefahr	noun
gefährlich	adjective
gefallen	verb
Gefühl	noun
Gegenteil	noun
Gehalt	noun
geheim	adjective
Geheimzahl	noun
Geldbörse	noun
Gemälde	noun
gemeinsam	adjective
gemütlich	adjective
genau	adjective
genug	adjective
geöffnet	adjective
Gepäck	noun
gepunktet	adjective
gerade	adjective
geradeaus	adjective
Geräusch	noun
Gericht	noun
gesamt	adjective
Geschichte	noun
geschlossen	adjective
Gesellschaft	noun
Gesicht	noun
gestalten	verb
gestreift	adjective
gestresst	adjective
Gesundheit	noun
Gewicht	noun
Gewinn	noun
gewinnen	verb
Gewinner	noun
Gewitter	noun
Gitarrist	noun
glatt	adjective
Glatteis	noun
Gleis	noun
golden	adjective
googeln	verb
gratulieren	verb
grau	adjective
Grenze	noun
Grill	noun
Grund	noun
Gruß	noun
gucken	verb
günstig	adjective
Gürtel	noun
Gymnasium	noun
Haar	noun
Hafen	noun
Halbpension	noun
Hälfte	noun
haltbar	adjective
halten	verb
Haltestelle	noun
Hammer	noun
Handschuh	noun
Handtuch	noun
Handwerker	noun
hängen	verb
hart	adjective
hassen	verb
hässlich	adjective
häufig	adjective
Hauptspeise	noun
Hausmeister	noun
Haustier	noun
Haut	noun
Heimat	noun
Heirat	noun
heiraten	verb
Heizung	noun
herunterladen	verb
Herz	noun
herzlich	adjective
Himmel	noun
hinfallen	verb
hinlegen	verb
hinsetzen	verb
Hit	noun
Hitze	noun
höchstens	adjective
Hochzeit	noun
hoffen	verb
Höhe	noun
Honig	noun
hübsch	adjective
Hügel	noun
Huhn	noun
hungrig	adjective
hupen	verb
Imbiss	noun
Impfung	noun
inbegriffen	verb
informieren	verb
innen	adjective
Insel	noun
Inserat	noun
interessant	adjective
Interesse	noun
interessieren	verb
international	adjective
Jahreszeit	noun
Jahrhundert	noun
Joghurt	noun
Journalist	noun
Jubiläum	noun
Jugend	noun
Kabel	noun
Kamera	noun
Kamm	noun
Kanal	noun
Kandidat	noun
Kaninchen	noun
Kanton	noun
Kapitän	noun
Kariertes	noun
Karriere	noun
Kartenspiel	noun
Kaugummi	noun
Kaution	noun
Keller	noun
Kellner	noun
Kellnerin	noun
Kenntnisse	noun
Kilogramm	noun
Kilometer	noun
Kindergarten	noun
Kinderwagen	noun
Kiosk	noun
Kirche	noun
Kissen	noun
Kiste	noun
klappen	verb
klar	adjective
kleben	verb
klettern	verb
Klima	noun
Klingel	noun
klingeln	verb
klingen	verb
Klopapier	noun
Kloß	noun
klug	adjective
Kneipe	noun
Knie	noun
Knochen	noun
Knopf	noun
Koch	noun
Köchin	noun
Kofferraum	noun
Kohle	noun
komisch	adjective
Komödie	noun
kompliziert	adjective
Konditorei	noun
Kongress	noun
Kontinent	noun
Konto	noun
Konzert	noun
Kopf	noun
Kopie	noun
Korb	noun
Körper	noun
Kosmetik	noun
kostbar	adjective
Kostüm	noun
kräftig	adjective
Krankenhaus	noun
Krankenkasse	noun
Krankenpfleger	noun
Krankenschwester	noun
Krankenwagen	noun
Krankheit	noun
kratzen	verb
Kraut	noun
Krawatte	noun
Kredit	noun
Kreditkarte	noun
Kreis	noun
Kreuzung	noun
Krimi	noun
Kuh	noun
kühl	adjective
Kultur	noun
kümmern	verb
Kunde	noun
kündigen	verb
Kundin	noun
Kunst	noun
Künstler	noun
kürzen	verb
Kuss	noun
küssen	verb
Küste	noun
Laden	noun
Lager	noun
lagern	verb
landen	verb
Landschaft	noun
langweilig	adjective
Laptop	noun
Lärm	noun
lassen	verb
Lastwagen	noun
lauten	verb
Lautsprecher	noun
Lebenslauf	noun
Lebensmittel	noun
Leder	noun
ledig	adjective
leer	adjective
leeren	verb
legen	verb
Lehre	noun
leihen	verb
Leistung	noun
Leiter	noun
Lernende	noun
Leser	noun
leuchten	verb
liken	verb
lila	adjective
Lippe	noun
Loch	noun
locker	adjective
Lohn	noun
Lokal	noun
losfahren	verb
loslassen	verb
Lösung	noun
Lotto	noun
Löwe	noun
Lücke	noun
Luft	noun
lügen	verb
Lust	noun
lustig	adjective
Magen	noun
mager	adjective
mahlen	verb
Mahlzeit	noun
Mais	noun
Maler	noun
männlich	adjective
Mannschaft	noun
Mappe	noun
Marke	noun
Marmelade	noun
Maschine	noun
Matratze	noun
Mauer	noun
Maus	noun
Mechaniker	noun
Medaille	noun
Mehl	noun
mehrmals	adjective
meinen	verb
Meinung	noun
Meister	noun
Melone	noun
Menge	noun
Mensch	noun
merken	verb
Messer	noun
Metall	noun
Meter	noun
Metzgerei	noun
mies	adjective
Miete	noun
mieten	verb
Mikrowelle	noun
mild	adjective
mindestens	adjective
mischen	verb
Mischung	noun
Mist	noun
Mitarbeiter	noun
Mitbewohner	noun
mitbringen	verb
mitfahren	verb
Mitglied	noun
mitkommen	verb
mitmachen	verb
mitnehmen	verb
mitspielen	verb
mittags	adjective
Mittagspause	noun
Mitte	noun
Mitteilung	noun
Mittel	noun
Mitternacht	noun
Möbelstück	noun
Modell	noun
Moderator	noun
modern	adjective
möglich	adjective
Möglichkeit	noun
monatlich	adjective
Mond	noun
montags	adjective
morgens	adjective
Motor	noun
Motorrad	noun
Mund	noun
Münze	noun
Museum	noun
Muskel	noun
Muttersprache	noun
Nachbarschaft	noun
nachdenken	verb
nachfragen	verb
Nachhilfe	noun
Nachricht	noun
Nachrichten	noun
nachsehen	verb
Nachspeise	noun
Nachtisch	noun
nachts	adjective
nackt	adjective
Nadel	noun
Nagel	noun
Nähe	noun
nähen	verb
Nashorn	noun
nass	adjective
Nationalität	noun
Naturschutz	noun
Nebel	noun
neblig	adjective
Neffe	noun
nervös	adjective
neugierig	adjective
neulich	adjective
Nichte	noun
Nichtraucher	noun
Niederlage	noun
niesen	verb
nirgendwo	adjective
Norden	noun
normal	adjective
Notarzt	noun
Note	noun
Notfall	noun
nötig	adjective
Notizbuch	noun
notwendig	adjective
Nudelsuppe	noun
Obdachlose	noun
Ober	noun
Oberteil	noun
Obstsalat	noun
offen	adjective
öffentlich	adjective
Öffnungszeiten	noun
ökologisch	adjective
Olympiade	noun
Omelett	noun
Onlineshop	noun
Oper	noun
operieren	verb
optimal	adjective
Orchester	noun
Ordner	noun
Ordnung	noun
Organisation	noun
Osten	noun
Ostern	noun
Paar	noun
Päckchen	noun
packen	verb
Paket	noun
Panne	noun
Papiere	noun
Pärchen	noun
Parfüm	noun
parken	verb
Parkhaus	noun
Parkplatz	noun
passen	verb
passieren	verb
Passwort	noun
Patient	noun
Pech	noun
Pension	noun
perfekt	adjective
Person	noun
persönlich	adjective
Pfand	noun
Pfanne	noun
Pfeffer	noun
pfeifen	verb
Pferd	noun
Pflanze	noun
pflanzen	verb
Pflaster	noun
pflücken	verb
Pfund	noun
Picknick	noun
Pilz	noun
Pinsel	noun
Plakat	noun
planen	verb
Plastik	noun
plötzlich	adjective
Politiker	noun
Portemonnaie	noun
Portion	noun
posten	verb
Poster	noun
Postkarte	noun
Postleitzahl	noun
Praktikant	noun
praktisch	adjective
Praxis	noun
Preisliste	noun
Presse	noun
pressen	verb
Prinz	noun
Prinzessin	noun
privat	adjective
Programm	noun
Projekt	noun
Prospekt	noun
Publikum	noun
Punkt	noun
pünktlich	adjective
Puppe	noun
Pute	noun
putzen	verb
Qualität	noun
Quatsch	noun
Quittung	noun
Rabatt	noun
Rad	noun
Rasen	noun
Rasierer	noun
Rathaus	noun
Rätsel	noun
rauchen	verb
Raucher	noun
Raum	noun
recyceln	verb
Regel	noun
Regenjacke	noun
Regisseur	noun
regnen	verb
regnerisch	adjective
reiben	verb
reich	adjective
reichen	verb
reif	adjective
Reifen	noun
Reihe	noun
reinigen	verb
Reinigung	noun
Reiseführer	noun
Reisepass	noun
Reiseziel	noun
reiten	verb
Reiter	noun
rennen	verb
Reparatur	noun
reparieren	verb
reservieren	verb
Rezeption	noun
Richtung	noun
riechen	verb
Rindfleisch	noun
Ring	noun
roh	adjective
rollen	verb
Roman	noun
Röntgenbild	noun
rosa	adjective
rösten	verb
Rücken	noun
rückwärts	adjective
rudern	verb
rufen	verb
Ruhe	noun
rühren	verb
rund	adjective
Rundgang	noun
Rutsche	noun
rutschig	adjective
Sache	noun
Sahne	noun
Saison	noun
Salbe	noun
salzig	adjective
Sammlung	noun
Sand	noun
satt	adjective
sauer	adjective
Sauna	noun
Schachtel	noun
Schaden	noun
Schaf	noun
schaffen	verb
Schal	noun
schälen	verb
Schalter	noun
scharf	adjective
schattig	adjective
Schatz	noun
schauen	verb
Schauspieler	noun
schenken	verb
Schere	noun
schick	adjective
schieben	verb
schießen	verb
Schiff	noun
Schild	noun
Schirm	noun
Schlafsack	noun
Schlafzimmer	noun
Schlagzeug	noun
Schlange	noun
schlank	adjective
schließen	verb
schlimm	adjective
Schlitten	noun
Schloss	noun
Schluck	noun
Schlüsselbund	noun
schmal	adjective
Schmerz	noun
schminken	verb
Schmuck	noun
schmücken	verb
schmutzig	adjective
Schnee	noun
schneiden	verb
schneien	verb
Schnitzel	noun
Schnupfen	noun
Schornstein	noun
Schraube	noun
schrauben	verb
schrecklich	adjective
Schreibtisch	noun
schreien	verb
schriftlich	adjective
Schublade	noun
Schulabschluss	noun
Schulhof	noun
Schulter	noun
Schüssel	noun
schütteln	verb
schwach	adjective
schwanger	adjective
Schwein	noun
Schweinefleisch	noun
schwierig	adjective
Schwierigkeit	noun
Schwimmbad	noun
schwindlig	adjective
Seemann	noun
Segel	noun
segeln	verb
Sehtest	noun
Seite	noun
Sekt	noun
selbstverständlich	adjective
selten	adjective
Semester	noun
Seminar	noun
senden	verb
Sender	noun
Sendung	noun
Serie	noun
servieren	verb
Sessel	noun
setzen	verb
Show	noun
sicher	adjective
Sicherheit	noun
Sieg	noun
Sieger	noun
silbern	adjective
sinken	verb
Sitz	noun
Sitzplatz	noun
Ski	noun
Snack	noun
Sofa	noun
Sonderangebot	noun
Sonnenbrille	noun
Sonnencreme	noun
Sonnenschein	noun
sonnig	adjective
Sorge	noun
Souvenir	noun
Spalte	noun
Sparbuch	noun
sparen	verb
spazieren	verb
Speise	noun
Speisekarte	noun
spenden	verb
Spezialität	noun
Spielzeug	noun
Spinne	noun
spitz	adjective
Sportler	noun
sportlich	adjective
Sportplatz	noun
Sprachschule	noun
Sprechstunde	noun
springen	verb
Spritze	noun
spülen	verb
Spülmaschine	noun
Staat	noun
stachelig	adjective
Stadion	noun
Stadtführung	noun
Stadtmitte	noun
Stadtteil	noun
Stammtisch	noun
stapeln	verb
Star	noun
stark	adjective
stattfinden	verb
staubig	adjective
Staubsauger	noun
Steak	noun
stechen	verb
Steckdose	noun
stecken	verb
Stecker	noun
stehlen	verb
steigen	verb
steil	adjective
Stein	noun
Stelle	noun
stellen	verb
sterben	verb
Stern	noun
Stiefel	noun
still	adjective
Stimme	noun
stimmen	verb
stinkig	adjective
Stipendium	noun
Stirn	noun
Stock	noun
Stockwerk	noun
Stoff	noun
stolpern	verb
stolz	adjective
stören	verb
Strafzettel	noun
Strand	noun
Strandkorb	noun
Strecke	noun
streicheln	verb
Streifen	noun
Streit	noun
Strom	noun
Strumpfhose	noun
Stück	noun
Studentenwohnheim	noun
Studiengang	noun
Studium	noun
Sturm	noun
stürmisch	adjective
stürzen	verb
Süden	noun
sympathisch	adjective
Tabelle	noun
Tablette	noun
Tagebuch	noun
täglich	adjective
Tal	noun
tanken	verb
Tankstelle	noun
Tanne	noun
Tarif	noun
Taschengeld	noun
Taschentuch	noun
Tastatur	noun
Taste	noun
Tat	noun
Täter	noun
Tatort	noun
Taube	noun
tauchen	verb
Taucher	noun
tauschen	verb
Team	noun
Teig	noun
Teil	noun
teilen	verb
Teilnahme	noun
Teilzeit	noun
Teppichboden	noun
Terrasse	noun
testen	verb
Theaterstück	noun
Thema	noun
Thermometer	noun
tief	adjective
Tiefgarage	noun
Tier	noun
Tierarzt	noun
Tierpark	noun
Tinte	noun
Tipp	noun
Tischtennis	noun
Toastbrot	noun
toll	adjective
Ton	noun
Topf	noun
Tor	noun
tot	adjective
Tourist	noun
Touristeninformation	noun
tragen	verb
Trainer	noun
trainieren	verb
Training	noun
Trainingsanzug	noun
transportieren	verb
Traum	noun
Traumberuf	noun
träumen	verb
traurig	adjective
trennen	verb
Treppe	noun
Trinkgeld	noun
trocken	adjective
trocknen	verb
Trommel	noun
Tropfen	noun
tropisch	adjective
Tuch	noun
Turm	noun
Turnschuh	noun
Tüte	noun
typisch	adjective
überall	adjective
überholen	verb
überlegen	adjective,verb
übermorgen	verb
übernachten	verb
überqueren	verb
überraschen	verb
übertragen	verb
Ufer	noun
umarmen	verb
umdrehen	verb
umfallen	verb
Umgebung	noun
Umkleidekabine	noun
Umleitung	noun
umrühren	verb
Umschlag	noun
umsteigen	verb
Umwelt	noun
umziehen	verb
Umzug	noun
unbedingt	adjective
Unfall	noun
unfreundlich	adjective
ungefähr	adjective
ungesund	adjective
unglücklich	adjective
unhöflich	adjective
unmöglich	adjective
unordentlich	adjective
unpünktlich	adjective
unsicher	adjective
Unterhaltung	noun
Unterhemd	noun
Unterhose	noun
Unterkunft	noun
Unterlage	noun
Untermieter	noun
Unterricht	noun
Unterschied	noun
unterschreiben	verb
Unterschrift	noun
untersuchen	verb
Untersuchung	noun
Untertitel	noun
Unterwäsche	noun
unterwegs	adjective
unzufrieden	adjective
Vase	noun
Ventilator	noun
Verabredung	noun
Veranstaltung	noun
Verband	noun
verbieten	verb
Verbindung	noun
verboten	verb
verbrennen	verb
verdienen	verb
Verein	noun
Vereinbarung	noun
Vergangenheit	noun
vergessen	verb
Vergleich	noun
vergleichen	verb
Verhältnis	noun
verheiratet	adjective
Verkäufe	noun
Verkehr	noun
Verlag	noun
verlaufen	verb
verlegen	adjective
verleihen	verb
verletzen	verb
Verletzung	noun
verliebt	adjective
verlieren	verb
vermieten	verb
Vermieter	noun
vermischen	verb
Vermittlung	noun
verpacken	verb
verpassen	verb
verreisen	verb
verschenken	verb
verschieben	verb
verschieden	adjective
verschlafen	verb
verschütten	verb
Versicherung	noun
Verspätung	noun
versprechen	verb
verstecken	verb
Vertrag	noun
Verwandte	noun
verwöhnen	verb
Videokamera	noun
Viertelstunde	noun
Villa	noun
Visum	noun
Vitamin	noun
voll	adjective
Volleyball	noun
Vollkornbrot	noun
Vollzeit	noun
vorbeigehen	verb
vorbereiten	verb
vorgestern	verb
vorhaben	verb
Vorhang	noun
vorlesen	verb
Vorname	noun
Vorschlag	noun
vorschlagen	verb
Vorsicht	noun
Vorspeise	noun
vorstellen	verb
Vorstellung	noun
Vorwahl	noun
vorwärts	adjective
wach	adjective
wachsen	verb
Wagen	noun
Wald	noun
Wand	noun
wandern	verb
Wanderung	noun
Wanderweg	noun
Ware	noun
wärmen	verb
Waschbecken	noun
Wäsche	noun
Waschmaschine	noun
Waschmittel	noun
Wechselgeld	noun
wechseln	verb
wecken	verb
Wecker	noun
wegfahren	verb
wegwerfen	verb
wehtun	verb
weiblich	adjective
weich	adjective
Weihnachten	noun
weinen	verb
weit	adjective
weiterfahren	verb
weitergehen	verb
Weltreise	noun
wenig	adjective
werden	verb
werfen	verb
Werkstatt	noun
Werkzeug	noun
Westen	noun
Wettervorhersage	noun
wickeln	verb
Wiedersehen	noun
wiegen	verb
Wiese	noun
Wind	noun
windig	adjective
winken	verb
Wirtschaft	noun
wischen	verb
wöchentlich	adjective
Wolke	noun
wolkig	adjective
Wolle	noun
Workshop	noun
Wörterbuch	noun
Wunde	noun
wunderbar	adjective
wunderschön	adjective
Wunsch	noun
Würfel	noun
würzen	verb
Zahn	noun
Zahnarzt	noun
Zange	noun
zart	adjective
Zaun	noun
Zebrastreifen	noun
Zehe	noun
Zeichen	noun
zeichnen	verb
Zeichnung	noun
Zeitschrift	noun
Zelt	noun
zentral	adjective
Zentrum	noun
zerbrechen	verb
zerreißen	verb
Zettel	noun
Zeuge	noun
Zeugnis	noun
Ziege	noun
Ziel	noun
Zigarette	noun
Zoll	noun
Zopf	noun
zubereiten	verb
zufrieden	adjective
Zuhause	noun
Zukunft	noun
zumachen	verb
zunehmen	verb
Zunge	noun
zurückgeben	verb
zurückkommen	verb
zurückrufen	verb
zusagen	verb
zusätzlich	adjective
zuschauen	verb
Zuschauer	noun
zusehen	verb
Zutat	noun
Zweck	noun
zweifeln	verb
zweisprachig	adjective
Zwiebel	noun
Zwilling	noun
abbrechen	verb
abbuchen	verb
abdecken	verb
Abenteurer	noun
Aberglaube	noun
Abfall	noun
Abgas	noun
abgewöhnen	verb
abhängen	verb
abhängig	adjective
Abitur	noun
abkühlen	verb
Ablauf	noun
ablaufen	verb
ablehnen	verb
ablenken	verb
abmelden	verb
abonnieren	verb
abraten	verb
abreisen	verb
abreißen	verb
abrunden	verb
Abschied	noun
Abschluss	noun
Abschnitt	noun
absenden	verb
absetzen	verb
absichern	verb
Absicht	noun
abspecken	verb
absperren	verb
Absperrung	noun
abstellen	verb
Abstellraum	noun
Abstieg	noun
abstimmen	verb
Abstimmung	noun
abstürzen	verb
Abteilung	noun
abtreiben	verb
abwarten	verb
Abwasser	noun
abwechseln	verb
abwechslungsreich	adjective
abwenden	verb
abwerben	verb
abwesend	adjective
Abwesenheit	noun
abzahlen	verb
abziehen	verb
achten	verb
Achtung	noun
Ackerbau	noun
Adler	noun
Affe	noun
Agentur	noun
Aggression	noun
Ahnung	noun
Akku	noun
Akte	noun
Aktie	noun
Aktivität	noun
Allergie	noun
allgemein	adjective
allmählich	adjective
Alptraum	noun
Altenheim	noun
alternativ	adjective
Altersvorsorge	noun
Altpapier	noun
Ameise	noun
Amt	noun
Analyse	noun
Anbau	noun
anbauen	verb
anbraten	verb
anbrennen	verb
andauern	verb
Andenken	noun
anerkennen	verb
anfahren	verb
Anfänger	noun
anfordern	verb
Anforderung	noun
Anfrage	noun
anfühlen	verb
angeben	verb
angeblich	adjective
angebracht	adjective
Angeklagte	noun
angesagt	adjective
angespannt	adjective
Angestellte	noun
angewöhnen	verb
angreifen	verb
Angreifer	noun
anhalten	verb
Anhang	noun
anheben	verb
anklagen	verb
ankündigen	verb
Ankündigung	noun
Anlage	noun
Anlass	noun
anlegen	verb
Anleihe	noun
anmerken	verb
annähern	verb
Annahme	noun
annehmen	verb
anordnen	verb
Anordnung	noun
anpassen	verb
Anrede	noun
Anregung	noun
anrichten	verb
Ansage	noun
ansässig	adjective
anschaffen	verb
anschließen	verb
Anschluss	noun
anschnallen	verb
Ansicht	noun
anspannen	verb
ansprechen	verb
Anspruch	noun
anspruchsvoll	adjective
anstecken	verb
ansteigen	verb
anstoßen	verb
anstrengen	verb
anstrengend	adjective
Ansturm	noun
Anteil	noun
Antrag	noun
antreten	verb
Anwalt	noun
Anwältin	noun
Anweisung	noun
anwenden	verb
anwesend	adjective
Anwesenheit	noun
Anzahl	noun
Anzahlung	noun
Anzeichen	noun
anzeigen	verb
Appetit	noun
Arbeitgeber	noun
Arbeitnehmer	noun
Arbeitsamt	noun
Arbeitserlaubnis	noun
Arbeitskraft	noun
Arbeitslosigkeit	noun
Arbeitsmarkt	noun
Arbeitsvertrag	noun
Arbeitszeit	noun
Architektur	noun
Archiv	noun
Ärger	noun
Armut	noun
Art	noun
Assistent	noun
Asyl	noun
Atem	noun
atemberaubend	adjective
Atmosphäre	noun
Attentat	noun
attraktiv	adjective
ätzend	adjective
aufatmen	verb
aufbauen	verb
aufbewahren	verb
aufblasen	verb
aufbrechen	verb
aufdrehen	verb
aufdringlich	adjective
Aufenthalt	noun
auffallen	verb
auffangen	verb
auffordern	verb
auffrischen	verb
aufführen	verb
Aufführung	noun
aufgeben	verb
aufgeschlossen	adjective
aufheben	verb
aufholen	verb
aufklappen	verb
aufklären	verb
aufkommen	verb
auflegen	verb
auflisten	verb
auflösen	verb
Auflösung	noun
Aufmerksamkeit	noun
aufmuntern	verb
aufnehmen	verb
aufregen	verb
aufregend	adjective
Aufregung	noun
Aufruf	noun
aufrufen	verb
aufsagen	verb
Aufsatz	noun
aufsetzen	verb
aufspringen	verb
aufsteigen	verb
Aufstieg	noun
auftanken	verb
auftauchen	verb
auftauen	verb
Auftrag	noun
auftreten	verb
Auftritt	noun
aufwachsen	verb
aufwecken	verb
aufzeichnen	verb
Augenzeuge	noun
ausatmen	verb
ausbilden	verb
Ausbilder	noun
ausbrechen	verb
ausbreiten	verb
Ausbruch	noun
auschecken	verb
ausdauernd	adjective
ausdenken	verb
Ausdruck	noun
ausdrücken	verb
auseinanderhalten	verb
Ausfall	noun
ausfallen	verb
ausführlich	adjective
Ausgabe	noun
Ausgangspunkt	noun
ausgebucht	adjective
ausgeglichen	adjective
ausgehen	verb
ausgeschlossen	adjective
aushalten	verb
aushelfen	verb
auskennen	verb
auskommen	verb
auskömmlich	adjective
auslachen	verb
ausländisch	adjective
auslassen	verb
ausleihen	verb
ausliefern	verb
ausloggen	verb
auslösen	verb
Auslöser	noun
Ausnahme	noun
ausprobieren	verb
ausrauben	verb
ausrechnen	verb
Ausrede	noun
ausreichen	verb
ausreichend	adjective
Ausreise	noun
ausrichten	verb
ausrufen	verb
ausrutschen	verb
ausschalten	verb
Ausschlag	noun
ausschlagen	verb
ausschließlich	adjective
ausschneiden	verb
Ausschreibung	noun
ausschütten	verb
Außenseiter	noun
außergewöhnlich	adjective
äußern	verb
äußerst	adjective
aussetzen	verb
aussortieren	verb
ausspannen	verb
Aussprache	noun
aussprechen	verb
Aussteller	noun
aussterben	verb
Ausstieg	noun
ausstrahlen	verb
ausstrecken	verb
austragen	verb
austrinken	verb
ausüben	verb
ausverkaufen	verb
auswählen	verb
Auswanderer	noun
Ausweg	noun
ausweichen	verb
ausweisen	verb
auswendig	adjective
Auswirkung	noun
auszahlen	verb
auszeichnen	verb
Auszubildende	noun
Autor	noun
Autorin	noun
Bach	noun
Bakterie	noun
Ballett	noun
Band	noun
Bande	noun
barrierefrei	adjective
Bauarbeiter	noun
Bauernhof	noun
Baujahr	noun
beachten	verb
Beamte	noun
bearbeiten	verb
beauftragen	verb
bedanken	verb
Bedauern	noun
bedecken	verb
bedeutend	adjective
bedienen	verb
Bedienungsanleitung	noun
Bedingung	noun
bedrücken	verb
Bedürfnis	noun
Beerdigung	noun
Befehl	noun
befestigen	verb
befinden	verb
befördern	verb
Beförderung	noun
befragen	verb
Befragte	noun
befreien	verb
befriedigen	verb
befriedigend	adjective
begabt	adjective
Begabung	noun
begegnen	verb
Begegnung	noun
begehrt	adjective
begeistern	verb
begeistert	adjective
begleiten	verb
Begleiter	noun
begraben	verb
Begrenzung	noun
Begriff	noun
begründen	verb
Begründung	noun
begrüßen	verb
Begrüßung	noun
behaglich	adjective
behalten	verb
Behälter	noun
behandeln	verb
Behandlung	noun
behaupten	verb
beherrschen	verb
behindern	verb
Behörde	noun
beibringen	verb
Beichte	noun
beichten	verb
Beifall	noun
Beilage	noun
beisetzen	verb
Beitrag	noun
beitragen	verb
Beitritt	noun
bekämpfen	verb
bekanntgeben	verb
bekanntmachen	verb
Bekanntschaft	noun
beklagen	verb
belasten	verb
belästigen	verb
Belastung	noun
Beleg	noun
beleidigen	verb
Beleidigung	noun
belohnen	verb
Belohnung	noun
belügen	verb
bemerken	verb
Bemerkung	noun
bemitleiden	verb
bemühen	verb
Bemühung	noun
benachrichtigen	verb
Benehmen	noun
benutzen	verb
beobachten	verb
Bequemlichkeit	noun
Beratung	noun
Beratungsstelle	noun
Bereich	noun
bereichern	verb
bereit	adjective
Bereitschaft	noun
bereuen	verb
bergen	verb
Bergsteiger	noun
berichten	verb
berichtigen	verb
bersten	verb
berücksichtigen	verb
beruflich	adjective
Berufserfahrung	noun
Berufsleben	noun
beruhigen	verb
beschäftigen	verb
Bescheid	noun
bescheiden	adjective
beschimpfen	verb
beschlagnahmen	verb
beschließen	verb
Beschluss	noun
Beschreibung	noun
beschuldigen	verb
beschützen	verb
Beschwerde	noun
beschweren	verb
besiegen	verb
besitzen	verb
Besitzer	noun
Besitztum	noun
Besonderheit	noun
Besprechung	noun
Besserung	noun
Bestand	noun
bestätigen	verb
Bestätigung	noun
bestechen	verb
besteigen	verb
Bestellung	noun
bestimmen	verb
Besucher	noun
betäuben	verb
beteiligen	verb
Beteiligung	noun
beten	verb
Beton	noun
betonen	verb
Betrachter	noun
Betrag	noun
betragen	verb
betreffen	verb
betreuen	verb
Betreuung	noun
Betrug	noun
betrügen	verb
Betrüger	noun
betteln	verb
Bettler	noun
beurteilen	verb
Beute	noun
bevorstehen	verb
bewachen	verb
bewahren	verb
bewässern	verb
beweglich	adjective
beweisen	verb
Bewerber	noun
bewundern	verb
Bewunderung	noun
bewusst	adjective
bezahlbar	adjective
Bezahlung	noun
bezeichnen	verb
beziehen	verb
Beziehung	noun
Bezirk	noun
bezweifeln	verb
Biene	noun
Bilanz	noun
Bildhauer	noun
Bildschirmzeit	noun
Bildung	noun
bimmeln	verb
Bindung	noun
Biografie	noun
bissig	adjective
Blase	noun
blass	adjective
blenden	verb
Blick	noun
blinken	verb
blockieren	verb
Blüte	noun
bohren	verb
Bohrer	noun
Bord	noun
Börse	noun
bösartig	adjective
Botschaft	noun
Boykott	noun
boykottieren	verb
Branche	noun
Brand	noun
Brandung	noun
Brauch	noun
Braut	noun
Bräutigam	noun
brechen	verb
bremsen	verb
Bruchteil	noun
Brühe	noun
brüllen	verb
brummen	verb
Brunnen	noun
brutal	adjective
brüten	verb
Buchhaltung	noun
Buchung	noun
bücken	verb
Bude	noun
Bühnenbild	noun
Bundeskanzler	noun
Bundesland	noun
Bundesregierung	noun
Bündnis	noun
Burg	noun
Bürger	noun
Bürgermeister	noun
Bürgersteig	noun
Bürokratie	noun
Chaos	noun
chaotisch	adjective
Charakter	noun
charmant	adjective
Chemie	noun
Chirurg	noun
Christ	noun
Clip	noun
Coach	noun
Code	noun
Comedy	noun
Community	noun
dahinterstecken	verb
Datei	noun
Daten	noun
Datenbank	noun
Datenschutz	noun
Dauer	noun
dauerhaft	adjective
davonkommen	verb
davonlaufen	verb
dazugehören	verb
dazuverdienen	verb
defekt	adjective
Delfin	noun
dementsprechend	adjective
demnächst	adjective
Demokratie	noun
Demonstration	noun
demonstrieren	verb
Denkmal	noun
Deponie	noun
Depression	noun
deprimiert	adjective
derzeit	adjective
Detail	noun
detailliert	adjective
dezent	adjective
Dialekt	noun
Dialog	noun
dicht	adjective
dichten	verb
Dichter	noun
Dichtung	noun
dienen	verb
diesbezüglich	adjective
Dieselmotor	noun
digital	adjective
Digitalisierung	noun
Diskette	noun
diskret	adjective
Diskussion	noun
dividieren	verb
Dokument	noun
Dolmetscher	noun
doof	adjective
Doppelgänger	noun
Dorfbewohner	noun
Drama	noun
dreckig	adjective
Drehbuch	noun
dreist	adjective
Droge	noun
drohen	verb
Drohung	noun
Druck	noun
Duell	noun
Duft	noun
dulden	verb
Dünger	noun
Dunkelheit	noun
durcheinander	adjective
durchfallen	verb
durchführen	verb
durchgreifen	verb
durchkommen	verb
durchmachen	verb
durchqueren	verb
durchschnittlich	adjective
durchsetzen	verb
durchsichtig	adjective
durchstreichen	verb
durchsuchen	verb
duzen	verb
dynamisch	adjective
Ebbe	noun
edel	adjective
effektiv	adjective
Ehe	noun
ehemalig	adjective
Ehre	noun
ehren	verb
ehrenamtlich	adjective
ehrgeizig	adjective
Ehrlichkeit	noun
Eifer	noun
eifersüchtig	adjective
eigenartig	adjective
eigenhändig	adjective
Eigenschaft	noun
Eigentümer	noun
Eile	noun
eilen	verb
einatmen	verb
einbauen	verb
einbilden	verb
einbrechen	verb
einbringen	verb
Einbruch	noun
einbürgern	verb
einchecken	verb
eincremen	verb
eindeutig	adjective
eindringen	verb
Eindruck	noun
Einfall	noun
einfallsreich	adjective
Einfluss	noun
einfrieren	verb
einfühlsam	adjective
einführen	verb
eingeben	verb
eingewöhnen	verb
eingravieren	verb
Eingriff	noun
einhalten	verb
einheimisch	adjective
Einheimische	noun
einholen	verb
einigen	verb
einigermaßen	adjective
einkalkulieren	verb
einkassieren	verb
Einkaufswagen	noun
Einkaufszentrum	noun
einkehren	verb
einkleiden	verb
Einkommen	noun
einlassen	verb
einleben	verb
einlegen	verb
Einleitung	noun
einleuchtend	adjective
einloggen	verb
einlösen	verb
einmischen	verb
Einnahme	noun
einnehmen	verb
einordnen	verb
einparken	verb
einprägen	verb
einreichen	verb
Einreise	noun
einreisen	verb
einrichten	verb
Einrichtung	noun
einsam	adjective
Einsamkeit	noun
einsatzbereit	adjective
einschalten	verb
einschätzen	verb
einschenken	verb
Einschlaf	noun
einschlagen	verb
einschließen	verb
einschreiben	verb
einsehen	verb
einseitig	adjective
einsenden	verb
einspringen	verb
Einspruch	noun
Einstellung	noun
einstimmig	adjective
einstürzen	verb
eintauchen	verb
eintauschen	verb
einteilen	verb
eintippen	verb
eintönig	adjective
eintreffen	verb
eintreten	verb
Eintrittskarte	noun
einverstanden	adjective
einweihen	verb
einwerfen	verb
einwickeln	verb
einzäunen	verb
Einzelfall	noun
Einzelheit	noun
einzeln	verb
einzig	adjective
Eisberg	noun
eisig	adjective
eitel	adjective
Eiweiß	noun
Elefant	noun
Elektriker	noun
Elektronik	noun
elend	adjective
Emotion	noun
Empfang	noun
empfangen	verb
empfehlenswert	adjective
Empfehlung	noun
empfinden	verb
empfindlich	adjective
endgültig	adjective
endlos	adjective
Endung	noun
Energie	noun
energisch	adjective
Engagement	noun
Engel	noun
entbehrlich	adjective
entdecken	verb
entfallen	verb
entfernen	verb
entfernt	adjective
Entfernung	noun
entführen	verb
Entführung	noun
entgegennehmen	verb
entgehen	verb
enthalten	verb
enthüllen	verb
entkommen	verb
entladen	verb
entlang	adjective
entlassen	verb
Entlassung	noun
entlasten	verb
entlaufen	verb
entmutigen	verb
entrümpeln	verb
entscheiden	verb
entscheidend	adjective
Entscheidung	noun
entschließen	verb
entschlossen	verb
Entschluss	noun
entsorgen	verb
entspannen	verb
Entspannung	noun
entsperren	verb
entsprechen	verb
entstehen	verb
enttarnen	verb
enttäuschen	verb
enttäuschend	adjective
Enttäuschung	noun
entwenden	verb
entwerten	verb
entwickeln	verb
Entwicklung	noun
Entwurf	noun
entziehen	verb
entziffern	verb
entzückend	adjective
erahnen	verb
erarbeiten	verb
erbauen	verb
Erbe	noun
erben	verb
erblicken	verb
erbrechen	verb
Erdbeben	noun
Erderwärmung	noun
erdrücken	verb
ereignen	verb
Ereignis	noun
erfinden	verb
Erfinder	noun
erfinderisch	adjective
Erfindung	noun
Erfolg	noun
erfolgreich	adjective
Erfolgserlebnis	noun
erforderlich	adjective
erfreulich	adjective
erfrieren	verb
erfrischen	verb
erfüllen	verb
ergänzen	verb
ergeben	verb
ergreifen	verb
ergreifend	adjective
erhalten	verb
erhältlich	adjective
erheblich	adjective
erhoffen	verb
erhöhen	verb
Erhöhung	noun
erholen	verb
Erholung	noun
Erinnerungsstück	noun
erkämpfen	verb
erkennen	verb
erkranken	verb
erkundigen	verb
Erkundung	noun
erlassen	verb
Erlaubnis	noun
Erläuterung	noun
Erlebnis	noun
erlernen	verb
erliegen	verb
erlösen	verb
ermahnen	verb
Ermittlung	noun
ermorden	verb
ermüdend	adjective
ernähren	verb
Ernährung	noun
ernennen	verb
erneuern	verb
ernsthaft	adjective
Eröffnung	noun
Eröffnungsfeier	noun
erpressen	verb
Erpressung	noun
erproben	verb
erraten	verb
erregen	verb
Erreger	noun
erröten	verb
Ersatz	noun
erscheinen	verb
Erscheinungsbild	noun
erschrecken	verb
erschwinglich	adjective
ersetzen	verb
Ersparnisse	noun
erstaunlich	adjective
erstellen	verb
ersticken	verb
erstrangig	adjective
erstrecken	verb
ersuchen	verb
ertappen	verb
erteilen	verb
Ertrag	noun
ertragen	verb
erträglich	adjective
ertrinken	verb
erwachen	verb
erwachsen	adjective
erwähnen	verb
erwarten	verb
Erwartung	noun
Erwerbstätigkeit	noun
erwidern	verb
erwischen	verb
erwürgen	verb
Erzähler	noun
Erzählung	noun
erzeugen	verb
erziehen	verb
Erziehung	noun
Esel	noun
Essgewohnheit	noun
Ethik	noun
exakt	adjective
Exemplar	noun
Existenz	noun
existieren	verb
Experiment	noun
Experte	noun
Explosion	noun
Export	noun
exportieren	verb
extrem	adjective
fabelhaft	adjective
Fachgebiet	noun
Fachhochschule	noun
Fachmann	noun
Faden	noun
fähig	adjective
Fähigkeit	noun
Fahndung	noun
Fahrbahn	noun
Fähre	noun
Fahrgemeinschaft	noun
Fahrzeug	noun
fair	adjective
Fairness	noun
Fall	noun
Fälle	noun
Fälschung	noun
Falte	noun
Fangemeinde	noun
Fantasie	noun
farbenfroh	adjective
Faschismus	noun
Fassade	noun
fasten	verb
faszinieren	verb
fauchen	verb
faul	adjective
faulenzen	verb
Faust	noun
Feder	noun
Fehlbetrag	noun
Fehleinschätzung	noun
feierlich	adjective
Feige	noun
Feind	noun
feindlich	adjective
Feinheit	noun
Feldweg	noun
Fels	noun
Ferne	noun
Fernweh	noun
festbinden	verb
festhalten	verb
Festival	noun
festlegen	verb
Festnahme	noun
festnehmen	verb
Festplatte	noun
festsetzen	verb
feststehen	verb
feststellen	verb
fettig	adjective
Feuchtigkeit	noun
feuerfest	adjective
Feuerlöscher	noun
feuern	verb
Feuerzeug	noun
Fieberthermometer	noun
Filiale	noun
Finanzamt	noun
finanziell	adjective
Finanzierung	noun
Finsternis	noun
Fischer	noun
Fischerei	noun
fixieren	verb
Flagge	noun
Flamme	noun
flechten	verb
Fledermaus	noun
flehen	verb
flexibel	adjective
flicken	verb
Fliege	noun
fliehen	verb
Fliese	noun
flirten	verb
Flitterwochen	noun
fluchen	verb
Flucht	noun
flüchten	verb
Flüchtling	noun
Flugbegleiter	noun
Flügel	noun
flüstern	verb
Flut	noun
Folge	noun
folgend	adjective
fordern	verb
fördern	verb
Forderung	noun
Förderung	noun
Form	noun
Format	noun
Formel	noun
förmlich	adjective
formulieren	verb
forschen	verb
Forscher	noun
Forschung	noun
Fortbewegung	noun
Fortgeschrittene	noun
fortlaufend	adjective
Fortschritt	noun
fortsetzen	verb
Fotograf	noun
Fotografie	noun
Fracht	noun
Fraktion	noun
freiberuflich	adjective
Freiheit	noun
Freilassung	noun
Freiwillige	noun
Freizeit	noun
Freizeitpark	noun
Fremde	noun
Fremdsprache	noun
fressen	verb
Freude	noun
Freundschaft	noun
Frieden	noun
frisieren	verb
Frisörsalon	noun
Frist	noun
frittieren	verb
fruchtbar	adjective
Frustration	noun
frustrieren	verb
frustriert	adjective
Führerschein	noun
Führungskraft	noun
Fülle	noun
Fundament	noun
funkeln	verb
Funktion	noun
fusionieren	verb
Fußgänger	noun
Fußgängerzone	noun
Futter	noun
Galerie	noun
Gang	noun
Gangster	noun
ganztags	adjective
Ganztagsschule	noun
Garantie	noun
garantieren	verb
gären	verb
Gartenarbeit	noun
Gasse	noun
Gastfreundschaft	noun
Gastgeber	noun
gebären	verb
Gebet	noun
Gebiet	noun
Gebrauch	noun
gebrauchen	verb
Gebrauchsanweisung	noun
Geburt	noun
Geburtenrate	noun
Gedächtnis	noun
gedeihen	verb
gedenken	verb
Gedenkstätte	noun
Geduld	noun
geduldig	adjective
geehrt	adjective
geeignet	adjective
gefährden	verb
gefällig	adjective
Gefangene	noun
Gefängnis	noun
Geflügel	noun
gefühlvoll	adjective
Gegenargument	noun
Gegend	noun
gegenseitig	adjective
gegenüberliegend	adjective
Gegenwart	noun
Gegner	noun
Geheimnis	noun
geheimnisvoll	adjective
Gehirn	noun
gehoben	adjective
gehorchen	verb
gehorsam	adjective
Gehweg	noun
Geige	noun
Geisel	noun
Geist	noun
geistig	adjective
geizen	verb
geizig	adjective
gekonnt	adjective
gelangen	verb
Geldautomat	noun
Geldschein	noun
Geldstrafe	noun
gelegen	adjective
Gelegenheit	noun
gelegentlich	adjective
Gelenk	noun
gelingen	verb
gelten	verb
gelungen	adjective
Gemeinde	noun
Gemeinsamkeit	noun
Gemeinschaft	noun
gemustert	adjective
Gen	noun
genehmigen	verb
Genehmigung	noun
Generation	noun
genial	adjective
genießen	verb
genügend	adjective
Genuss	noun
Geografie	noun
Gerät	noun
geraten	verb
geräumig	adjective
gerecht	adjective
Gerechtigkeit	noun
Gerechtigkeitsgefühl	noun
geregelt	adjective
gereizt	adjective
Gerichtshof	noun
gering	adjective
gerissen	adjective
Geruch	noun
Gerüst	noun
gesalzen	adjective
Geschäftsführer	noun
Geschäftsleute	noun
geschätzt	adjective
geschehen	verb
geschickt	adjective
Geschirrspüler	noun
Geschlecht	noun
Geschmack	noun
geschmacklos	adjective
geschmackvoll	adjective
Geschoss	noun
Geschwindigkeit	noun
gesellig	adjective
Gesetz	noun
Gesetzgebung	noun
gesetzlich	adjective
Gesichtsausdruck	noun
gespannt	adjective
Gespür	noun
Gestalt	noun
Geständnis	noun
Gestank	noun
Geste	noun
gestikulieren	verb
gestrig	adjective
gesundheitsschädlich	adjective
Getreide	noun
gewagt	adjective
gewähren	verb
Gewalt	noun
gewaltig	adjective
Gewerkschaft	noun
Gewinnspiel	noun
Gewissen	noun
gewissenhaft	adjective
gewöhnen	verb
Gewohnheit	noun
gewöhnlich	adjective
gewohnt	adjective
Gewürz	noun
Gier	noun
gierig	adjective
gießen	verb
Gift	noun
giftig	adjective
Gipfel	noun
glänzen	verb
Glaube	noun
glaubhaft	adjective
Gläubige	noun
gleichberechtigt	adjective
Gleichberechtigung	noun
gleichen	verb
gleichgültig	adjective
Gleichung	noun
gleichzeitig	adjective
gleiten	verb
Gletscher	noun
gliedern	verb
glitzern	verb
glotzen	verb
Glückwunsch	noun
Glühbirne	noun
Gnade	noun
gnädig	adjective
Gold	noun
gönnen	verb
Gottesdienst	noun
Grab	noun
Graben	noun
Grafik	noun
Gras	noun
greifen	verb
griffbereit	adjective
grimmig	adjective
grinsen	verb
grob	adjective
großartig	adjective
großzügig	adjective
grübeln	verb
Grünanlage	noun
gründen	verb
Grundgesetz	noun
Grundlage	noun
gründlich	adjective
Grundschule	noun
Grundstück	noun
Gründung	noun
grunzen	verb
gruselig	adjective
gruseln	verb
gültig	adjective
gutartig	adjective
Guthaben	noun
Gymnastik	noun
Haarschnitt	noun
Habgier	noun
hacken	verb
haften	verb
Hagel	noun
Hahn	noun
häkeln	verb
Haken	noun
halbieren	verb
Halbjahr	noun
halbtags	adjective
Halbzeit	noun
Halsschmerzen	noun
hämmern	verb
Handbuch	noun
Handel	noun
handeln	verb
handgemacht	adjective
Handgepäck	noun
Händler	noun
Handlung	noun
Handlungsfähigkeit	noun
Handwerk	noun
hänseln	verb
hapern	verb
härten	verb
Hass	noun
hauen	verb
Haufen	noun
häufen	verb
Hauptbahnhof	noun
hauptberuflich	adjective
Hauptdarsteller	noun
Hauptgericht	noun
Hauptrolle	noun
Hauptsache	noun
hauptsächlich	adjective
Hauptstadt	noun
Hausarzt	noun
Haushalt	noun
Hausordnung	noun
Haustür	noun
Hebamme	noun
hechten	verb
heftig	adjective
heikel	adjective
heilen	verb
heilig	adjective
Heilung	noun
Heimatland	noun
Heimatstadt	noun
heimkehren	verb
heimlich	adjective
Heimweh	noun
heiser	adjective
Heizkosten	noun
Held	noun
heranwachsen	verb
herausfordernd	adjective
Herausforderung	noun
herausgeben	verb
Herausgeber	noun
herausholen	verb
herauskommen	verb
herausnehmen	verb
herausreden	verb
herausschneiden	verb
herausziehen	verb
Herkunft	noun
herrlich	adjective
Herrschaft	noun
herrschen	verb
herstellen	verb
Herstellung	noun
herumlaufen	verb
herunterfallen	verb
herunterspielen	verb
hervorbringen	verb
hervorragend	adjective
hervorrufen	verb
Herzinfarkt	noun
hetzen	verb
heulen	verb
Heuschnupfen	noun
hilflos	adjective
hilfsbereit	adjective
Hilfsmittel	noun
Himmelsrichtung	noun
hinauslaufen	verb
hinauswerfen	verb
hinderlich	adjective
hindern	verb
Hindernis	noun
Hindernislauf	noun
hineinpassen	verb
hinhalten	verb
hinken	verb
hinnehmen	verb
hinrichten	verb
Hintergrund	noun
Hinterkopf	noun
hinterlegen	verb
Hinweis	noun
hinweisen	verb
hinzufügen	verb
Hitzewelle	noun
hitzig	adjective
hobeln	verb
Hochhaus	noun
Hochschule	noun
Hochwasser	noun
hochwertig	adjective
hocken	verb
Hof	noun
Hoffnung	noun
höflich	adjective
Höhepunkt	noun
hohl	adjective
Höhle	noun
holprig	adjective
Holz	noun
Honorar	noun
hörbar	adjective
Hörer	noun
Horizont	noun
Hörsaal	noun
horten	verb
Hörverstehen	noun
Hügellandschaft	noun
Humor	noun
humorvoll	adjective
hüpfen	verb
hüten	verb
hygienisch	adjective
Ideal	noun
Ideologie	noun
Igel	noun
Illustration	noun
Imbissbude	noun
imitieren	verb
Immobilie	noun
impfen	verb
Impfstoff	noun
imponieren	verb
Import	noun
importieren	verb
individuell	adjective
Individuum	noun
Industrie	noun
Infektion	noun
Inflation	noun
Inhaber	noun
Inhalt	noun
Inhaltsverzeichnis	noun
inklusive	adjective
Inland	noun
Innenstadt	noun
innerlich	adjective
innovativ	adjective
Insekt	noun
Inserent	noun
inspirieren	verb
Installation	noun
installieren	verb
Instinkt	noun
Institution	noun
Instrument	noun
inszenieren	verb
Intelligenz	noun
Intendant	noun
intensiv	adjective
Internat	noun
interpretieren	verb
Interview	noun
investieren	verb
Investition	noun
inzwischen	adjective
irgendwann	adjective
irre	adjective
irrelevant	adjective
irren	verb
isolieren	verb
Jagd	noun
jagen	verb
Jäger	noun
Jahrestag	noun
jährlich	adjective
Jahrzehnt	noun
jammern	verb
jäten	verb
jeweils	adjective
Journalismus	noun
jubeln	verb
Jura	noun
Justiz	noun
Kabine	noun
Kachel	noun
Käfer	noun
Kaiser	noun
Kalorie	noun
Kamin	noun
Kampagne	noun
kämpfen	verb
kandidieren	verb
Kanzler	noun
kapieren	verb
Kapital	noun
Kapitel	noun
karg	adjective
Karies	noun
Karneval	noun
Karosserie	noun
Karriereleiter	noun
kassieren	verb
Kasten	noun
Katastrophe	noun
Kathedrale	noun
kauen	verb
Kaufhaus	noun
Kaufvertrag	noun
Kegel	noun
Kehle	noun
Keim	noun
keimfrei	adjective
Kenntnis	noun
Kennzeichen	noun
kentern	verb
Kerl	noun
Kern	noun
Kerze	noun
keuchen	verb
Kfz-Werkstatt	noun
kichern	verb
kidnappen	verb
Kilobyte	noun
Kinderbetreuung	noun
Kindererziehung	noun
Kindergeld	noun
Kinderlähmung	noun
kinderleicht	adjective
Kindesalter	noun
Kindheit	noun
kindisch	adjective
Kinn	noun
kitschig	adjective
Klage	noun
klagen	verb
Kläger	noun
kläglich	adjective
Klang	noun
Klappe	noun
klären	verb
klarkommen	verb
klarstellen	verb
klauen	verb
Klausur	noun
Klavierunterricht	noun
klebrig	adjective
kleckern	verb
Kleiderschrank	noun
Kleingeld	noun
kleinlich	adjective
klemmen	verb
Klempner	noun
Klimawandel	noun
Klingelton	noun
Klinik	noun
Klippe	noun
klopfen	verb
Kloster	noun
knabbern	verb
knacken	verb
knackig	adjective
knapp	adjective
Knast	noun
kneifen	verb
Kneipenviertel	noun
kneten	verb
knicken	verb
knien	verb
knistern	verb
Knoblauch	noun
Knopfdruck	noun
Knospe	noun
knoten	verb
knüpfen	verb
knusprig	adjective
Koalition	noun
Koffein	noun
Kofferpacken	noun
Kollision	noun
Kolonie	noun
Kombination	noun
kombinieren	verb
Komfort	noun
komfortabel	adjective
Komiker	noun
Kommentar	noun
Kommissar	noun
Kommune	noun
Kommunikation	noun
kompakt	adjective
komponieren	verb
Komponist	noun
Kompost	noun
Kompromiss	noun
Konditor	noun
Konferenz	noun
Konfession	noun
Konflikt	noun
König	noun
Königin	noun
Königreich	noun
konkret	adjective
Konkurrent	noun
konkurrieren	verb
konservieren	verb
konstant	adjective
Konsum	noun
Konsument	noun
konsumieren	verb
Kontakt	noun
Kontaktdaten	noun
kontaktfreudig	adjective
kontaktieren	verb
Kontoauszug	noun
Kontrast	noun
Kontrolle	noun
kontrollieren	verb
konventionell	adjective
konzentrieren	verb
Konzept	noun
Konzern	noun
Kopfhörer	noun
Kopfkissen	noun
körperlich	adjective
Korruption	noun
Kost	noun
Kostenvoranschlag	noun
köstlich	adjective
Krabbe	noun
krabbeln	verb
krachen	verb
Kraft	noun
krähen	verb
Kran	noun
Kranich	noun
kränken	verb
Krankengymnastik	noun
Krankenpflege	noun
Krankenversicherung	noun
Kränkung	noun
kräuseln	verb
Kräuter	noun
kreativ	adjective
Krebs	noun
Kreide	noun
kreisen	verb
Kreislauf	noun
Kreuzfahrt	noun
kriechen	verb
Krieg	noun
kriegen	verb
Krieger	noun
Krise	noun
Kritik	noun
Kritiker	noun
kritisch	adjective
kritisieren	verb
Krokodil	noun
Krone	noun
krönen	verb
Krücke	noun
Krümel	noun
krumm	adjective
Kruste	noun
Kübel	noun
Kugel	noun
kühlen	verb
Kulisse	noun
kultivieren	verb
kulturell	adjective
Kummer	noun
kundenfreundlich	adjective
Kündigung	noun
künftig	adjective
künstlich	adjective
Kunststoff	noun
kunstvoll	adjective
Kunstwerk	noun
Kupfer	noun
Kurve	noun
Kurzarbeit	noun
Kurzgeschichte	noun
kurzsichtig	adjective
kuscheln	verb
labil	adjective
Labor	noun
lächerlich	adjective
Lachs	noun
Lack	noun
Ladegerät	noun
Ladung	noun
Lage	noun
lahm	adjective
lähmen	verb
Lamm	noun
Landkarte	noun
Landung	noun
Landwirt	noun
Landwirtschaft	noun
langatmig	adjective
Langeweile	noun
langlebig	adjective
lästig	adjective
lauern	verb
Läufer	noun
Laune	noun
lauschen	verb
lauwarm	adjective
Lawine	noun
lebendig	adjective
Lebensbedingung	noun
Lebenserwartung	noun
Lebensgefahr	noun
lebensgefährlich	adjective
lebenslang	adjective
Lebensqualität	noun
Lebensstandard	noun
Lebensstil	noun
Lebensunterhalt	noun
Lebensversicherung	noun
Leber	noun
Lebewesen	noun
lebhaft	adjective
lehnen	verb
Lehrbuch	noun
lehren	verb
Lehrling	noun
Lehrplan	noun
lehrreich	adjective
Leiche	noun
Leichtathletik	noun
Leichtsinn	noun
leiden	verb
Leidenschaft	noun
leidenschaftlich	adjective
leimen	verb
Leinwand	noun
leisten	verb
leistungsfähig	adjective
leiten	verb
Leitung	noun
lenken	verb
Lenkrad	noun
Lerche	noun
Lernstoff	noun
lesbar	adjective
Leseratte	noun
Leuchtturm	noun
leugnen	verb
liebevoll	adjective
lieblich	adjective
lieblos	adjective
Lieferant	noun
liefern	verb
Lieferung	noun
Liege	noun
Liegestuhl	noun
Lift	noun
Limette	noun
lindern	verb
Linderung	noun
Linie	noun
Linse	noun
Liter	noun
Literatur	noun
Lizenz	noun
Lob	noun
loben	verb
Lockdown	noun
locken	verb
lockern	verb
lodern	verb
Logik	noun
lohnen	verb
lohnenswert	adjective
Lokführer	noun
Lorbeer	noun
löschen	verb
lösen	verb
löten	verb
Löwenzahn	noun
loyal	adjective
lückenhaft	adjective
lüften	verb
Luftfeuchtigkeit	noun
Luftverschmutzung	noun
Lunge	noun
lutschen	verb
luxuriös	adjective
Luxus	noun
machbar	adjective
Magenschmerzen	noun
Magie	noun
Magnet	noun
mähen	verb
mahnen	verb
Majestät	noun
Makler	noun
malerisch	adjective
managen	verb
Mandel	noun
Mangel	noun
mangelhaft	adjective
mangeln	verb
Manieren	noun
manipulieren	verb
Mannequin	noun
Manuskript	noun
Marathon	noun
Märchen	noun
Marine	noun
Marktforschung	noun
Marktplatz	noun
Marmor	noun
marschieren	verb
Maske	noun
maskieren	verb
Maßband	noun
Masse	noun
maßlos	adjective
Maßnahme	noun
Mast	noun
mästen	verb
Material	noun
Mathematik	noun
Matrose	noun
matt	adjective
mauern	verb
Mauerwerk	noun
Maulwurf	noun
Maut	noun
Mechanismus	noun
Medien	noun
Medienkompetenz	noun
Medizin	noun
Meeresspiegel	noun
Meerschweinchen	noun
mehrere	adjective
Mehrheit	noun
Mehrwertsteuer	noun
meiden	verb
Meile	noun
Meinungsfreiheit	noun
Meinungsumfrage	noun
meistern	verb
Meisterschaft	noun
melden	verb
Meldung	noun
melken	verb
Menschenrechte	noun
Menschheit	noun
menschlich	adjective
Menü	noun
Merkmal	noun
merkwürdig	adjective
Messe	noun
messen	verb
Messung	noun
Methode	noun
meutern	verb
miauen	verb
mickrig	adjective
Miene	noun
Mietvertrag	noun
Migration	noun
Mikrofon	noun
milde	adjective
Militär	noun
Milliarde	noun
Million	noun
Minderheit	noun
minderwertig	adjective
Mineral	noun
Minister	noun
Ministerium	noun
missachten	verb
missbilligen	verb
Missbrauch	noun
Misserfolg	noun
Mission	noun
misslingen	verb
misstrauen	verb
Missverständnis	noun
missverstehen	verb
mitbekommen	verb
miterleben	verb
mitfühlend	adjective
Mitgefühl	noun
Mitgliedschaft	noun
mithalten	verb
mithelfen	verb
Mitleid	noun
mitreden	verb
mitschreiben	verb
Mitschüler	noun
mitteilen	verb
Mittelalter	noun
mittelmäßig	adjective
Mittelmeer	noun
Mixer	noun
mobben	verb
Möbelwagen	noun
Mode	noun
Modenschau	noun
mogeln	verb
Möhre	noun
Molkerei	noun
mollig	adjective
Monarchie	noun
Mönch	noun
Monitor	noun
Monolog	noun
Moral	noun
Mord	noun
Mörder	noun
Morgengrauen	noun
Moschee	noun
Motiv	noun
Motivation	noun
Motorhaube	noun
Motto	noun
Möwe	noun
Mücke	noun
Müdigkeit	noun
Mühe	noun
mühen	verb
Mühle	noun
Müll	noun
Müllabfuhr	noun
Mülleimer	noun
Mülltrennung	noun
multiplizieren	verb
munden	verb
Mundharmonika	noun
mündlich	adjective
Münster	noun
murmeln	verb
mürrisch	adjective
Muschel	noun
Muskelkater	noun
Muster	noun
mustergültig	adjective
Mut	noun
mutig	adjective
Muttersprachler	noun
mysteriös	adjective
Mythos	noun
nachahmen	verb
Nachbarland	noun
nachbestellen	verb
Nachfolger	noun
Nachfrage	noun
nachfüllen	verb
nachgeben	verb
nachgehen	verb
nachhaltig	adjective
Nachhilfelehrer	noun
nachholen	verb
nachlassen	verb
nachlässig	adjective
nachlaufen	verb
nachmachen	verb
Nachname	noun
nachprüfen	verb
nachrüsten	verb
nachschauen	verb
nachschlagen	verb
Nachschub	noun
nachsitzen	verb
Nachteil	noun
Nachthemd	noun
Nachtruhe	noun
Nachweis	noun
nachzahlen	verb
Nagellack	noun
nagen	verb
nährstoffreich	adjective
Nahrung	noun
Nahrungsmittel	noun
Naht	noun
Nahverkehr	noun
namhaft	adjective
Nationalmannschaft	noun
navigieren	verb
nebenbei	adjective
Nebenjob	noun
Nebenkosten	noun
Nebenwirkung	noun
necken	verb
negativ	adjective
Neid	noun
nennen	verb
Nerv	noun
Nest	noun
Netz	noun
Netzwerk	noun
neuartig	adjective
Neuigkeit	noun
Neujahr	noun
neuwertig	adjective
Nichtstun	noun
nicken	verb
niederlassen	verb
Niederschlag	noun
niederschlagen	verb
niedlich	adjective
Niere	noun
Niveau	noun
nominieren	verb
Nonne	noun
nördlich	adjective
nörgeln	verb
Notaufnahme	noun
notfalls	adjective
nötigen	verb
Notlage	noun
Notruf	noun
Notunterkunft	noun
nüchtern	adjective
nutzen	verb
nützlich	adjective
nutzlos	adjective
Nutzung	noun
Oase	noun
Oberfläche	noun
oberflächlich	adjective
Oberschenkel	noun
Obsthändler	noun
Ofen	noun
offenbar	adjective
offensichtlich	adjective
Öffentlichkeit	noun
offiziell	adjective
ohnmächtig	adjective
Ohrring	noun
Ökologie	noun
Ökonomie	noun
Öltanker	noun
Operation	noun
Opfer	noun
opfern	verb
Opposition	noun
Optiker	noun
optimistisch	adjective
ordentlich	adjective
ordnungsgemäß	adjective
organisieren	verb
Orgel	noun
Orientierung	noun
Originalfassung	noun
originell	adjective
örtlich	adjective
Ortschaft	noun
östlich	adjective
Ozean	noun
pachten	verb
Pädagogik	noun
paddeln	verb
Palast	noun
Panik	noun
Panorama	noun
panschen	verb
Papagei	noun
Pappe	noun
Paradies	noun
parieren	verb
Parlament	noun
Partei	noun
Parterre	noun
Partitur	noun
Partnerschaft	noun
Passagier	noun
Passant	noun
passend	adjective
Patenkind	noun
Patentante	noun
Pauschalreise	noun
peinlich	adjective
pendeln	verb
Personal	noun
Pfad	noun
pfänden	verb
Pfarrer	noun
Pfeil	noun
Pferdestall	noun
Pfirsich	noun
pflastern	verb
Pflaume	noun
Pflegeheim	noun
pflegeleicht	adjective
pflegen	verb
Pflicht	noun
Pfote	noun
Pfütze	noun
Phantasie	noun
Phase	noun
Philosophie	noun
Physik	noun
picknicken	verb
piepsen	verb
Pilger	noun
Pilot	noun
Pinguin	noun
Pinnwand	noun
pinseln	verb
Piste	noun
Plage	noun
plagen	verb
Planung	noun
platt	adjective
Plattform	noun
platzen	verb
plaudern	verb
Plombe	noun
plündern	verb
pochen	verb
Podcast	noun
Poesie	noun
Pokal	noun
polieren	verb
Politik	noun
Politikwissenschaft	noun
Polizist	noun
Porträt	noun
Porzellan	noun
Position	noun
positiv	adjective
Postbote	noun
Pracht	noun
prächtig	adjective
prägen	verb
prahlen	verb
prallen	verb
Prämie	noun
Präsentation	noun
Präsident	noun
prasseln	verb
predigen	verb
Predigt	noun
preisgeben	verb
preisgünstig	adjective
Preisverleihung	noun
preiswert	adjective
prellen	verb
Premiere	noun
prickelnd	adjective
Priester	noun
Probe	noun
problemlos	adjective
Produkt	noun
Produktion	noun
Produzent	noun
produzieren	verb
professionell	adjective
Profi	noun
Profil	noun
Promotion	noun
promovieren	verb
prompt	adjective
Propaganda	noun
Prophet	noun
prophezeien	verb
Protest	noun
protestieren	verb
Protokoll	noun
Provinz	noun
Provision	noun
provisorisch	adjective
Prozent	noun
prozentual	adjective
Prozess	noun
prüfen	verb
prügeln	verb
Psychologie	noun
Publikation	noun
Publizist	noun
Puls	noun
Pumpe	noun
pumpen	verb
Punktzahl	noun
pusten	verb
Pyramide	noun
Quadratmeter	noun
Qual	noun
quälen	verb
qualifizieren	verb
qualifiziert	adjective
qualmen	verb
quatschen	verb
Quelle	noun
quer	adjective
quietschen	verb
Quote	noun
Rache	noun
radeln	verb
Radiergummi	noun
Radweg	noun
ragen	verb
Rahmen	noun
Rakete	noun
rammen	verb
Rand	noun
Rang	noun
rangieren	verb
rar	adjective
rasant	adjective
rascheln	verb
Rasierapparat	noun
rasieren	verb
Rasse	noun
Rast	noun
Rasthof	noun
Rat	noun
Ratenzahlung	noun
Ratgeber	noun
Rathausplatz	noun
Ration	noun
ratlos	adjective
ratsam	adjective
rätseln	verb
Ratte	noun
rau	adjective
rauben	verb
Raubtier	noun
Rauch	noun
räumen	verb
Räumung	noun
Rausch	noun
rauschen	verb
räuspern	verb
Reagenzglas	noun
reagieren	verb
Reaktion	noun
realisieren	verb
Realität	noun
Realschule	noun
Rebell	noun
rebellieren	verb
recherchieren	verb
Rechnungsbetrag	noun
Recht	noun
rechteckig	adjective
Rechtsanwalt	noun
rechtzeitig	adjective
Redakteur	noun
Redaktion	noun
Rede	noun
Redner	noun
reduzieren	verb
Referat	noun
Reform	noun
regelmäßig	adjective
regeln	verb
Regie	noun
Regierung	noun
regional	adjective
Regisseurin	noun
registrieren	verb
regulieren	verb
Regung	noun
Reh	noun
Reibung	noun
reibungslos	adjective
reichhaltig	adjective
reichlich	adjective
Reichtum	noun
Reichweite	noun
reimen	verb
reinfallen	verb
Reinheit	noun
reinlegen	verb
reinlich	adjective
Reiseleiter	noun
Reisende	noun
reißen	verb
reißfest	adjective
Reißverschluss	noun
Reiz	noun
reizen	verb
Reklamation	noun
Reklame	noun
Rekord	noun
relevant	adjective
Religion	noun
Rennwagen	noun
renovieren	verb
rentabel	adjective
Rente	noun
rentieren	verb
Rentner	noun
Reportage	noun
Reporter	noun
Republik	noun
Reserve	noun
reserviert	adjective
Reservierung	noun
resignieren	verb
respektieren	verb
Rest	noun
restaurieren	verb
Restmüll	noun
retten	verb
Rettich	noun
Rettung	noun
Rettungsdienst	noun
Revolution	noun
Rezension	noun
Rhythmus	noun
richten	verb
Richter	noun
Richtlinie	noun
Riese	noun
riesig	adjective
Rind	noun
Rinde	noun
Rippe	noun
Risiko	noun
riskant	adjective
riskieren	verb
Ritter	noun
ritzen	verb
Rivale	noun
Robbe	noun
Roboter	noun
robust	adjective
rodeln	verb
roden	verb
Rohstoff	noun
Rolle	noun
Rollstuhl	noun
Rolltreppe	noun
romantisch	adjective
Rost	noun
rosten	verb
rostig	adjective
rotieren	verb
Route	noun
Routine	noun
Rubrik	noun
ruckartig	adjective
Rückblick	noun
Rückerstattung	noun
Rückfahrkarte	noun
Rückkehr	noun
Rücklicht	noun
Rückreise	noun
Rückseite	noun
Rücksicht	noun
rücksichtslos	adjective
rücksichtsvoll	adjective
Rücksitz	noun
Rückspiegel	noun
Ruf	noun
Ruhestand	noun
Ruine	noun
rumhängen	verb
Rummel	noun
rümpfen	verb
Rundfunk	noun
runzeln	verb
rüsten	verb
rutschen	verb
rutschfest	adjective
Rutschgefahr	noun
Saal	noun
sabotieren	verb
Sachbuch	noun
Sachschaden	noun
sachte	adjective
Sack	noun
Sackgasse	noun
säen	verb
saftig	adjective
Sage	noun
Säge	noun
sagenhaft	adjective
sammeln	verb
Sammler	noun
sämtlich	adjective
sanft	adjective
sanieren	verb
Sanierung	noun
sarkastisch	adjective
Satellit	noun
sättigend	adjective
Sättigung	noun
Satzung	noun
säubern	verb
Sauerstoff	noun
Säule	noun
schäbig	adjective
Schach	noun
Schachfigur	noun
schadhaft	adjective
schädigen	verb
schädlich	adjective
Schadstoff	noun
Schaffner	noun
Schafskäse	noun
Schale	noun
Schall	noun
schalten	verb
Schaltjahr	noun
Scham	noun
schämen	verb
Schande	noun
Schar	noun
Scharnier	noun
scharren	verb
Schatten	noun
Schatzsuche	noun
schaudern	verb
Schaufel	noun
schaufeln	verb
Schaufenster	noun
Schaukel	noun
schaukeln	verb
Schaum	noun
schäumen	verb
Schauplatz	noun
Schauspiel	noun
Scheck	noun
Scheibe	noun
scheiden	verb
Scheidung	noun
Schein	noun
scheinbar	adjective
scheinen	verb
Scheinwerfer	noun
scheitern	verb
Schenkel	noun
Scherbe	noun
scheren	verb
scherzen	verb
scheu	adjective
scheuen	verb
scheuern	verb
Schicht	noun
Schicksal	noun
Schiedsrichter	noun
Schiene	noun
Schießerei	noun
Schifffahrt	noun
schikanieren	verb
schildern	verb
schimmeln	verb
schimmern	verb
schimpfen	verb
Schlacht	noun
schlachten	verb
Schlaf	noun
Schlaflosigkeit	noun
Schlafmittel	noun
schlagen	verb
schlagfertig	adjective
Schlagsahne	noun
Schlagzeile	noun
Schlamm	noun
schlau	adjective
Schlauch	noun
Schlaufe	noun
schleichen	verb
schleierhaft	adjective
Schleife	noun
schleifen	verb
schlendern	verb
schleppen	verb
Schlepper	noun
Schleuder	noun
schleudern	verb
schlicht	adjective
schließlich	adjective
schlingen	verb
schlittern	verb
Schlucht	noun
schluchzen	verb
schlucken	verb
schlüpfen	verb
Schluss	noun
Schlüsselloch	noun
schlüssig	adjective
schmackhaft	adjective
schmelzen	verb
schmerzhaft	adjective
Schmerzmittel	noun
Schmetterling	noun
Schmied	noun
schmieden	verb
schmieren	verb
schmierig	adjective
Schmuggel	noun
schmuggeln	verb
schmunzeln	verb
Schnabel	noun
Schnalle	noun
schnarchen	verb
schnattern	verb
schnaufen	verb
Schnauze	noun
Schnecke	noun
Schneeball	noun
schneebedeckt	adjective
Schneefall	noun
Schneemann	noun
Schneesturm	noun
Schneider	noun
schneidern	verb
Schnittstelle	noun
Schnitzeljagd	noun
schnitzen	verb
schnuppern	verb
Schnur	noun
schnüren	verb
schnurlos	adjective
Schnurrbart	noun
schonen	verb
schonend	adjective
schöpfen	verb
Schöpfung	noun
Schornsteinfeger	noun
Schotter	noun
schräg	adjective
Schraubenzieher	noun
Schreck	noun
Schreiner	noun
Schrift	noun
Schriftsteller	noun
schrill	adjective
Schritt	noun
schrittweise	adjective
Schrott	noun
schrubben	verb
schrumpfen	verb
schüchtern	adjective
schuften	verb
Schuld	noun
Schulden	noun
schuldig	adjective
Schuldirektor	noun
schulen	verb
Schulfach	noun
Schuljahr	noun
Schulleitung	noun
Schulsystem	noun
Schuppen	noun
schürfen	verb
Schürze	noun
Schuss	noun
Schüttelfrost	noun
schütten	verb
Schutz	noun
Schutzbrille	noun
schützen	verb
Schwäche	noun
Schwager	noun
Schwägerin	noun
Schwamm	noun
Schwan	noun
Schwangerschaft	noun
schwanken	verb
Schwanz	noun
schwänzen	verb
Schwarm	noun
schwärmen	verb
schweben	verb
Schwefel	noun
schweigen	verb
Schweiß	noun
Schwelle	noun
schwerhörig	adjective
Schwiegereltern	noun
Schwiegermutter	noun
Schwiegervater	noun
Schwimmweste	noun
Schwindel	noun
schwitzen	verb
schwören	verb
Schwung	noun
schwungvoll	adjective
Seehund	noun
Seele	noun
Segelboot	noun
Segen	noun
segnen	verb
Sehenswürdigkeit	noun
Sehne	noun
sehnen	verb
Sehnenscheidenentzündung	noun
seicht	adjective
Seide	noun
Seil	noun
Seilbahn	noun
Sekretariat	noun
Sekretärin	noun
Sekte	noun
selbstbewusst	adjective
Selbstbewusstsein	noun
selbstsicher	adjective
selbstständig	adjective
Selbstständigkeit	noun
Selbstvertrauen	noun
seltsam	adjective
Senat	noun
Senf	noun
Senior	noun
senken	verb
Sensation	noun
sensibel	adjective
Sensor	noun
seriös	adjective
Serviette	noun
Sessellift	noun
Seuche	noun
seufzen	verb
Sicherheitsgurt	noun
sichern	verb
Sicherung	noun
Sicht	noun
sichtbar	adjective
sichten	verb
sieben	adjective
siedeln	verb
sieden	verb
Siedlung	noun
siegen	verb
siezen	verb
Signal	noun
signalisieren	verb
Silber	noun
Silvester	noun
simulieren	verb
Sinn	noun
sinnlos	adjective
sinnvoll	adjective
Sirene	noun
Sitte	noun
Situation	noun
Sitzung	noun
Skandal	noun
Skelett	noun
skeptisch	adjective
Skizze	noun
Sklave	noun
Skulptur	noun
Smartphone	noun
Software	noun
sogenannt	adjective
Sohle	noun
Soldat	noun
Sonderfall	noun
sondern	adjective
Sonnenaufgang	noun
Sonnenblume	noun
Sonnenenergie	noun
Sonnenstich	noun
Sonnenuntergang	noun
sonstig	adjective
sorgen	verb
sorgfältig	adjective
sorglos	adjective
Sorte	noun
Soße	noun
Souveränität	noun
sozial	adjective
Spalt	noun
Spange	noun
Spannbreite	noun
spannen	verb
spannend	adjective
Spannung	noun
Sparkasse	noun
sparsam	adjective
Spaß	noun
Spaten	noun
Spatz	noun
Specht	noun
Speck	noun
Spedition	noun
Speicher	noun
speichern	verb
spekulieren	verb
Spende	noun
Sperre	noun
sperren	verb
sperrig	adjective
Spezialist	noun
speziell	adjective
Spiegelbild	noun
Spielfeld	noun
Spielhalle	noun
Spielregel	noun
Spielverderber	noun
Spinat	noun
Spion	noun
spionieren	verb
sponsern	verb
spontan	adjective
Sportverein	noun
spotten	verb
Sprachkenntnisse	noun
Sprachkurs	noun
sprachlos	adjective
Sprecher	noun
sprengen	verb
Sprichwort	noun
sprießen	verb
Springbrunnen	noun
spritzen	verb
Spritztour	noun
Sprosse	noun
Spruch	noun
sprudeln	verb
Sprung	noun
Spucke	noun
spucken	verb
spuken	verb
Spüle	noun
Spur	noun
spüren	verb
spurlos	adjective
Staatsangehörigkeit	noun
Staatsanwalt	noun
Stab	noun
stabil	adjective
Stachel	noun
Stadtrand	noun
Stadtrundfahrt	noun
Stadtverwaltung	noun
Stahl	noun
stählen	verb
Stall	noun
Stamm	noun
stammen	verb
Stammgast	noun
stämmig	adjective
stampfen	verb
standhaft	adjective
standhalten	verb
ständig	adjective
Standort	noun
Standpunkt	noun
Stange	noun
stanzen	verb
Stapel	noun
Stärke	noun
stärken	verb
starren	verb
stationär	adjective
Statistik	noun
Stativ	noun
stattlich	adjective
Statue	noun
Status	noun
Staub	noun
staubfrei	adjective
Staudamm	noun
stauen	verb
staunen	verb
steif	adjective
steigern	verb
steinig	adjective
Stellenangebot	noun
Stellenanzeige	noun
Stempel	noun
Steppdecke	noun
Sterbehilfe	noun
Stereoanlage	noun
stets	adjective
Steuer	noun
Steuererklärung	noun
Steward	noun
stichhaltig	adjective
Stichprobe	noun
Stichwort	noun
sticken	verb
Stiel	noun
Stier	noun
stiften	verb
Stiftung	noun
Stille	noun
stillen	verb
stilvoll	adjective
stimmhaft	adjective
Stimmung	noun
Stimmzettel	noun
stimulieren	verb
stinken	verb
Stipendiat	noun
Stirnband	noun
stöbern	verb
stochern	verb
stöhnen	verb
Stollen	noun
stopfen	verb
Stopp	noun
stoppen	verb
Storch	noun
störrisch	adjective
Störung	noun
stoßen	verb
stoßfest	adjective
Stoßstange	noun
stottern	verb
Strafe	noun
Strafraum	noun
Strafrecht	noun
Straftat	noun
Strahl	noun
strahlen	verb
Strähne	noun
strampeln	verb
stranden	verb
Strandpromenade	noun
strapazieren	verb
strapazierfähig	adjective
Straßenbahn	noun
Straßenschild	noun
sträuben	verb
Strauch	noun
straucheln	verb
Strauß	noun
streben	verb
strebsam	adjective
strecken	verb
streichen	verb
Streichholz	noun
Streik	noun
streiken	verb
streiten	verb
Streitigkeit	noun
streng	adjective
Stress	noun
stressig	adjective
streuen	verb
Strick	noun
stricken	verb
strittig	adjective
Stroh	noun
Strohhalm	noun
Stromausfall	noun
strömen	verb
Strömung	noun
Strophe	noun
Struktur	noun
Studie	noun
Stufe	noun
stufenweise	adjective
stumm	adjective
stur	adjective
stürmen	verb
Sturz	noun
stützen	verb
Stützpunkt	noun
Substanz	noun
subtrahieren	verb
Suche	noun
Suchmaschine	noun
Sucht	noun
süchtig	adjective
südländisch	adjective
südlich	adjective
Summe	noun
summen	verb
Sumpf	noun
Sünde	noun
surren	verb
Symbol	noun
Symptom	noun
Synagoge	noun
System	noun
Szene	noun
Tabak	noun
Tablett	noun
tabu	adjective
tadeln	verb
tagen	verb
Tagesablauf	noun
Tageskarte	noun
Tageslicht	noun
Tagesordnung	noun
Tagesschau	noun
tagsüber	adjective
Taille	noun
Takt	noun
Talent	noun
Tank	noun
Tapete	noun
tapezieren	verb
tapfer	adjective
Tarifvertrag	noun
tarnen	verb
Taschendieb	noun
Taschenlampe	noun
Taschenrechner	noun
tasten	verb
Tastsinn	noun
Tätigkeit	noun
tätowieren	verb
Tatsache	noun
tatsächlich	adjective
Tau	noun
Taufe	noun
taufen	verb
tauglich	adjective
taumeln	verb
Tausch	noun
täuschen	verb
Technik	noun
technisch	adjective
Technologie	noun
Teich	noun
teilnehmen	verb
Teilnehmer	noun
teilweise	adjective
Teilzeitjob	noun
Teint	noun
Telefonat	noun
Telefonzelle	noun
Teleskop	noun
Tempel	noun
Temperament	noun
Temperatur	noun
Tempo	noun
Tennisplatz	noun
Teppichklopfer	noun
Testament	noun
Teufel	noun
Textilien	noun
Theke	noun
Theorie	noun
Therapeut	noun
Therapie	noun
These	noun
Thron	noun
ticken	verb
Ticketautomat	noun
Tiefe	noun
Tiefkühltruhe	noun
Tierheim	noun
tierisch	adjective
Tierschutz	noun
Tiger	noun
tilgen	verb
Tischler	noun
Titel	noun
toben	verb
tödlich	adjective
tolerant	adjective
Toleranzgrenze	noun
tollpatschig	adjective
Tollwut	noun
Tonne	noun
Topfpflanze	noun
Törtchen	noun
tosen	verb
töten	verb
Tradition	noun
träge	adjective
Trainerin	noun
Trainingslager	noun
Traktor	noun
trampeln	verb
Träne	noun
transparent	adjective
Transport	noun
trauen	verb
Trauer	noun
trauern	verb
träufeln	verb
Traumjob	noun
treffend	adjective
Treffer	noun
Treffpunkt	noun
treiben	verb
Treibhauseffekt	noun
Treibstoff	noun
Trend	noun
Trennung	noun
treu	adjective
Treue	noun
Tribüne	noun
Trichter	noun
Trick	noun
Trikot	noun
Trinkwasser	noun
Trockner	noun
Trödelmarkt	noun
Trommelfell	noun
trommeln	verb
Trompete	noun
trompeten	verb
Tropen	noun
Trost	noun
trösten	verb
Trottel	noun
trotzen	verb
trüben	verb
Trümmer	noun
Truppe	noun
tüfteln	verb
turbulent	adjective
Turnhalle	noun
Turnier	noun
tuscheln	verb
Typ	noun
Tyrann	noun
übel	adjective
Übelkeit	noun
überbieten	verb
überbrücken	verb
überdauern	verb
überfahren	verb
Überfall	noun
überfällig	adjective
überfliegen	verb
überflüssig	adjective
überfluten	verb
überfordern	verb
überfüllt	adjective
Übergang	noun
übergeben	verb
Übergewicht	noun
übergewichtig	adjective
überglücklich	adjective
überhören	verb
überlassen	verb
überlaufen	verb
Überleben	noun
übermäßig	adjective
übermitteln	verb
Übermut	noun
übermütig	adjective
Übernahme	noun
übernehmen	verb
überprüfen	verb
überragend	adjective
Überraschung	noun
überreden	verb
überreichen	verb
überschätzen	verb
überschaubar	adjective
überschlagen	verb
überschreiten	verb
Überschrift	noun
Überschwemmung	noun
übersehen	verb
übersetzen	verb
Übersetzung	noun
übersichtlich	adjective
überspringen	verb
überstehen	verb
übersteigen	verb
überstimmen	verb
Überstunde	noun
übertönen	verb
Übertragung	noun
übertreffen	verb
übertreiben	verb
übertrieben	verb
überwältigen	verb
überweisen	verb
Überweisung	noun
überwiegen	verb
überzeugen	verb
überzeugt	adjective
Überzeugung	noun
überziehen	verb
üblich	adjective
umblättern	verb
umbringen	verb
umbuchen	verb
umdenken	verb
umfahren	verb
umfassend	adjective
Umfrage	noun
Umgang	noun
umgänglich	adjective
Umgangsformen	noun
umgehen	verb
umgehend	adjective
umgraben	verb
umkehren	verb
umkippen	verb
umkommen	verb
Umkreis	noun
umkreisen	verb
Umlaufbahn	noun
umleiten	verb
umranden	verb
umrechnen	verb
Umsatz	noun
umschulen	verb
umsehen	verb
umsonst	adjective
umständlich	adjective
umstellen	verb
umstritten	adjective
Umtausch	noun
umtauschen	verb
Umverteilung	noun
umwandeln	verb
umweltfreundlich	adjective
Umweltschutz	noun
Umweltverschmutzung	noun
umwerfen	verb
umzingeln	verb
Umzugskarton	noun
Unabhängigkeit	noun
Unabhängigkeitserklärung	noun
unangenehm	adjective
unauffällig	adjective
unaufhaltsam	adjective
unausstehlich	adjective
unbeholfen	adjective
unbekannt	adjective
Unbekannte	noun
unbeliebt	adjective
unbequem	adjective
unberechenbar	adjective
unbeschreiblich	adjective
unbezahlbar	adjective
unbrauchbar	adjective
undankbar	adjective
undeutlich	adjective
undicht	adjective
uneben	adjective
unecht	adjective
unehrlich	adjective
Unentschieden	noun
unerfahren	adjective
unerreichbar	adjective
unerträglich	adjective
unerwartet	adjective
unerwünscht	adjective
unfähig	adjective
unfassbar	adjective
unförmig	adjective
Ungeduld	noun
ungeduldig	adjective
ungeeignet	adjective
ungefährlich	adjective
ungehorsam	adjective
ungemütlich	adjective
ungenau	adjective
ungenießbar	adjective
ungepflegt	adjective
ungerade	adjective
ungerecht	adjective
ungeschickt	adjective
ungestört	adjective
ungewiss	adjective
ungewöhnlich	adjective
Ungeziefer	noun
ungezogen	adjective
Unglück	noun
ungültig	adjective
unheilbar	adjective
unheimlich	adjective
unhygienisch	adjective
Uniform	noun
unkompliziert	adjective
Unkraut	noun
unlesbar	adjective
unlogisch	adjective
unnötig	adjective
unpassend	adjective
unpraktisch	adjective
unrealistisch	adjective
Unrecht	noun
unregelmäßig	adjective
unreif	adjective
unruhig	adjective
unschlagbar	adjective
unschuldig	adjective
Unsicherheit	noun
unsichtbar	adjective
Unsinn	noun
unsterblich	adjective
untauglich	adjective
unterbrechen	verb
unterbringen	verb
unterdrücken	verb
Untergang	noun
untergehen	verb
Untergrund	noun
Unterhalt	noun
unterhalten	verb
unterhaltsam	adjective
Unterhaltungsprogramm	noun
unterhandeln	verb
unterkommen	verb
Unterlagen	noun
unterlassen	verb
unterlaufen	verb
Unterlippe	noun
Untermiete	noun
Unternehmen	noun
Unternehmer	noun
unterordnen	verb
unterrichten	verb
untersagen	verb
unterschätzen	verb
unterscheiden	verb
unterschiedlich	adjective
unterschlagen	verb
Unterschlupf	noun
unterstreichen	verb
unterstützen	verb
Unterstützung	noun
Untersuchungshaft	noun
Untertasse	noun
Unterteil	noun
untervermieten	verb
Unterwelt	noun
unterwerfen	verb
unterzeichnen	verb
untröstlich	adjective
unüberlegt	adjective
unumkehrbar	adjective
unverantwortlich	adjective
unverbindlich	adjective
unverletzt	adjective
unvermittelt	adjective
unvernünftig	adjective
unverschämt	adjective
unversehrt	adjective
unverständlich	adjective
unverwechselbar	adjective
unvollständig	adjective
unvorstellbar	adjective
unwiderstehlich	adjective
unwirksam	adjective
unzählig	adjective
unzerbrechlich	adjective
unzertrennlich	adjective
unzuverlässig	adjective
üppig	adjective
Urenkel	noun
Urgroßmutter	noun
Urgroßvater	noun
Urkunde	noun
Urlauber	noun
Urne	noun
Ursache	noun
Ursprung	noun
Urteil	noun
urteilen	verb
Urwald	noun
Utensilien	noun
Utopie	noun
Vandalismus	noun
Vegetarier	noun
Ventil	noun
verabreden	verb
verabscheuen	verb
verabschieden	verb
Verabschiedung	noun
verallgemeinern	verb
veralten	verb
verändern	verb
veranschlagen	verb
veranstalten	verb
Veranstalter	noun
verantwortlich	adjective
Verantwortung	noun
verantwortungsbewusst	adjective
verantwortungslos	adjective
Verarbeitung	noun
verarschen	verb
verausgaben	verb
Verbandskasten	noun
verbannen	verb
verbergen	verb
verbessern	verb
Verbesserung	noun
Verbesserungsvorschlag	noun
verbeugen	verb
verbinden	verb
verblassen	verb
verbluten	verb
Verbot	noun
verbrauchen	verb
Verbraucher	noun
Verbrechen	noun
Verbrecher	noun
verbreiten	verb
Verbreitung	noun
verbringen	verb
verbünden	verb
verdächtig	adjective
verdächtigen	verb
verdampfen	verb
verdanken	verb
verdauen	verb
Verdauung	noun
verderben	verb
verderblich	adjective
Verdienst	noun
verdient	adjective
verdoppeln	verb
verdorben	adjective
verdrehen	verb
verdunkeln	verb
verdünnen	verb
verdunsten	verb
verehren	verb
Verehrer	noun
verehrt	adjective
vereinbaren	verb
vereinfachen	verb
vereinheitlichen	verb
vereinigen	verb
vereinzelt	adjective
vereisen	verb
verenden	verb
vererben	verb
verewigen	verb
Verfahren	noun
Verfall	noun
verfallen	verb
verfärben	verb
Verfasser	noun
verfaulen	verb
verfault	adjective
verfeinern	verb
verfilmen	verb
verfliegen	verb
verfluchen	verb
verfolgen	verb
Verfolgung	noun
verformen	verb
verfremden	verb
verfrühen	verb
verfügbar	adjective
verfügen	verb
verführen	verb
vergänglich	adjective
vergeben	verb
vergeblich	adjective
vergehen	verb
vergelten	verb
vergesslich	adjective
vergeuden	verb
vergewissern	verb
vergiften	verb
Vergiftung	noun
vergittern	verb
verglasen	verb
Vergnügen	noun
vergraben	verb
vergreifen	verb
vergriffen	verb
vergrößern	verb
Vergrößerung	noun
verhaften	verb
Verhaftung	noun
verhageln	verb
Verhalten	noun
verhandeln	verb
Verhandlung	noun
verhängen	verb
verharren	verb
verhauen	verb
verheilen	verb
verheimlichen	verb
verhelfen	verb
verhindern	verb
Verhör	noun
verhören	verb
verhungern	verb
verhüten	verb
Verhütung	noun
verirren	verb
verjagen	verb
verkalkulieren	verb
Verkehrsmittel	noun
Verkehrsregel	noun
Verkehrsschild	noun
Verkehrsunfall	noun
verkehrt	adjective
verklagen	verb
verkleiden	verb
Verkleidung	noun
verkleinern	verb
verknoten	verb
verknüpfen	verb
verkommen	adjective,verb
verkraften	verb
verkrampfen	verb
verkriechen	verb
verkühlen	verb
verkümmern	verb
verkünden	verb
verkuppeln	verb
verladen	verb
verlagern	verb
verlangen	verb
verlängern	verb
Verlängerung	noun
verlassen	verb
verlässlich	adjective
Verleger	noun
verlernen	verb
verlesen	verb
Verletzte	noun
verleugnen	verb
verleumden	verb
verloben	verb
Verlobung	noun
verlocken	verb
verlockend	adjective
verlosen	verb
Verlust	noun
vermachen	verb
Vermächtnis	noun
vermählen	verb
vermarkten	verb
vermehren	verb
vermeiden	verb
vermengen	verb
vermerken	verb
Vermieterin	noun
Verminderung	noun
vermissen	verb
Vermisste	noun
vermodern	verb
vermögen	verb
vermögend	adjective
vermummen	verb
vermuten	verb
Vermutung	noun
vernehmen	verb
verneigen	verb
verneinen	verb
vernetzen	verb
vernichten	verb
Vernichtung	noun
Vernunft	noun
vernünftig	adjective
veröffentlichen	verb
verordnen	verb
verpachten	verb
Verpackung	noun
verpesten	verb
verpetzen	verb
verpflanzen	verb
verpflegen	verb
Verpflegung	noun
Verpflichtung	noun
verprügeln	verb
verputzen	verb
verraten	verb
verrechnen	verb
verrenken	verb
verrichten	verb
verriegeln	verb
verringern	verb
verrosten	verb
verrotten	verb
verrücken	verb
verrückt	adjective
versagen	verb
versalzen	verb
versammeln	verb
Versammlung	noun
Versand	noun
versäumen	verb
verschaffen	verb
verschanzen	verb
verschätzen	verb
verscheuchen	verb
verschicken	verb
verschimmeln	verb
verschlimmern	verb
verschlingen	verb
verschlucken	verb
verschmelzen	verb
verschmutzen	verb
Verschmutzung	noun
verschnaufen	verb
verschonen	verb
verschreiben	verb
verschulden	verb
verschweigen	verb
verschwenderisch	adjective
Verschwendung	noun
verschwinden	verb
verschwitzen	verb
verschwommen	verb
verschwören	verb
Versehen	noun
versehentlich	adjective
versenden	verb
versenken	verb
versetzen	verb
verseuchen	verb
versichern	verb
Versicherungspolice	noun
versiegeln	verb
versinken	verb
versöhnen	verb
Versöhnung	noun
versorgen	verb
verspäten	verb
versperren	verb
verspielen	verb
verspielt	adjective
verspotten	verb
verstaatlichen	verb
Verstand	noun
verständlich	adjective
Verständnis	noun
verständnisvoll	adjective
Verstärker	noun
verstaubt	adjective
verstauchen	verb
verstauen	verb
Versteck	noun
verstellbar	adjective
verstellen	verb
versteuern	verb
verstimmen	verb
verstopfen	verb
verstopft	adjective
Verstoß	noun
verstoßen	verb
verstreuen	verb
verstümmeln	verb
verstummen	verb
Versuch	noun
versüßen	verb
vertagen	verb
vertauschen	verb
verteidigen	verb
verteilen	verb
verteuern	verb
vertiefen	verb
vertilgen	verb
vertonen	verb
vertragen	verb
verträglich	adjective
Vertrauen	noun
vertraulich	adjective
vertraut	adjective
vertreiben	verb
vertreten	verb
Vertreter	noun
Vertrieb	noun
vertrocknen	verb
vertuschen	verb
verüben	verb
verunglücken	verb
verunreinigen	verb
verunsichern	verb
verursachen	verb
verurteilen	verb
vervielfältigen	verb
vervollständigen	verb
verwackeln	verb
verwählen	verb
verwahren	verb
verwalten	verb
Verwaltung	noun
verwandeln	verb
verwandt	adjective
Verwandtschaft	noun
verwarnen	verb
verwechseln	verb
Verwechslung	noun
verwehren	verb
verweigern	verb
verweilen	verb
Verweis	noun
verwelken	verb
verwenden	verb
verwerten	verb
verwesen	verb
verwickeln	verb
verwirren	verb
verwirrend	adjective
verwischen	verb
verwitwen	verb
verwöhnt	adjective
verwunden	verb
verwüsten	verb
verzählen	verb
verzaubern	verb
verzehren	verb
Verzeichnis	noun
verzeihen	verb
Verzeihung	noun
verzerren	verb
verzichten	verb
verzieren	verb
Verzierung	noun
verzinsen	verb
Verzögerung	noun
verzollen	verb
verzweifelt	adjective
Verzweiflungstat	noun
verzweigen	verb
vibrieren	verb
Vieh	noun
vielfältig	adjective
vielseitig	adjective
Vielzahl	noun
Viertelfinale	noun
Virus	noun
Visitenkarte	noun
visualisieren	verb
Vitrine	noun
Vogelscheuche	noun
Volk	noun
Volkshochschule	noun
Volkslied	noun
Volkswirtschaft	noun
vollautomatisch	adjective
vollbringen	verb
vollenden	verb
vollkommen	adjective
Vollmond	noun
Vollpension	noun
vollständig	adjective
volltanken	verb
vollwertig	adjective
Vollzeitjob	noun
Vorabend	noun
vorangehen	verb
vorankommen	verb
voraussagen	verb
Voraussetzung	noun
voraussichtlich	adjective
vorbehalten	verb
vorbeifahren	verb
vorbeikommen	verb
Vorbereitung	noun
vorbestellen	verb
vorbeugen	verb
Vorbild	noun
vorbildhaft	adjective
Vordergrund	noun
Vorderseite	noun
vordrängeln	verb
voreilen	verb
voreilig	adjective
vorenthalten	verb
vorfahren	verb
Vorfahrt	noun
Vorfall	noun
vorführen	verb
Vorführung	noun
Vorgang	noun
Vorgänger	noun
vorgehen	verb
Vorgesetzte	noun
vorheizen	verb
vorher	adjective
vorherrschen	verb
Vorhersage	noun
vorhersagen	verb
vorig	adjective
vorknöpfen	verb
vorkommen	verb
Vorkommnis	noun
vorladen	verb
Vorlage	noun
vorläufig	adjective
vorlegen	verb
Vorlesung	noun
vorletzt	adjective
Vorliebe	noun
vormerken	verb
Vormund	noun
vornehm	adjective
Vorort	noun
Vorrat	noun
vorrätig	adjective
Vorratskammer	noun
Vorrichtung	noun
vorrücken	verb
Vorruhestand	noun
vorsagen	verb
vorschießen	verb
vorschreiben	verb
Vorschrift	noun
vorsehen	verb
vorsichtig	adjective
vorsingen	verb
Vorsitzende	noun
Vorsorge	noun
vorsorgen	verb
vorspielen	verb
vorsprechen	verb
Vorsprung	noun
Vorstadt	noun
Vorstand	noun
Vorstellungsgespräch	noun
vortäuschen	verb
Vorteil	noun
Vortrag	noun
vortragen	verb
Vortritt	noun
vorübergehen	verb
Vorurteil	noun
Vorwand	noun
vorwärmen	verb
vorwerfen	verb
Vorwurf	noun
vorzeigen	verb
vorzeitig	adjective
vorziehen	verb
vorzüglich	adjective
Vulkan	noun
Waage	noun
Wache	noun
wachsam	adjective
Wachstum	noun
Wächter	noun
wackelig	adjective
wackeln	verb
Waffe	noun
Waffel	noun
Wagnis	noun
Wahl	noun
wählen	verb
Wahlkampf	noun
Wahllokal	noun
wahllos	adjective
Wahlrecht	noun
Wahnsinn	noun
Wahrheit	noun
wahrnehmen	verb
wahrsagen	verb
wahrscheinlich	adjective
Wahrscheinlichkeit	noun
Währung	noun
Waise	noun
Wal	noun
Wallfahrt	noun
Walnuss	noun
Wandel	noun
wandeln	verb
Wanderer	noun
Wange	noun
wanken	verb
Wanne	noun
Wappen	noun
wappnen	verb
warnen	verb
Warnung	noun
Wartesaal	noun
Wartung	noun
Waschanlage	noun
Wäscheklammer	noun
Wäscheleine	noun
Wäschetrockner	noun
wasserdicht	adjective
Wasserfall	noun
Wasserhahn	noun
Wasserkocher	noun
Wasserkraft	noun
Wasserleitung	noun
Wassermelone	noun
wasserscheu	adjective
Wasserstoff	noun
Wasserversorgung	noun
waten	verb
watscheln	verb
Wattestäbchen	noun
weben	verb
Webseite	noun
Wechsel	noun
wechselhaft	adjective
Wechselkurs	noun
Wechselstube	noun
Weckruf	noun
wedeln	verb
wegbleiben	verb
wegbringen	verb
wegdenken	verb
wegfallen	verb
wegjagen	verb
weglassen	verb
weglaufen	verb
wegnehmen	verb
wegräumen	verb
wegschauen	verb
wegschicken	verb
wegschmeißen	verb
wegtreten	verb
wegziehen	verb
wehen	verb
wehleidig	adjective
wehren	verb
weichen	verb
Weide	noun
weigern	verb
weihen	verb
weiterbilden	verb
weiterempfehlen	verb
weiterentwickeln	verb
Weiterentwicklung	noun
weitergeben	verb
weiterhelfen	verb
weiterkommen	verb
weiterleiten	verb
weitermachen	verb
weitläufig	adjective
weitsichtig	adjective
Weizen	noun
welken	verb
Welle	noun
Wellensittich	noun
Weltall	noun
weltberühmt	adjective
weltfremd	adjective
Weltkrieg	noun
Weltmeister	noun
Weltmeisterschaft	noun
Weltraum	noun
Weltrekord	noun
weltweit	adjective
Wende	noun
wenden	verb
Wendung	noun
werben	verb
Werft	noun
Werk	noun
werkeln	verb
Werkzeugkasten	noun
Wert	noun
Wertsachen	noun
wertvoll	adjective
wesentlich	adjective
Wesentliche	noun
Wespe	noun
Weste	noun
westlich	adjective
Wettbewerb	noun
wetten	verb
wetterfest	adjective
wettern	verb
Wettkampf	noun
Wettlauf	noun
Wickeltisch	noun
widerlich	adjective
widerrufen	verb
widerspenstig	adjective
widerspiegeln	verb
Widerspruch	noun
Widerstandskraft	noun
widerstehen	verb
Widmung	noun
Wiederaufbau	noun
wiedererkennen	verb
wiederfinden	verb
Wiedergabe	noun
wiedergeben	verb
wiedergutmachen	verb
Wiedergutmachung	noun
wiederkommen	verb
Wiedervereinigung	noun
wiederverwenden	verb
wiederverwerten	verb
Wiege	noun
wildern	verb
Wildnis	noun
Wildschwein	noun
Wille	noun
willkommen	adjective
wimmeln	verb
Wimper	noun
winddicht	adjective
Windel	noun
Windenergie	noun
Windschutzscheibe	noun
Winkel	noun
winterfest	adjective
winzig	adjective
Wirbel	noun
Wirbelsäule	noun
wirken	verb
Wirklichkeit	noun
wirksam	adjective
Wirkung	noun
wirkungslos	adjective
Wirt	noun
Wirtin	noun
wirtschaften	verb
wirtschaftlich	adjective
Wirtshaus	noun
wissbegierig	adjective
Wissenschaft	noun
Wissenschaftler	noun
Wissenschaftlerin	noun
wissenschaftlich	adjective
wittern	verb
Witwe	noun
Witwer	noun
Witz	noun
witzig	adjective
Wochenmarkt	noun
Wochentag	noun
Wohl	noun
wohlhabend	adjective
wohlriechend	adjective
wohlschmeckend	adjective
Wohltätigkeit	noun
Wohngemeinschaft	noun
Wohnheim	noun
Wohnmobil	noun
Wohnsitz	noun
Wohnviertel	noun
Wohnzimmer	noun
wölben	verb
Wolf	noun
wortkarg	adjective
Wortschatz	noun
wortwörtlich	adjective
Wrack	noun
wringen	verb
wuchern	verb
wühlen	verb
wund	adjective
Wunder	noun
Wunderkind	noun
wunderlich	adjective
Wundermittel	noun
wundern	verb
Würde	noun
würdevoll	adjective
würdigen	verb
Wurf	noun
würgen	verb
Wurm	noun
Würze	noun
Wurzel	noun
Wüste	noun
Wut	noun
wüten	verb
zackig	adjective
zaghaft	adjective
zäh	adjective
zahlbar	adjective
zahlreich	adjective
Zahlung	noun
zahm	adjective
zähmen	verb
Zahnfleisch	noun
Zahnpasta	noun
Zahnschmerzen	noun
Zahnspange	noun
zanken	verb
Zapfsäule	noun
zappeln	verb
zärtlich	adjective
Zauber	noun
Zauberer	noun
zaubern	verb
Zaubertrick	noun
Zeh	noun
Zeigefinger	noun
Zeiger	noun
Zeile	noun
Zeitalter	noun
Zeitarbeit	noun
zeitaufwendig	adjective
Zeitdruck	noun
Zeitgenosse	noun
zeitgenössisch	adjective
zeitlich	adjective
zeitlos	adjective
Zeitlupe	noun
Zeitplan	noun
Zeitpunkt	noun
Zeitraum	noun
Zeitverschwendung	noun
zeitweise	adjective
Zeitzone	noun
Zelle	noun
Zensur	noun
Zentimeter	noun
Zentrale	noun
zerbrechlich	adjective
zerbröckeln	verb
zerdrücken	verb
zerfallen	verb
zerkleinern	verb
zerknittern	verb
zerkratzen	verb
zerlegen	verb
zermalmen	verb
zerplatzen	verb
zerquetschen	verb
zerren	verb
zerschlagen	verb
zerschneiden	verb
zersetzen	verb
zersplittern	verb
zerstören	verb
Zerstörung	noun
zerstreuen	verb
zerstreut	adjective
zertreten	verb
zertrümmern	verb
Zettelwirtschaft	noun
zeugen	verb
Zeugin	noun
Zeugnisvergabe	noun
Ziegel	noun
ziehen	verb
zielen	verb
Zielgruppe	noun
Zielscheibe	noun
zielstrebig	adjective
Zimmermädchen	noun
Zimmerpflanze	noun
zimperlich	adjective
Zimt	noun
Zins	noun
Zinsen	noun
Zirkus	noun
zischen	verb
Zitat	noun
Zittern	noun
Zivilcourage	noun
zögern	verb
Zone	noun
Zorn	noun
zornig	adjective
Zubehör	noun
zubinden	verb
Zucht	noun
züchten	verb
zucken	verb
zudecken	verb
zudrehen	verb
Zufall	noun
zufällig	adjective
Zuflucht	noun
zufügen	verb
Zufuhr	noun
Zugabe	noun
Zugang	noun
Zugbegleiter	noun
zugeben	verb
zugehen	verb
zügig	adjective
zugreifen	verb
Zugriff	noun
Zuhörer	noun
zukleben	verb
zukommen	verb
zukünftig	adjective
zulassen	verb
Zulassung	noun
zulegen	verb
zumuten	verb
Zunahme	noun
Zündung	noun
Zuneigung	noun
Zunft	noun
zunicken	verb
zupfen	verb
zurechtfinden	verb
zurechtkommen	verb
zureden	verb
zurückblicken	verb
zurückbringen	verb
zurückerstatten	verb
zurückfordern	verb
zurückgreifen	verb
zurückhaben	verb
zurücklassen	verb
zurücklegen	verb
zurückschicken	verb
zurücksetzen	verb
zurücktreten	verb
zurückweisen	verb
zurückzahlen	verb
zurückziehen	verb
Zusammenarbeit	noun
zusammenarbeiten	verb
zusammenbauen	verb
zusammenbrechen	verb
Zusammenbruch	noun
zusammenfalten	verb
zusammenfassen	verb
Zusammenfassung	noun
zusammenführen	verb
Zusammenhalt	noun
Zusammenhang	noun
zusammenkommen	verb
zusammenlegen	verb
zusammenpassen	verb
zusammenrechnen	verb
zusammenschließen	verb
zusammensetzen	verb
Zusammensetzung	noun
zusammenstellen	verb
Zusammenstoß	noun
zusammenstoßen	verb
zusammenzählen	verb
zusammenziehen	verb
Zusatz	noun
zuschicken	verb
Zuschlag	noun
zuschlagen	verb
zuschließen	verb
Zuschrift	noun
zusenden	verb
zusichern	verb
zuspielen	verb
zusprechen	verb
Zustand	noun
zuständig	adjective
zustellen	verb
Zustellung	noun
zustimmen	verb
Zustimmung	noun
zustoßen	verb
zuteilen	verb
zutrauen	verb
zutraulich	adjective
Zutritt	noun
zuverlässig	adjective
zuvorkommend	adjective
Zuwanderung	noun
zuwinken	verb
zuziehen	verb
Zwang	noun
zwängen	verb
zwar	adjective
zweideutig	adjective
Zweifel	noun
Zweig	noun
zweigen	verb
zweitrangig	adjective
Zwerg	noun
zwingen	verb
zwinkern	verb
Zwischenfall	noun
Zwischenlandung	noun
Zwischenzeit	noun
zwitschern	verb
Abenteuer	noun
abfinden	verb
abgebrüht	adjective
abgeklärt	adjective
Abgeordnete	noun
abgrenzen	verb
Abgrenzung	noun
abhandeln	verb
Abhängigkeit	noun
Abhilfe	noun
abkapseln	verb
Abkommen	noun
Ablehnung	noun
Ablenkung	noun
ablichten	verb
abmildern	verb
Abneigung	noun
Abrechnung	noun
Abriss	noun
Abrüstung	noun
Absatz	noun
abschaffen	verb
Abschaffung	noun
abschätzig	adjective
abschotten	verb
Abschreckung	noun
abschweifen	verb
Abschwung	noun
absehen	verb
Absolvent	noun
absolvieren	verb
Abstammung	noun
Abstand	noun
Abstinenz	noun
Abstraktion	noun
abstreiten	verb
absurd	adjective
abwägen	verb
Abwanderung	noun
Abwechslung	noun
abwegig	adjective
Abwehr	noun
abweichen	verb
Abweichung	noun
abwerten	verb
Abwertung	noun
adäquat	adjective
adressieren	verb
affektieren	verb
Agenda	noun
Aggressivität	noun
agieren	verb
Agrarwirtschaft	noun
ahnden	verb
Akademiker	noun
akklimatisieren	verb
Akkord	noun
akkreditieren	verb
akribisch	adjective
Aktionär	noun
aktualisieren	verb
Akzent	noun
akzentuieren	verb
alarmieren	verb
Algorithmus	noun
Alleinerziehende	noun
allgegenwärtig	adjective
Allgemeinheit	noun
Allgemeinwissen	noun
altbewährt	adjective
Altersarmut	noun
Alterung	noun
Ambition	noun
ambitioniert	adjective
ambivalent	adjective
amortisieren	verb
Amtszeit	noun
Analphabet	noun
analysieren	verb
Anarchie	noun
anbahnen	verb
anberaumen	verb
Anbieter	noun
andeuten	verb
Andeutung	noun
Androhung	noun
aneignen	verb
Aneignung	noun
Aneinanderreihung	noun
Anerkennung	noun
anfällig	adjective
anfechten	verb
Anfechtung	noun
anfreunden	verb
Angebotsvielfalt	noun
angehen	verb
Angelegenheit	noun
angemessen	adjective
Angemessenheit	noun
angesehen	adjective
angleichen	verb
Anhänger	noun
anhäufen	verb
Anhäufung	noun
Anhörung	noun
animieren	verb
Anklage	noun
Ankläger	noun
anmaßend	adjective
Anmut	noun
Annahmeverweigerung	noun
annektieren	verb
Anonymität	noun
Anpassung	noun
anregen	verb
Anreiz	noun
anrüchig	adjective
Ansatz	noun
Anschaffung	noun
anschaulich	adjective
Anschein	noun
Anschuldigung	noun
ansehnlich	adjective
ansiedeln	verb
anspielen	verb
anstacheln	verb
Anstand	noun
ansteckend	adjective
Anstellung	noun
Anstieg	noun
Anstoß	noun
anstößig	adjective
anstreben	verb
antreiben	verb
anvertrauen	verb
Anwärter	noun
Anwendung	noun
Anwesen	noun
anzetteln	verb
anzweifeln	verb
appellieren	verb
Arbeitsaufwand	noun
Arbeitsbedingungen	noun
Arbeitsklima	noun
Arbeitsmoral	noun
Arbeitsteilung	noun
Archäologe	noun
argumentieren	verb
argwöhnisch	adjective
Aristokratie	noun
Armutsgrenze	noun
Arroganz	noun
Artenvielfalt	noun
Artgenosse	noun
artikulieren	verb
Aspekt	noun
assistieren	verb
Assoziation	noun
assoziieren	verb
Asylbewerber	noun
attackieren	verb
Attraktivität	noun
aufarbeiten	verb
aufbauschen	verb
aufbegehren	verb
Aufbewahrung	noun
aufbringen	verb
Aufbruch	noun
aufdecken	verb
auferlegen	verb
auffassen	verb
aufgebracht	adjective
aufgeweckt	adjective
aufgliedern	verb
Aufhebung	noun
aufhetzen	verb
aufkeimen	verb
Aufklärung	noun
Auflage	noun
Auflehnung	noun
Aufopferung	noun
Aufprall	noun
aufrechterhalten	verb
aufrichtig	adjective
Aufrichtigkeit	noun
Aufruhr	noun
Aufrüstung	noun
aufrütteln	verb
aufschlüsseln	verb
aufschlussreich	adjective
Aufschub	noun
Aufschwung	noun
Aufsicht	noun
aufspüren	verb
Aufstand	noun
Aufwand	noun
aufweisen	verb
Aufwertung	noun
aufwiegen	verb
aufzwingen	verb
ausarbeiten	verb
ausbaden	verb
ausbauen	verb
ausbaufähig	adjective
Ausbeute	noun
ausbeuten	verb
Ausbeutung	noun
ausblenden	verb
Ausbreitung	noun
ausbremsen	verb
Ausdauer	noun
ausdehnen	verb
ausdiskutieren	verb
ausdrucksstark	adjective
Ausdrucksweise	noun
auseinanderdriften	verb
auseinandersetzen	verb
Auseinandersetzung	noun
ausfechten	verb
ausfeilen	verb
ausformulieren	verb
Ausfuhr	noun
Ausgangslage	noun
ausgefallen	verb
ausgeklügelt	adjective
ausgelassen	adjective
ausgeprägt	adjective
Ausgleich	noun
ausgleichen	verb
ausgrenzen	verb
Ausgrenzung	noun
aushandeln	verb
aushebeln	verb
Aushilfe	noun
ausklügeln	verb
auskosten	verb
Auslastung	noun
ausleben	verb
Auslegung	noun
Auslieferung	noun
Auslosung	noun
ausmalen	verb
Ausmaß	noun
ausmerzen	verb
aussagekräftig	adjective
ausschlachten	verb
ausschlaggebend	adjective
ausschließen	verb
ausschmücken	verb
ausschöpfen	verb
Ausschreitung	noun
Ausschuss	noun
ausschweifend	adjective
ausstatten	verb
Ausstattung	noun
Ausstrahlung	noun
Austragung	noun
austüfteln	verb
Ausübung	noun
ausufern	verb
Auswanderung	noun
auswerten	verb
Auswertung	noun
auswuchern	verb
authentifizieren	verb
automatisieren	verb
Autonomie	noun
autoritär	adjective
Autorität	noun
Balance	noun
balancieren	verb
Ballungsraum	noun
banal	adjective
Bandbreite	noun
bändigen	verb
bangen	verb
Barmherzigkeit	noun
Barriere	noun
Baukunst	noun
beabsichtigen	verb
Beachtung	noun
beanspruchen	verb
beanstanden	verb
Beanstandung	noun
bebauen	verb
Bedenken	noun
bedenklich	adjective
bedeutsam	adjective
Bedienungsfreundlichkeit	noun
bedingen	verb
bedrohen	verb
Bedrohung	noun
beeindrucken	verb
beeinflussen	verb
beeinträchtigen	verb
befähigen	verb
Befangenheit	noun
befassen	verb
befeuern	verb
beflügeln	verb
Beförderungsmittel	noun
Befragung	noun
Befreiung	noun
befremden	verb
befremdlich	adjective
Befugnis	noun
Befund	noun
befürchten	verb
befürworten	verb
Begehren	noun
Begeisterung	noun
begleichen	verb
begradigen	verb
begünstigen	verb
begutachten	verb
behagen	verb
Beharrlichkeit	noun
beheben	verb
beherbergen	verb
Beherrschung	noun
Behinderte	noun
behutsam	adjective
Beihilfe	noun
beikommen	verb
beilegen	verb
beimessen	verb
beimischen	verb
beinhalten	verb
beipacken	verb
Beisein	noun
beispielhaft	adjective
Beistand	noun
beisteuern	verb
beitreten	verb
Bekämpfung	noun
Bekanntgabe	noun
Bekenntnis	noun
beklemmend	adjective
bekunden	verb
belächeln	verb
belagern	verb
Belagerung	noun
belanglos	adjective
belaufen	verb
beleben	verb
belegen	verb
Belegschaft	noun
Beliebtheit	noun
bemächtigen	verb
bemängeln	verb
bemerkenswert	adjective
bemessen	verb
Bemessung	noun
benachteiligen	verb
Benachteiligung	noun
beneiden	verb
Beobachtung	noun
bepflanzen	verb
beratschlagen	verb
Berechnung	noun
Berechtigung	noun
Bereicherung	noun
bereinigen	verb
bergab	adjective
bergauf	adjective
Bergbau	noun
Berichterstattung	noun
Berücksichtigung	noun
berufen	adjective,verb
Berufung	noun
besänftigen	verb
Beschaffenheit	noun
Beschaffung	noun
Beschäftigung	noun
Bescheidenheit	noun
Beschlagnahmung	noun
beschleunigen	verb
Beschleuniger	noun
Beschleunigung	noun
beschönigen	verb
beschränken	verb
Beschränkung	noun
Beschuldigung	noun
beschwerlich	adjective
beschwichtigen	verb
beschwören	verb
Beseitigung	noun
Besetzung	noun
besiegeln	verb
Besinnung	noun
besonnen	adjective
Besonnenheit	noun
Bestandteil	noun
bestärken	verb
bestäuben	verb
bestechend	adjective
Bestechung	noun
besteuern	verb
Bestimmung	noun
Bestrafung	noun
Bestreben	noun
bestreiten	verb
bestücken	verb
Beteiligte	noun
betiteln	verb
beträchtlich	adjective
Betrachtung	noun
betrauern	verb
Betriebsklima	noun
Betriebsrat	noun
betten	verb
beugen	verb
Beugung	noun
beurkunden	verb
beurlauben	verb
Beurteilung	noun
bevollmächtigen	verb
bevormunden	verb
Bevormundung	noun
bevorzugen	verb
Bevorzugung	noun
Bewährung	noun
bewältigen	verb
Bewältigung	noun
bewandert	adjective
Bewandtnis	noun
Beweis	noun
Beweislast	noun
Bewerbungsunterlagen	noun
bewerkstelligen	verb
bewerten	verb
Bewertung	noun
bewirken	verb
Bewunderer	noun
Bewusstsein	noun
bezeichnend	adjective
Bezeichnung	noun
bezichtigen	verb
Bezug	noun
bezuschussen	verb
bilanzieren	verb
Bindeglied	noun
Biodiversität	noun
Blamage	noun
blauäugig	adjective
Blickwinkel	noun
Blockade	noun
bloßstellen	verb
blumig	adjective
Botschafter	noun
Boulevardpresse	noun
brandmarken	verb
Brandstiftung	noun
Brauchtum	noun
Brennpunkt	noun
Brisanz	noun
brüchig	adjective
brüskieren	verb
Bruttoeinkommen	noun
Buchhalter	noun
büffeln	verb
Bündel	noun
bündeln	verb
bündig	adjective
bürgen	verb
Bürgerinitiative	noun
Bürgerkrieg	noun
Bürgschaft	noun
Chancengleichheit	noun
charakterisieren	verb
Charisma	noun
Charme	noun
Chronik	noun
Coup	noun
dahinschmelzen	verb
darbieten	verb
darlegen	verb
Dasein	noun
Datenerhebung	noun
Datenmissbrauch	noun
Dauerbelastung	noun
Debatte	noun
debattieren	verb
dechiffrieren	verb
decken	verb
deduzieren	verb
definieren	verb
Defizit	noun
deformieren	verb
degenerieren	verb
deklarieren	verb
delegieren	verb
Delikt	noun
Demografie	noun
Demontage	noun
Demut	noun
Denkanstoß	noun
denkbar	adjective
Denkfehler	noun
Denkweise	noun
deplatziert	adjective
desaströs	adjective
desolat	adjective
Devise	noun
dezimieren	verb
Diagnose	noun
diagnostizieren	verb
Diagramm	noun
Dichte	noun
diffamieren	verb
differenzieren	verb
differenziert	adjective
digitalisieren	verb
Diktatur	noun
diktieren	verb
Dilemma	noun
dilettantisch	adjective
Dimension	noun
dimensionieren	verb
Diplomatie	noun
diplomatisch	adjective
diskreditieren	verb
diskriminieren	verb
disqualifizieren	verb
Distanz	noun
distanzieren	verb
Disziplin	noun
diszipliniert	adjective
Diversität	noun
Dogma	noun
dogmatisch	adjective
Doktrin	noun
Dominanz	noun
dominieren	verb
Dominoeffekt	noun
doppeldeutig	adjective
Doppelmoral	noun
Dramatik	noun
dramatisieren	verb
drangsalieren	verb
Drehkreuz	noun
Dreieck	noun
Dringlichkeit	noun
Drittel	noun
dröhnen	verb
drosseln	verb
dubios	adjective
duellieren	verb
Duldung	noun
durchboxen	verb
Durchbruch	noun
durchdacht	adjective
durchdenken	verb
durchdringen	verb
durchforsten	verb
Durchführung	noun
durchhalten	verb
Durchhaltevermögen	noun
durchkreuzen	verb
durchlaufen	verb
durchleben	verb
durchringen	verb
durchschauen	verb
durchschimmern	verb
Durchschnitt	noun
Durchsetzungsvermögen	noun
durchsickern	verb
durchtrieben	verb
durchwachsen	verb
durchwühlen	verb
durchzechen	verb
Dürre	noun
Ebene	noun
Echtheit	noun
Edelmetall	noun
Effekt	noun
effizient	adjective
Effizienz	noun
Egoismus	noun
egoistisch	adjective
ehrfürchtig	adjective
Ehrgeiz	noun
eichen	verb
Eifersucht	noun
Eigenart	noun
Eigenkapital	noun
Eigenlob	noun
Eigennutz	noun
eigennützig	adjective
eigenständig	adjective
Eigentum	noun
Eigenverantwortung	noun
Eignung	noun
einberufen	verb
einbetten	verb
einbeziehen	verb
Einbildung	noun
Einbürgerung	noun
einbüßen	verb
eindämmen	verb
Eindämmung	noun
eindimensional	adjective
einebnen	verb
Einfachheit	noun
einfädeln	verb
einflechten	verb
einflößen	verb
einflussreich	adjective
einfordern	verb
Einfühlungsvermögen	noun
Einfuhr	noun
Eingebung	noun
eingehen	verb
eingestehen	verb
eingliedern	verb
Eingliederung	noun
eingreifen	verb
Einhaltung	noun
Einheit	noun
einheitlich	adjective
einhergehen	verb
Einigung	noun
einkesseln	verb
Einklang	noun
Einkommensverteilung	noun
einleiten	verb
einlenken	verb
Einmischung	noun
einmünden	verb
Einnahmequelle	noun
einnisten	verb
Einöde	noun
einpendeln	verb
einpflanzen	verb
einprägsam	adjective
einprogrammieren	verb
einräumen	verb
Einreichung	noun
Einsatz	noun
Einschätzung	noun
einschleichen	verb
einschleusen	verb
einschmeicheln	verb
einschneidend	adjective
Einschnitt	noun
einschränken	verb
Einschränkung	noun
einschreiten	verb
einschüchtern	verb
Einschüchterung	noun
einsetzen	verb
Einsicht	noun
einspannen	verb
einsparen	verb
Einsparung	noun
einspeisen	verb
einstampfen	verb
einstufen	verb
Einstufung	noun
Eintracht	noun
einträglich	adjective
eintrichtern	verb
einverleiben	verb
Einvernehmen	noun
einvernehmlich	adjective
Einwand	noun
Einwanderung	noun
einwilligen	verb
Einwilligung	noun
Einzelhandel	noun
einzementieren	verb
Einzug	noun
Eleganz	noun
elementar	adjective
elitär	adjective
Elite	noun
Emanzipation	noun
Embargo	noun
emigrieren	verb
Empathie	noun
Empfindung	noun
empören	verb
Empörung	noun
emsig	adjective
Endeffekt	noun
engagiert	adjective
Engpass	noun
engstirnig	adjective
entarten	verb
entbehren	verb
Entbehrung	noun
entbinden	verb
entblößen	verb
Enteignung	noun
entfachen	verb
entfalten	verb
Entfaltung	noun
entfremden	verb
entgegenkommen	verb
entgegensetzen	verb
entgegenwirken	verb
Entgelt	noun
entgleisen	verb
entgleiten	verb
Enthaltung	noun
enthemmen	verb
Enthüllung	noun
entkoppeln	verb
Entkriminalisierung	noun
entlarven	verb
Entlastung	noun
entlegen	adjective
entlehnen	verb
entlocken	verb
Entlohnung	noun
entmachten	verb
Entmündigung	noun
entnehmen	verb
entpuppen	verb
entrichten	verb
entrüstet	adjective
entschädigen	verb
Entschädigung	noun
entschärfen	verb
Entschlossenheit	noun
entschlüsseln	verb
entsenden	verb
Entsorgung	noun
entsprießen	verb
Entstehung	noun
entwachsen	verb
entwaffnen	verb
entweichen	verb
entwurzeln	verb
entzücken	verb
Entzug	noun
entzünden	verb
Epidemie	noun
Epoche	noun
erachten	verb
erbarmungslos	adjective
erbeuten	verb
erbittert	adjective
Erbschaft	noun
Erdrutsch	noun
erdulden	verb
erfassen	verb
Erfassung	noun
Erfolgsdruck	noun
Erfordernis	noun
erforschen	verb
Erfüllung	noun
ergattern	verb
ergebnislos	adjective
Ergebnisorientierung	noun
ergehen	verb
erhaben	adjective
erhaschen	verb
Erhebung	noun
erheitern	verb
Erkenntnis	noun
erklimmen	verb
erkunden	verb
erlahmen	verb
erlangen	verb
erläutern	verb
erleichtern	verb
Erleichterung	noun
erleiden	verb
Ermächtigung	noun
Ermahnung	noun
ermatten	verb
Ermessen	noun
ermitteln	verb
Ermittler	noun
ermöglichen	verb
ermuntern	verb
ermutigen	verb
Ermutigung	noun
Erniedrigung	noun
Ernsthaftigkeit	noun
ernüchtern	verb
Eroberung	noun
erörtern	verb
Erpresser	noun
errechnen	verb
Errichtung	noun
erringen	verb
Erscheinung	noun
erschleichen	verb
erschließen	verb
Erschließung	noun
erschöpfen	verb
Erschöpfung	noun
Erschütterung	noun
erschweren	verb
ersichtlich	adjective
ersinnen	verb
ersparen	verb
Ersparnis	noun
erstarren	verb
erstatten	verb
Erstattung	noun
Erstaufführung	noun
erstrahlen	verb
erstreben	verb
erstrebenswert	adjective
ertasten	verb
Ertragslage	noun
erwägen	verb
erwehren	verb
erweisen	verb
erweitern	verb
Erwerb	noun
erwerben	verb
Erwerbslosigkeit	noun
erwirken	verb
erwirtschaften	verb
Erzeugnis	noun
erzielen	verb
erzwingen	verb
Eskalation	noun
eskalieren	verb
essentiell	adjective
etablieren	verb
Etappe	noun
Etat	noun
Ethnie	noun
Euphorie	noun
euphorisch	adjective
evaluieren	verb
Existenzgrundlage	noun
existenziell	adjective
exorbitant	adjective
Expansion	noun
Expedition	noun
experimentell	adjective
explizit	adjective
exquisit	adjective
facettenreich	adjective
Fachkenntnis	noun
Fachkraft	noun
Fachkräftemangel	noun
fadenscheinig	adjective
Fahndungserfolg	noun
fahrlässig	adjective
Fahrlässigkeit	noun
Faktor	noun
Fälligkeit	noun
Fallstudie	noun
Fassung	noun
Faszination	noun
fatal	adjective
favorisieren	verb
Fazit	noun
federführend	adjective
Fehde	noun
fehlerfrei	adjective
Fehlverhalten	noun
Feindschaft	noun
Feindseligkeit	noun
feinfühlig	adjective
Feinschliff	noun
fesseln	verb
fesselnd	adjective
festfahren	verb
festigen	verb
festklammern	verb
festnageln	verb
filigran	adjective
finanzieren	verb
Finanzkrise	noun
Finesse	noun
Fingerspitzengefühl	noun
Firmengründung	noun
Fiskus	noun
flächendeckend	adjective
Flächennutzung	noun
flankieren	verb
Flaute	noun
Flexibilität	noun
florieren	verb
Fluktuation	noun
fluktuieren	verb
folgenschwer	adjective
folgern	verb
Folter	noun
Fördermittel	noun
Formalität	noun
formell	adjective
formieren	verb
Forschungsstand	noun
fortbestehen	verb
fortbilden	verb
Fortbildung	noun
fortfahren	verb
fortführen	verb
fortpflanzen	verb
Fortpflanzung	noun
fortschreiten	verb
fortschrittlich	adjective
fortwirken	verb
Fragestellung	noun
fragwürdig	adjective
frappierend	adjective
Freibetrag	noun
Freihandel	noun
freimütig	adjective
Freispruch	noun
Fremdenfeindlichkeit	noun
Fremdwort	noun
Frequenz	noun
frevelhaft	adjective
Friedensvertrag	noun
frönen	verb
Frustrationstoleranz	noun
fügsam	adjective
Fügung	noun
Fundgrube	noun
fundieren	verb
funktionalisieren	verb
Fürsorge	noun
Fürsprecher	noun
Fusion	noun
galant	adjective
Galgenhumor	noun
gängig	adjective
garnieren	verb
Gastronomie	noun
gebieten	verb
Gebietsanspruch	noun
Gebot	noun
gebührend	adjective
Gedankengang	noun
Gedankenspiel	noun
gediegen	adjective
Gefährdung	noun
Gefährte	noun
Gefälle	noun
Gefälligkeit	noun
Gefangenschaft	noun
gefügig	adjective
Gegebenheit	noun
Gegenleistung	noun
Gegenmaßnahme	noun
Gegensatz	noun
Gegenstand	noun
gegensteuern	verb
gegenüberstellen	verb
Gegenüberstellung	noun
gegenwärtig	adjective
gehaltvoll	adjective
Geiselnahme	noun
Geisteshaltung	noun
Gelände	noun
gelassen	adjective
Gelassenheit	noun
geläufig	adjective
Geldwäsche	noun
geleiten	verb
Geltung	noun
gemäßigt	adjective
Gemeinnützigkeit	noun
Gemeinwohl	noun
Gemüt	noun
Genauigkeit	noun
generalisieren	verb
Generalprobe	noun
generieren	verb
Genesung	noun
genügsam	adjective
Genugtuung	noun
geraum	adjective
Gerichtsverfahren	noun
Geringfügigkeit	noun
Gerücht	noun
Gesamtheit	noun
Geschäftsmodell	noun
Geschicklichkeit	noun
geschmeidig	adjective
Geschworene	noun
Gesetzentwurf	noun
Gesichtspunkt	noun
Gesinnung	noun
gesittet	adjective
Gestaltung	noun
Gestaltungsspielraum	noun
gestatten	verb
gestehen	verb
Gesundheitswesen	noun
gewährleisten	verb
Gewaltbereitschaft	noun
Gewaltenteilung	noun
gewichten	verb
gewieft	adjective
gewinnbringend	adjective
Gewinnspanne	noun
gewissenlos	adjective
Gewissensbisse	noun
Gewissheit	noun
gezielt	adjective
gezwungenermaßen	adjective
gipfeln	verb
glaubwürdig	adjective
Glaubwürdigkeit	noun
Gleichgewicht	noun
Gleichgültigkeit	noun
gleichmütig	adjective
Gleichstellung	noun
Gliederung	noun
Globalisierung	noun
glorifizieren	verb
Gnadenfrist	noun
gnadenlos	adjective
Grausamkeit	noun
gravierend	adjective
greifbar	adjective
grenzenlos	adjective
Größenordnung	noun
Großhandel	noun
Großmut	noun
grotesk	adjective
Grundhaltung	noun
grundlegend	adjective
Gründlichkeit	noun
Grundrecht	noun
Grundsatz	noun
grundsätzlich	adjective
Grundversorgung	noun
gruppieren	verb
Gunst	noun
Gutachten	noun
gutgläubig	adjective
gutheißen	verb
Gutmütigkeit	noun
gutschreiben	verb
haarsträubend	adjective
habgierig	adjective
Haftbefehl	noun
Haftung	noun
halbherzig	adjective
Halbwahrheit	noun
haltlos	adjective
Haltung	noun
Handelsabkommen	noun
Handhabung	noun
hanebüchen	verb
harmonisch	adjective
hartnäckig	adjective
Hartnäckigkeit	noun
Häufigkeit	noun
Hauptaugenmerk	noun
haushalten	verb
Hausse	noun
hegen	verb
Heilmittel	noun
Heimtücke	noun
hemmen	verb
hemmend	adjective
Hemmschwelle	noun
hemmungslos	adjective
herablassend	adjective
Herangehensweise	noun
heraufbeschwören	verb
herausfinden	verb
herauskristallisieren	verb
herausragen	verb
herausragend	adjective
herausstellen	verb
herb	adjective
herbeiführen	verb
herbeisehnen	verb
herkömmlich	adjective
herunterwirtschaften	verb
hervorgehen	verb
hervorheben	verb
hervorstechen	verb
hervortun	verb
Herzlichkeit	noun
Heuchelei	noun
Hierarchie	noun
Hierarchieebene	noun
Hilfsbereitschaft	noun
hinauszögern	verb
hinfällig	adjective
Hingabe	noun
hinreichend	adjective
Hinrichtung	noun
Hinsicht	noun
hinterfragen	verb
hintergründig	adjective
Hinterhalt	noun
hinterhältig	adjective
hinterziehen	verb
Hochkonjunktur	noun
Hochmut	noun
hochnäsig	adjective
hochrechnen	verb
hochschrauben	verb
hochtrabend	adjective
Höflichkeitsfloskel	noun
honorieren	verb
horchen	verb
Hörensagen	noun
huldigen	verb
human	adjective
Hürde	noun
Hygiene	noun
Hypothek	noun
Hypothese	noun
Idealismus	noun
Identifikation	noun
identifizieren	verb
Identität	noun
idyllisch	adjective
Ignoranz	noun
illegal	adjective
illegitim	adjective
Illusion	noun
illustrieren	verb
Imageschaden	noun
immigrieren	verb
Immunsystem	noun
implementieren	verb
imposant	adjective
improvisieren	verb
Impuls	noun
inakzeptabel	adjective
Inbetriebnahme	noun
Indikator	noun
indiskutabel	adjective
individualisieren	verb
Individualität	noun
Indiz	noun
Ineffizienz	noun
inexistent	adjective
infizieren	verb
inflationär	adjective
informell	adjective
Infrastruktur	noun
Inhaftierung	noun
inhuman	adjective
Initiative	noun
initiieren	verb
inkompetent	adjective
inkonsequent	adjective
Inkonsequenz	noun
Innovation	noun
inspizieren	verb
Instandhaltung	noun
inständig	adjective
Instanz	noun
instruieren	verb
Integration	noun
integrativ	adjective
integrieren	verb
Integrität	noun
Intellekt	noun
intensivieren	verb
Interessenkonflikt	noun
Interpretation	noun
intervenieren	verb
Intoleranz	noun
intrigant	adjective
Intrige	noun
Intuition	noun
Inventar	noun
Investor	noun
Ironie	noun
irreführend	adjective
irreparabel	adjective
irritieren	verb
irrsinnig	adjective
Jahresabschluss	noun
Jahresumsatz	noun
justieren	verb
Justizirrtum	noun
Kalkulation	noun
kalkulieren	verb
Kaltblütigkeit	noun
kaltschnäuzig	adjective
kanalisieren	verb
Kapazität	noun
Kapitulation	noun
kapitulieren	verb
kapriziös	adjective
karitativ	adjective
kaschieren	verb
katalogisieren	verb
Katalysator	noun
katastrophal	adjective
Kaufkraft	noun
Kausalität	noun
Kehrtwende	noun
Kernkraft	noun
Kettenreaktion	noun
Kinderarmut	noun
Klarheit	noun
klassifizieren	verb
Klausel	noun
Kleinigkeit	noun
Klientel	noun
Klimaschutz	noun
Klischee	noun
Knappheit	noun
Koexistenz	noun
Kohäsion	noun
kokettieren	verb
Kollaps	noun
kollidieren	verb
kommentieren	verb
Kompensation	noun
kompensieren	verb
kompetent	adjective
Kompetenz	noun
Komplexität	noun
Komplikation	noun
Kompliment	noun
Komplott	noun
kompromissbereit	adjective
kompromisslos	adjective
konfiszieren	verb
konfliktscheu	adjective
konform	adjective
Konfrontation	noun
konfrontieren	verb
Konjunktur	noun
konkretisieren	verb
Konkurrenz	noun
konsequent	adjective
Konsequenz	noun
Konsolidierung	noun
Konspiration	noun
konstruieren	verb
konstruktiv	adjective
kontern	verb
Kontext	noun
Kontingent	noun
kontinuierlich	adjective
Kontinuität	noun
Kontrahent	noun
kontraproduktiv	adjective
kontrastieren	verb
Kontrollverlust	noun
kontrovers	adjective
Kontroverse	noun
Konvention	noun
konvertieren	verb
Konzentration	noun
Konzeption	noun
Kooperation	noun
Kooperationsbereitschaft	noun
kooperieren	verb
Koordination	noun
koordinieren	verb
Kopfzerbrechen	noun
Körperschaft	noun
Korrektur	noun
korrelieren	verb
korrupt	adjective
Kostenaufwand	noun
kostspielig	adjective
Kraftakt	noun
Kreativität	noun
Kreislaufwirtschaft	noun
kriminell	adjective
Krisenmanagement	noun
Kriterium	noun
Krönung	noun
Kulanz	noun
Kulturerbe	noun
Kundgebung	noun
Kundschaft	noun
Kuriosität	noun
kursieren	verb
Kursverlust	noun
Kurswechsel	noun
Kurzfassung	noun
kurzlebig	adjective
kurzweilig	adjective
lahmlegen	verb
Laie	noun
lancieren	verb
Landschaftsschutz	noun
langfristig	adjective
Langlebigkeit	noun
lapidar	adjective
lästerlich	adjective
latent	adjective
lau	adjective
Laufbahn	noun
lebensbejahend	adjective
Lebensgefährte	noun
Lebenshaltungskosten	noun
Lebenslage	noun
Lebenswandel	noun
Lebhaftigkeit	noun
Leerstand	noun
Legalisierung	noun
Legende	noun
legitimieren	verb
leichtfertig	adjective
Leichtfertigkeit	noun
leichtgläubig	adjective
leidlich	adjective
Leitfaden	noun
Leitlinie	noun
Lernbereitschaft	noun
Leseverständnis	noun
liberalisieren	verb
Liberalisierung	noun
Lichtblick	noun
Liebhaber	noun
liquidieren	verb
Lobby	noun
Lockerung	noun
Logistik	noun
Lohnerhöhung	noun
lokalisieren	verb
losbrechen	verb
loseisen	verb
loslegen	verb
lossagen	verb
lostreten	verb
Loyalität	noun
lukrativ	adjective
Machbarkeit	noun
Machtmissbrauch	noun
Machtübernahme	noun
makaber	adjective
Makel	noun
makellos	adjective
Manipulation	noun
manipulativ	adjective
Marktanteil	noun
Marktlücke	noun
Marktwirtschaft	noun
Massenproduktion	noun
maßgeblich	adjective
maßgeschneidert	adjective
Maßnahmenkatalog	noun
Maßstab	noun
Materialismus	noun
Mäzen	noun
Mediation	noun
Medienlandschaft	noun
Mehraufwand	noun
mehrdeutig	adjective
Meilenstein	noun
Meinungsaustausch	noun
Meinungsverschiedenheit	noun
menschenverachtend	adjective
Menschenwürde	noun
Mentalität	noun
mildern	verb
Milderung	noun
minderjährig	adjective
Minderung	noun
minimieren	verb
Missachtung	noun
Missbilligung	noun
missbrauchen	verb
missdeuten	verb
Missgeschick	noun
Missgunst	noun
Misshandlung	noun
missmutig	adjective
missraten	verb
Missstand	noun
misstrauisch	adjective
Mitbestimmung	noun
Mitspracherecht	noun
mittellos	adjective
Mittelmaß	noun
Mittelpunkt	noun
Mitverantwortung	noun
mitwirken	verb
mobilisieren	verb
Mobilität	noun
modernisieren	verb
Modernisierung	noun
modifizieren	verb
Monopol	noun
monopolisieren	verb
monoton	adjective
moralisch	adjective
Moralvorstellung	noun
Motivationsschreiben	noun
motivieren	verb
mühselig	adjective
Mündigkeit	noun
Mundpropaganda	noun
Mutmaßung	noun
Mutterschaft	noun
mutwillig	adjective
Nachahmung	noun
nachbessern	verb
Nachdruck	noun
nachdrücklich	adjective
nacheifern	verb
nachempfinden	verb
Nachfolge	noun
nachhaken	verb
Nachhall	noun
Nachhaltigkeit	noun
nachjustieren	verb
nachkommen	verb
Nachlass	noun
Nachlässigkeit	noun
Nachsicht	noun
nachspüren	verb
Nächstenliebe	noun
nachtrauern	verb
nachvollziehbar	adjective
nachvollziehen	verb
nachweisen	verb
nachwirken	verb
Nachwirkung	noun
Nachwuchs	noun
nachzeichnen	verb
naheliegend	adjective
Nährboden	noun
Naivität	noun
Nebeneffekt	noun
Nebensache	noun
nebulös	adjective
Neigung	noun
Nervenkitzel	noun
Nettoeinkommen	noun
Neuauflage	noun
Neuerung	noun
Neugier	noun
neutralisieren	verb
Neutralität	noun
nichtssagend	adjective
Niederlassung	noun
niederschreiben	verb
niederträchtig	adjective
Niedriglohn	noun
Nische	noun
nivellieren	verb
Norm	noun
Normalität	noun
normieren	verb
Nostalgie	noun
notdürftig	adjective
Notlösung	noun
notorisch	adjective
Notstand	noun
Notwendigkeit	noun
nuancieren	verb
Nuancierung	noun
Obhut	noun
objektiv	adjective
Objektivität	noun
obligatorisch	adjective
Obrigkeit	noun
Offenheit	noun
offenkundig	adjective
offenlegen	verb
Ohnmacht	noun
operationalisieren	verb
opportun	verb
optimieren	verb
Optimierung	noun
Ordnungswidrigkeit	noun
Organisationsstruktur	noun
outen	verb
paktieren	verb
Pandemie	noun
Pannenhilfe	noun
paradox	adjective
Parallelgesellschaft	noun
paralysieren	verb
parteiisch	adjective
Parteinahme	noun
Passivität	noun
patentieren	verb
Patentrezept	noun
Patriotismus	noun
pauschal	adjective
Pauschale	noun
pauschalisieren	verb
penibel	adjective
perfektionieren	verb
Perspektive	noun
Pessimismus	noun
Pflichtbewusstsein	noun
Phänomen	noun
Pionier	noun
plädieren	verb
Plagiat	noun
plakativ	adjective
Planwirtschaft	noun
plausibel	adjective
plump	adjective
Pluralismus	noun
polarisieren	verb
Polemik	noun
polemisch	adjective
polemisieren	verb
positionieren	verb
Potenzial	noun
Präferenz	noun
pragmatisch	adjective
präsentieren	verb
Präsenz	noun
präsidieren	verb
Prävention	noun
Präzedenzfall	noun
Preisnachlass	noun
Preisschwankung	noun
prekär	adjective
Pressefreiheit	noun
Prestige	noun
Prinzip	noun
priorisieren	verb
Priorität	noun
Privatisierung	noun
Privatsphäre	noun
Probelauf	noun
Produktivität	noun
Profit	noun
profitieren	verb
Prognose	noun
proklamieren	verb
propagieren	verb
Prophezeiung	noun
Proportion	noun
Protagonist	noun
protokollieren	verb
provokant	adjective
Provokation	noun
provozieren	verb
Prozessordnung	noun
Prüfstein	noun
prunkvoll	adjective
Psyche	noun
publik	adjective
publizieren	verb
Pünktlichkeit	noun
puristisch	adjective
quantifizieren	verb
Querschnitt	noun
Quintessenz	noun
Rachsucht	noun
radikal	adjective
Radikalisierung	noun
Radius	noun
raffiniert	adjective
ramponieren	verb
Randerscheinung	noun
Randgruppe	noun
Rangordnung	noun
ranken	verb
rastlos	adjective
Ratenkauf	noun
ratifizieren	verb
rational	adjective
rationalisieren	verb
Rationalität	noun
rationieren	verb
realistisch	adjective
realitätsfern	adjective
realitätsnah	adjective
Realitätsverlust	noun
Rechenschaft	noun
rechtens	adjective
rechtfertigen	verb
Rechtfertigung	noun
rechtmäßig	adjective
rechtskräftig	adjective
Rechtsstaat	noun
Redefreiheit	noun
redegewandt	adjective
Redewendung	noun
Redlichkeit	noun
redselig	adjective
reflektieren	verb
Reformbedarf	noun
reformieren	verb
Regelung	noun
Regelwerk	noun
Regeneration	noun
regenerieren	verb
regieren	verb
reglementieren	verb
Reglementierung	noun
Regsamkeit	noun
Rehabilitation	noun
rehabilitieren	verb
Reibungspunkt	noun
Reichhaltigkeit	noun
Reifeprozess	noun
reinwaschen	verb
Reiseandenken	noun
rekonstruieren	verb
Rekonstruktion	noun
rekrutieren	verb
Relation	noun
relativieren	verb
Relevanz	noun
renaturieren	verb
Rentabilität	noun
Repertoire	noun
Repräsentant	noun
repräsentativ	adjective
Repressalie	noun
reproduzieren	verb
Resignation	noun
resolut	adjective
Resonanz	noun
Ressource	noun
Ressourcenknappheit	noun
Restriktion	noun
Resultat	noun
resultieren	verb
resümieren	verb
Rettungsaktion	noun
Reue	noun
Revanche	noun
revanchieren	verb
rezensieren	verb
Rezession	noun
Richtwert	noun
rigide	adjective
Risikobereitschaft	noun
Ritual	noun
rivalisieren	verb
Rivalität	noun
Routineuntersuchung	noun
routiniert	adjective
Rückgang	noun
Rückgrat	noun
Rückhalt	noun
Rücklage	noun
Rückmeldung	noun
Rückschlag	noun
Rückschritt	noun
rückschrittlich	adjective
Rücksichtnahme	noun
Rückstand	noun
Rücktritt	noun
rückversichern	verb
Rückzug	noun
rüde	adjective
Rüge	noun
Ruhm	noun
ruhmreich	adjective
rustikal	adjective
Sabotage	noun
sachdienlich	adjective
Sachkenntnis	noun
sachkundig	adjective
Sachlage	noun
sachlich	adjective
Sachlichkeit	noun
Sachverständige	noun
salopp	adjective
Sammelsurium	noun
Sanftmut	noun
Sanktion	noun
sanktionieren	verb
sattelfest	adjective
Schadenfreude	noun
Schadensersatz	noun
schadstoffarm	adjective
scharfsinnig	adjective
schätzen	verb
Schätzung	noun
Schauder	noun
Scheinheiligkeit	noun
Schikane	noun
Schlagfertigkeit	noun
Schlamperei	noun
schlichten	verb
Schlichtung	noun
schlussfolgern	verb
Schlussfolgerung	noun
Schlussstrich	noun
Schmach	noun
schmälern	verb
Schmeichelei	noun
Schmerzensgeld	noun
Schnittmenge	noun
Schöffe	noun
Schonfrist	noun
Schönheitsideal	noun
Schöpfer	noun
Schranke	noun
Schuldgefühl	noun
Schuldzuweisung	noun
schwächen	verb
Schwankung	noun
Schwarzarbeit	noun
Schweigepflicht	noun
Schwerelosigkeit	noun
Schwermut	noun
Schwerpunkt	noun
schwerwiegend	adjective
schwinden	verb
Sehnsucht	noun
Selbstachtung	noun
Selbstbeherrschung	noun
Selbstbestimmung	noun
Selbstdisziplin	noun
Selbsteinschätzung	noun
Selbsterhaltung	noun
selbstgefällig	adjective
Selbstgefälligkeit	noun
Selbstironie	noun
Selbstkritik	noun
selbstkritisch	adjective
selbstlos	adjective
Selbstlosigkeit	noun
selbstredend	adjective
Selbstüberschätzung	noun
Selbstverwirklichung	noun
Selbstzweifel	noun
Seltenheit	noun
sensibilisieren	verb
Sensibilität	noun
Sentimentalität	noun
Serienproduktion	noun
Sicherheitsvorkehrung	noun
Sichtweise	noun
Signalwirkung	noun
signieren	verb
sinnbildlich	adjective
Sinneswandel	noun
Sittlichkeit	noun
sittsam	adjective
Sitzstreik	noun
skandalös	adjective
Skepsis	noun
skizzieren	verb
Skrupel	noun
skrupellos	adjective
solidarisieren	verb
Solidarität	noun
Sorgfalt	noun
souverän	adjective
Sozialleistung	noun
Sozialstaat	noun
Spektrum	noun
Spekulation	noun
spekulativ	adjective
spezialisieren	verb
spezifizieren	verb
spiegeln	verb
Spielraum	noun
Spielverlauf	noun
Spitzenreiter	noun
spitzfindig	adjective
Spontaneität	noun
sporadisch	adjective
Sportsgeist	noun
Sprachbarriere	noun
Sprachgefühl	noun
Sprungbrett	noun
staatlich	adjective
Staatsbürgerschaft	noun
Staatsverschuldung	noun
stabilisieren	verb
Stabilität	noun
Stagnation	noun
stagnieren	verb
Stammkundschaft	noun
standardisieren	verb
Standfestigkeit	noun
Standhaftigkeit	noun
Standpauke	noun
starrsinnig	adjective
stationieren	verb
Stellungnahme	noun
stellvertretend	adjective
Stereotyp	noun
Steuerhinterziehung	noun
Steuerlast	noun
Steuerung	noun
Stichhaltigkeit	noun
stichprobenartig	adjective
stiefmütterlich	adjective
stigmatisieren	verb
stilecht	adjective
stilisieren	verb
stillschweigend	adjective
Stillstand	noun
stimmig	adjective
Stimmungsmache	noun
Stolperstein	noun
strafbar	adjective
straffen	verb
Strapaze	noun
strapaziös	adjective
Strategie	noun
Streitfrage	noun
Streitkultur	noun
strikt	adjective
strotzen	verb
strukturieren	verb
Strukturwandel	noun
stupide	adjective
subjektiv	adjective
Subjektivität	noun
sublimieren	verb
Subvention	noun
subventionieren	verb
Sühne	noun
suspekt	adjective
Symbiose	noun
Symbolik	noun
symbolisieren	verb
Sympathie	noun
sympathisieren	verb
synchronisieren	verb
Synthese	noun
systematisch	adjective
systematisieren	verb
Tabubruch	noun
tabuisieren	verb
tadellos	adjective
Tagtraum	noun
Taktgefühl	noun
taktieren	verb
Taktik	noun
Talfahrt	noun
Tatendrang	noun
tatkräftig	adjective
Täuschung	noun
taxieren	verb
Teamgeist	noun
Teilhabe	noun
Teilzeitbeschäftigung	noun
temperieren	verb
Tendenz	noun
thematisieren	verb
Theorienbildung	noun
tiefgreifend	adjective
tiefgründig	adjective
Tiefpunkt	noun
titulieren	verb
Toleranz	noun
tolerieren	verb
tonangebend	adjective
Torschlusspanik	noun
Tragödie	noun
transformieren	verb
Transparenz	noun
Tratsch	noun
Trauma	noun
Treffsicherheit	noun
Treibhausgas	noun
Trennlinie	noun
trivialisieren	verb
Trübsal	noun
Trugbild	noun
trügerisch	adjective
trumpfen	verb
tückisch	adjective
Tugend	noun
tugendhaft	adjective
Turbulenz	noun
Übeltäter	noun
überantworten	verb
überarbeiten	verb
Überbevölkerung	noun
Überbleibsel	noun
überdenken	verb
übereignen	verb
Übereinkunft	noun
übereinstimmen	verb
Übereinstimmung	noun
Überfluss	noun
Überforderung	noun
überfrachten	verb
Übergangslösung	noun
Übergangsphase	noun
überhandnehmen	verb
überhäufen	verb
überheblich	adjective
Überheblichkeit	noun
überlagern	verb
Überlegenheit	noun
Überlieferung	noun
überlisten	verb
Übermacht	noun
übermannen	verb
Übermaß	noun
übermenschlich	adjective
Überproduktion	noun
überrumpeln	verb
überschatten	verb
überschneiden	verb
überschreiben	verb
Überschuss	noun
überschwänglich	adjective
übersiedeln	verb
überspannen	verb
überspielen	verb
überstrapazieren	verb
überstürzen	verb
Übertreibung	noun
übertrumpfen	verb
übervorteilen	verb
überwachen	verb
Überwachung	noun
überwinden	verb
Überwindung	noun
überwuchern	verb
überzeugend	adjective
Üblichkeit	noun
Umbau	noun
Umbruch	noun
umfangreich	adjective
umfassen	verb
umfunktionieren	verb
umgestalten	verb
Umgestaltung	noun
umhüllen	verb
umkrempeln	verb
ummünzen	verb
umreißen	verb
umschiffen	verb
umschreiben	verb
Umschulung	noun
umschwenken	verb
Umschwung	noun
umsetzen	verb
Umsetzung	noun
Umsicht	noun
umsichtig	adjective
umsorgen	verb
umspannen	verb
Umstand	noun
Umstellung	noun
umstoßen	verb
umstrukturieren	verb
Umstrukturierung	noun
Umwälzung	noun
umwerben	verb
unabdingbar	adjective
unablässig	adjective
unangebracht	adjective
unangefochten	adjective
Unannehmlichkeit	noun
unantastbar	adjective
Unantastbarkeit	noun
Unart	noun
unaufgefordert	adjective
unausgereift	adjective
unausweichlich	adjective
unbedarft	adjective
unbedenklich	adjective
unbefangen	adjective
unbegründet	adjective
Unbehagen	noun
unbehelligt	adjective
unbeirrt	adjective
unbescholten	adjective
Unbeschwertheit	noun
unbestechlich	adjective
unbestreitbar	adjective
Undankbarkeit	noun
undurchsichtig	adjective
unentbehrlich	adjective
unentschlossen	adjective
Unentschlossenheit	noun
unerbittlich	adjective
unerfindlich	adjective
unergiebig	adjective
unerhört	adjective
unerlässlich	adjective
unermüdlich	adjective
unerschöpflich	adjective
unerschrocken	adjective
unerschütterlich	adjective
unersetzlich	adjective
unfehlbar	adjective
Unfehlbarkeit	noun
Unfug	noun
ungeachtet	adjective
ungebrochen	adjective
ungehalten	adjective
ungehemmt	adjective
ungeheuer	adjective
ungerechtfertigt	adjective
Ungerechtigkeit	noun
Ungereimtheit	noun
ungeschminkt	adjective
ungestüm	adjective
ungetrübt	adjective
Ungewissheit	noun
ungezwungen	adjective
Ungleichgewicht	noun
Ungleichheit	noun
Unheil	noun
Unkenntnis	noun
unlauter	adjective
unliebsam	adjective
unmissverständlich	adjective
unmittelbar	adjective
unmoralisch	adjective
Unmut	noun
unnachahmlich	adjective
unnachgiebig	adjective
unparteiisch	adjective
unrechtmäßig	adjective
Unruhe	noun
Unruhestifter	noun
unscheinbar	adjective
unschlüssig	adjective
Unschuld	noun
unstillbar	adjective
unstrittig	adjective
untadelig	adjective
Untat	noun
unterbewerten	verb
Unterbewusstsein	noun
Unterbrechung	noun
Unterdrückung	noun
Untergebene	noun
untergraben	verb
Untergrabung	noun
Unterhaltszahlung	noun
unterjochen	verb
Unterlassung	noun
unterliegen	verb
untermalen	verb
untermauern	verb
Untermauerung	noun
unterminieren	verb
Unternehmergeist	noun
Unterordnung	noun
unterschwellig	adjective
Untertreibung	noun
unterwandern	verb
Unterwanderung	noun
Unterwürfigkeit	noun
untragbar	adjective
untrennbar	adjective
Untugend	noun
unumgänglich	adjective
unumwunden	adjective
unverblümt	adjective
unverfälscht	adjective
Unverfrorenheit	noun
unvergleichlich	adjective
unverhältnismäßig	adjective
unverhofft	adjective
unverkennbar	adjective
unvermeidlich	adjective
unvermindert	adjective
Unvermögen	noun
Unversehrtheit	noun
unversöhnlich	adjective
unverwüstlich	adjective
unverzichtbar	adjective
Unverzichtbarkeit	noun
unvoreingenommen	adjective
unwiderruflich	adjective
unwirtlich	adjective
Unwissenheit	noun
Unzulänglichkeit	noun
unzulässig	adjective
unzweifelhaft	adjective
urbanisieren	verb
Urheber	noun
Urheberrecht	noun
Urteilsvermögen	noun
usurpieren	verb
utopisch	adjective
Utopist	noun
validieren	verb
Variante	noun
Variation	noun
variieren	verb
Vaterschaft	noun
vegetieren	verb
Vehemenz	noun
verabsäumen	verb
Verachtung	noun
verankern	verb
Verankerung	noun
Veranlagung	noun
veranlassen	verb
veranschaulichen	verb
Verantwortlichkeit	noun
Verantwortungsbewusstsein	noun
verarbeiten	verb
Verarmung	noun
Verausgabung	noun
verbalisieren	verb
Verbannung	noun
verbarrikadieren	verb
verbindlich	adjective
Verbindlichkeit	noun
verbissen	verb
Verbitterung	noun
verblüffend	adjective
Verblüffung	noun
verbrüdern	verb
Verbundenheit	noun
verbürgen	verb
Verdacht	noun
Verdachtsmoment	noun
verdeutlichen	verb
verdichten	verb
verdinglichen	verb
verdrängen	verb
Verdrängung	noun
verdrießen	verb
veredeln	verb
Verehrung	noun
Vereinbarkeit	noun
vereinen	verb
Vereinfachung	noun
Vereinheitlichung	noun
Vereinsamung	noun
vereiteln	verb
Vereitelung	noun
verengen	verb
verfänglich	adjective
verfassen	verb
Verfassung	noun
verfechten	verb
Verfehlung	noun
verfeinden	verb
Verfeinerung	noun
verfestigen	verb
Verflachung	noun
verflechten	verb
verflüchtigen	verb
Verfremdung	noun
Verfügung	noun
Vergänglichkeit	noun
vergegenständlichen	verb
Vergeltung	noun
vergewaltigen	verb
vergleichbar	adjective
Vergünstigung	noun
Vergütung	noun
verhältnismäßig	adjective
verhängnisvoll	adjective
verharmlosen	verb
verheerend	adjective
verherrlichen	verb
Verherrlichung	noun
verinnerlichen	verb
Verinnerlichung	noun
verkennen	verb
Verkettung	noun
verklären	verb
Verklärung	noun
Verknappung	noun
verkomplizieren	verb
verkörpern	verb
verkraftbar	adjective
Verkündung	noun
Verlagerung	noun
Verlässlichkeit	noun
verlautbaren	verb
Verlegenheit	noun
verleiten	verb
Verleumdung	noun
Verlockung	noun
Vermarktung	noun
vermasseln	verb
Vermehrung	noun
vermessen	adjective
Vermessenheit	noun
Vermischung	noun
vermitteln	verb
Vermittler	noun
vernachlässigen	verb
Vernachlässigung	noun
vernebeln	verb
Verneinung	noun
Vernetzung	noun
Verödung	noun
verpflichten	verb
verpönen	verb
verpönt	adjective
verquicken	verb
Verrat	noun
Verrenkung	noun
versachlichen	verb
Versachlichung	noun
verschandeln	verb
verschärfen	verb
Verschiebung	noun
verschlechtern	verb
Verschlechterung	noun
verschleiern	verb
Verschleierung	noun
Verschleiß	noun
verschleppen	verb
verschmähen	verb
Verschmelzung	noun
verschränken	verb
verschroben	verb
Verschwiegenheit	noun
Verschwörung	noun
verselbstständigen	verb
versiert	adjective
versinnbildlichen	verb
Versöhnlichkeit	noun
Versorgung	noun
Verstaatlichung	noun
Verständigung	noun
verstärken	verb
verstohlen	adjective
verstricken	verb
Verstrickung	noun
Verteidigung	noun
Verteilung	noun
verteufeln	verb
Vertiefung	noun
Vertragsbruch	noun
Vertrautheit	noun
Vertretbarkeit	noun
vertrösten	verb
Vertuschung	noun
Verunsicherung	noun
vervollkommnen	verb
Verwahrlosung	noun
verwässern	verb
verweben	verb
verwegen	adjective
verweisen	verb
verwerfen	verb
verwerflich	adjective
Verwerfung	noun
Verwertung	noun
verwirken	verb
verwirklichen	verb
Verwirklichung	noun
Verwirrung	noun
verzahnen	verb
Verzahnung	noun
Verzerrung	noun
verzetteln	verb
Verzicht	noun
verzweifeln	verb
Verzweiflung	noun
verzwickt	adjective
Vetternwirtschaft	noun
Vielfalt	noun
vielversprechend	adjective
virtuos	adjective
Vision	noun
Volksabstimmung	noun
Volksvertreter	noun
vollends	adjective
volljährig	adjective
Vollmacht	noun
Vollständigkeit	noun
vollstrecken	verb
vollumfänglich	adjective
vollziehen	verb
Vorahnung	noun
vorantreiben	verb
voraussetzen	verb
Voraussicht	noun
Vorbehaltlosigkeit	noun
Vorbeugung	noun
vorbildlich	adjective
voreingenommen	verb
Voreingenommenheit	noun
Vorenthaltung	noun
vorgaukeln	verb
vorgefertigt	adjective
vorgreifen	verb
vorherbestimmen	verb
Vorherrschaft	noun
vorherrschend	adjective
Vorhut	noun
Vorkehrung	noun
vorliegen	verb
Vormachtstellung	noun
Vormarsch	noun
vornehmen	verb
vorprogrammieren	verb
Vorrang	noun
vorrangig	adjective
Vorreiter	noun
Vorsatz	noun
vorschieben	verb
vorschnell	adjective
Vorschub	noun
vorschweben	verb
vortasten	verb
Vortäuschung	noun
vorweisen	verb
Wagemut	noun
wagemutig	adjective
Wahlbeteiligung	noun
Wahlversprechen	noun
wahren	verb
Wahrhaftigkeit	noun
Wahrnehmung	noun
Währungsunion	noun
Wankelmut	noun
Wechselbad	noun
wechselseitig	adjective
Wechselwirkung	noun
Wegbereiter	noun
wegweisend	adjective
Wehmut	noun
Weichenstellung	noun
Weitblick	noun
Weiterbildung	noun
weitgehend	adjective
weitverbreitet	adjective
Weltanschauung	noun
Weltbild	noun
Weltgeschehen	noun
weltoffen	verb
Wertewandel	noun
Wertigkeit	noun
Wertschätzung	noun
Wertung	noun
Wesen	noun
Wesensart	noun
wettbewerbsfähig	adjective
Wettbewerbsfähigkeit	noun
wettmachen	verb
widerfahren	verb
widerlegen	verb
widersprechen	verb
widersprüchlich	adjective
Widerstand	noun
widmen	verb
wiederbeleben	verb
Wiederbelebung	noun
Wiedereingliederung	noun
wiederherstellen	verb
wiedervereinigen	verb
Willenskraft	noun
Willkür	noun
willkürlich	adjective
wirklichkeitsfremd	adjective
wirkungsvoll	adjective
Wissensdurst	noun
Wohlbefinden	noun
Wohlergehen	noun
Wohlstand	noun
wohlüberlegt	adjective
Wohlwollen	noun
wohlwollend	adjective
Wortgefecht	noun
Wortlaut	noun
Würdigung	noun
zahlungsfähig	adjective
zahlungsunfähig	adjective
Zahlungsunfähigkeit	noun
zeitgemäß	adjective
Zeitgeschehen	noun
zeitkritisch	adjective
Zeitmangel	noun
zeitraubend	adjective
Zeitzeuge	noun
zelebrieren	verb
zensieren	verb
zentralisieren	verb
Zerfall	noun
zergliedern	verb
Zergliederung	noun
zerknirscht	adjective
zermürben	verb
zermürbend	adjective
Zermürbung	noun
zerpflücken	verb
zerrütten	verb
zersiedeln	verb
Zersiedelung	noun
Zersplitterung	noun
zertifizieren	verb
zielführend	adjective
Zielsetzung	noun
Zielstrebigkeit	noun
zirkulieren	verb
Zivilgesellschaft	noun
Zivilisation	noun
zubilligen	verb
Züchtung	noun
Zufriedenheit	noun
zugänglich	adjective
Zugehörigkeit	noun
zugespitzt	adjective
Zugeständnis	noun
zugestehen	verb
Zugkraft	noun
zugutekommen	verb
zukunftsfähig	adjective
zukunftsträchtig	adjective
zulässig	adjective
Zulauf	noun
zulaufen	verb
zumessen	verb
Zumutbarkeit	noun
Zumutung	noun
zunehmend	adjective
zuordnen	verb
Zurechnungsfähigkeit	noun
zurechtweisen	verb
zurückführen	verb
zurückhalten	verb
Zurückhaltung	noun
zurückschrecken	verb
Zusage	noun
zusammenhängen	verb
Zusammenschluss	noun
zusammenschweißen	verb
Zusammenspiel	noun
zuschulden	verb
Zuschuss	noun
zusehends	adjective
zuspitzen	verb
Zuspitzung	noun
Zuständigkeit	noun
zuträglich	adjective
zutreffen	verb
zutreffend	adjective
Zuverlässigkeit	noun
Zuversicht	noun
zuvor	adjective
Zuwachs	noun
zuwenden	verb
Zuwendung	noun
Zuwiderhandlung	noun
zuwiderlaufen	verb
zwanghaft	adjective
Zwangslage	noun
zweckdienlich	adjective
zweckentfremden	verb
Zweckentfremdung	noun
zweckmäßig	adjective
Zweckmäßigkeit	noun
Zwiespalt	noun
zwiespältig	adjective
Zwietracht	noun
Zwischenbilanz	noun
Zwischenmenschlichkeit	noun
zynisch	adjective
Zynismus	noun
aberkennen	verb
abgehoben	verb
Abgeklärtheit	noun
abgrundtief	adjective
abkanzeln	verb
absehbar	adjective
abstrahieren	verb
abstrus	adjective
Absurdität	noun
abtrünnig	adjective
Abwägung	noun
adeln	verb
adrett	adjective
Affront	noun
Agilität	noun
Akkuratesse	noun
Aktionismus	noun
Akzeptanz	noun
alimentieren	verb
Alleingang	noun
Allgemeingut	noun
allumfassend	adjective
Altlast	noun
altruistisch	adjective
amalgamieren	verb
Ambivalenz	noun
Analogie	noun
Anhaltspunkt	noun
anmahnen	verb
Anmaßung	noun
Annäherung	noun
Annalen	noun
Anomalie	noun
anprangern	verb
ansatzweise	adjective
Anspielung	noun
Ansporn	noun
apathisch	adjective
apolitisch	adjective
apostrophieren	verb
approbieren	verb
Äquivalent	noun
Arglist	noun
arglos	adjective
Argwohn	noun
artifiziell	adjective
asketisch	adjective
attestieren	verb
Auffassung	noun
Aufgeschlossenheit	noun
aufoktroyieren	verb
aufwerten	verb
Aufwind	noun
augenfällig	adjective
ausdrücklich	adjective
Ausgeglichenheit	noun
ausgemacht	adjective
ausgewogen	verb
Ausgewogenheit	noun
ausklammern	verb
Auslese	noun
ausloten	verb
Ausnahmezustand	noun
Ausprägung	noun
Aussagekraft	noun
autark	adjective
Autarkie	noun
Authentizität	noun
avancieren	verb
Bagatelle	noun
bagatellisieren	verb
Ballast	noun
Bedachtsamkeit	noun
befangen	adjective
Befindlichkeit	noun
beflissen	verb
Begleiterscheinung	noun
behäbig	adjective
Behäbigkeit	noun
beharrlich	adjective
beileibe	adjective
beipflichten	verb
bekömmlich	adjective
bekräftigen	verb
Belange	noun
Beliebigkeit	noun
beredt	adjective
besagt	adjective
bestechlich	adjective
Beweggrund	noun
Bezugspunkt	noun
bieder	adjective
Bigotterie	noun
bisweilen	verb
Bittsteller	noun
blasiert	adjective
Blendwerk	noun
bodenständig	adjective
Bonmot	noun
Bredouille	noun
brillieren	verb
Bürde	noun
Charakterzug	noun
chargieren	verb
Chuzpe	noun
Credo	noun
deeskalieren	verb
degradieren	verb
Dekadenz	noun
deklassieren	verb
delegitimieren	verb
delikat	adjective
Demagogie	noun
dementieren	verb
demontieren	verb
demütig	adjective
Denkmuster	noun
denunzieren	verb
depravieren	verb
desavouieren	verb
desillusionieren	verb
despektierlich	adjective
destabilisieren	verb
Deutungshoheit	noun
devot	adjective
Dezenz	noun
dezidiert	adjective
differenzierend	adjective
Differenzierung	noun
diffizil	adjective
diffus	adjective
Diskrepanz	noun
diskursiv	adjective
Dissens	noun
dissonant	adjective
dissoziieren	verb
Distinktion	noun
Divergenz	noun
divergieren	verb
Dogmatismus	noun
Doppelbödigkeit	noun
Drahtzieher	noun
Dreistigkeit	noun
dröge	adjective
Dünkel	noun
durchleuchten	verb
echauffieren	verb
Effekthascherei	noun
effektvoll	adjective
Eigenbrötler	noun
eigenbrötlerisch	adjective
Eigendynamik	noun
Eigengesetzlichkeit	noun
Eigenheit	noun
Eigeninitiative	noun
Eigensinn	noun
eigensinnig	adjective
eigenwillig	adjective
eindringlich	adjective
Einfallsreichtum	noun
Einfältigkeit	noun
Eingebundenheit	noun
Eingeständnis	noun
Einhelligkeit	noun
einschlägig	adjective
Einsilbigkeit	noun
Eintönigkeit	noun
elegisch	adjective
elektrisieren	verb
eliminieren	verb
eloquent	adjective
Eloquenz	noun
emanzipieren	verb
eminent	adjective
Empfindsamkeit	noun
empirisch	adjective
Engstirnigkeit	noun
enigmatisch	adjective
entkräften	verb
entrückt	adjective
Entsagung	noun
enttabuisieren	verb
entzaubern	verb
Entzweiung	noun
Ephemere	noun
epochal	adjective
erbaulich	adjective
erdreisten	verb
ergiebig	adjective
ergötzen	verb
ergründen	verb
Erhabenheit	noun
erhärten	verb
Erhellung	noun
erkenntnisreich	adjective
erlesen	adjective
Ernüchterung	noun
Errungenschaft	noun
erschöpfend	adjective
erschüttern	verb
Erwägung	noun
essenziell	adjective
etabliert	adjective
Etikette	noun
etwaig	adjective
euphemistisch	adjective
exaltiert	adjective
exemplarisch	adjective
expansiv	adjective
exponieren	verb
extrapolieren	verb
extrinsisch	adjective
extrovertiert	adjective
Exzess	noun
fabulieren	verb
Facette	noun
fahrig	adjective
falsifizieren	verb
Fatalismus	noun
fatalistisch	adjective
Fauxpas	noun
Feingefühl	noun
Feinsinn	noun
feinsinnig	adjective
fidel	adjective
Finte	noun
firmieren	verb
flapsig	adjective
folgerichtig	adjective
forcieren	verb
forsch	adjective
Fragilität	noun
frappieren	verb
Freimut	noun
Frohsinn	noun
frugal	adjective
fundiert	adjective
gänzlich	adjective
Gebaren	noun
gebieterisch	adjective
Gedankenaustausch	noun
Gefallsucht	noun
geflissentlich	adjective
Gefüge	noun
gehässig	adjective
Geltungsdrang	noun
gemeinhin	adjective
Gemeinplatz	noun
Gemengelage	noun
Genügsamkeit	noun
genuin	adjective
Gepflogenheit	noun
gerieren	verb
Geringschätzung	noun
geschwollen	adjective
gespreizt	adjective
Gewandtheit	noun
Gewissensfrage	noun
gewitzt	adjective
Gleichmut	noun
gleichsam	adjective
goutieren	verb
Grandezza	noun
Gratifikation	noun
Gratwanderung	noun
gravieren	verb
großspurig	adjective
Grundfeste	noun
grundverschieden	verb
gutbürgerlich	adjective
Gutdünken	noun
Häme	noun
hämisch	adjective
Handhabe	noun
Handlungsspielraum	noun
harmonieren	verb
Hehl	noun
hehr	adjective
hellhörig	adjective
hemdsärmelig	adjective
Hemmnis	noun
heranziehen	verb
hermetisch	adjective
Hilflosigkeit	noun
hinlänglich	adjective
hinterlassen	verb
hinterlistig	adjective
hochgestochen	adjective
hochmütig	adjective
Hochstapler	noun
hofieren	verb
Hoheit	noun
holistisch	adjective
Huld	noun
hypostasieren	verb
idealistisch	adjective
ideell	adjective
imaginär	adjective
immanent	adjective
Impertinenz	noun
implizieren	verb
implizit	adjective
imprägnieren	verb
impulsiv	adjective
Inbrunst	noun
inbrünstig	adjective
indifferent	adjective
indigniert	adjective
Individualismus	noun
indoktrinieren	verb
infam	adjective
Infamie	noun
inferior	adjective
infiltrieren	verb
inhalieren	verb
inkohärent	adjective
inkommensurabel	adjective
inkriminieren	verb
Innehalten	noun
Insignien	noun
insinuieren	verb
insistieren	verb
inszeniert	adjective
Interdependenz	noun
interferieren	verb
Intransparenz	noun
intrinsisch	adjective
introvertiert	adjective
Irrglaube	noun
Irrweg	noun
Jähzorn	noun
jonglieren	verb
Kalkül	noun
kanonisieren	verb
Kapriole	noun
Kardinalfehler	noun
karikieren	verb
kauzig	adjective
Kehrseite	noun
Kernaussage	noun
kernig	adjective
kleinmütig	adjective
Klientelpolitik	noun
kohärent	adjective
kokett	adjective
kolossal	adjective
kolportieren	verb
Konformität	noun
Konsens	noun
konsolidieren	verb
konspirieren	verb
Kontemplation	noun
Konterkarierung	noun
Kontinuum	noun
Konvergenz	noun
konzedieren	verb
konziliant	adjective
konzis	adjective
Korrelation	noun
kryptisch	adjective
kulminieren	verb
kurios	adjective
Kuriosum	noun
lakonisch	adjective
lamentieren	verb
lammfromm	adjective
Lappalie	noun
larmoyant	adjective
Larmoyanz	noun
lästerhaft	adjective
lauter	adjective
Läuterung	noun
lavieren	verb
lax	adjective
Legitimität	noun
Leichtigkeit	noun
Leitbild	noun
Leitmotiv	noun
Lethargie	noun
leutselig	adjective
Liaison	noun
liebäugeln	verb
lückenlos	adjective
Makulatur	noun
Malaise	noun
Manier	noun
manieriert	adjective
manifestieren	verb
manisch	adjective
Manko	noun
marginal	adjective
marginalisieren	verb
markant	adjective
martialisch	adjective
Martyrium	noun
mäßig	adjective
Mäßigung	noun
Maßregelung	noun
Maxime	noun
Melancholie	noun
melancholisch	adjective
Metier	noun
Mimikry	noun
minutiös	adjective
Misere	noun
Missgriff	noun
moderieren	verb
mondän	adjective
monieren	verb
Monotonie	noun
moralinsauer	adjective
mürbe	adjective
Mutlosigkeit	noun
mutmaßen	verb
mystifizieren	verb
Nabelschau	noun
Nachdrücklichkeit	noun
nahelegen	verb
Naturell	noun
nebensächlich	adjective
negieren	verb
Neuralgie	noun
nichtig	adjective
Nichtigkeit	noun
nichtsdestotrotz	adjective
Nimbus	noun
nobilitieren	verb
Nonchalance	noun
nonchalant	adjective
normativ	adjective
nostalgisch	adjective
notgedrungen	verb
Novum	noun
Nuance	noun
nuanciert	adjective
Obsession	noun
obskur	adjective
obsolet	adjective
obstruieren	verb
Odyssee	noun
offenbaren	verb
ominös	adjective
opponieren	verb
Opportunismus	noun
opportunistisch	adjective
opulent	adjective
Opulenz	noun
Paradigma	noun
pathetisch	adjective
pathologisieren	verb
Pathos	noun
Pedanterie	noun
pedantisch	adjective
peripher	adjective
Peripherie	noun
persiflieren	verb
pervertieren	verb
pfiffig	adjective
Pfründe	noun
philosophieren	verb
phlegmatisch	adjective
Pietät	noun
pietätvoll	adjective
pikant	adjective
Plädoyer	noun
plagiieren	verb
Plattitüde	noun
pointieren	verb
Polarisierung	noun
Polarität	noun
polyglott	adjective
pompös	adjective
Pragmatismus	noun
prägnant	adjective
Prägung	noun
präjudizieren	verb
prätendieren	verb
präzisieren	verb
Präzision	noun
profund	adjective
proliferieren	verb
prosaisch	adjective
prosperieren	verb
Provenienz	noun
puritanisch	adjective
Querdenker	noun
Querelen	noun
querköpfig	adjective
Raffinesse	noun
Randnotiz	noun
räsonieren	verb
Ratio	noun
redundant	adjective
Refugium	noun
renitent	adjective
Renitenz	noun
Renommee	noun
Residuum	noun
Resilienz	noun
resistent	adjective
reüssieren	verb
revidieren	verb
rigoros	adjective
Rückbesinnung	noun
Rückgriff	noun
Rückschluss	noun
rüstig	adjective
Sachverhalt	noun
Sachzwang	noun
sagenumwoben	verb
salomonisch	adjective
Sammelbecken	noun
Sarkasmus	noun
Schablone	noun
Scharade	noun
Scharfsinn	noun
Schattendasein	noun
Scheinargument	noun
Schelte	noun
Schlagabtausch	noun
Schlagkraft	noun
schnippisch	adjective
schrullig	adjective
schwadronierend	adjective
Schwermütigkeit	noun
sedieren	verb
sekundieren	verb
Selbstgerechtigkeit	noun
selbstherrlich	adjective
Selbstreflexion	noun
Selbstverständnis	noun
Selbstzweck	noun
selektiv	adjective
signifikant	adjective
Sinnbild	noun
sinnfällig	adjective
sinnieren	verb
Sinnkrise	noun
skandalisieren	verb
skurril	adjective
Sophisterei	noun
spärlich	adjective
Spitzfindigkeit	noun
Sprachrohr	noun
spröde	adjective
staatstragend	adjective
Starrsinn	noun
statthaft	adjective
Stellenwert	noun
stichfest	adjective
stiefkindlich	adjective
Stigma	noun
Stilblüte	noun
stilistisch	adjective
stipulieren	verb
stoisch	adjective
Streitschrift	noun
stringent	adjective
Stringenz	noun
Strohfeuer	noun
struppig	adjective
subaltern	verb
sublim	adjective
Sublimierung	noun
substanziell	adjective
subtil	adjective
subversiv	adjective
süffisant	adjective
suggerieren	verb
Suggestion	noun
Symptomatik	noun
tendenziös	adjective
Tiefgang	noun
tiefsinnig	adjective
Tirade	noun
Torheit	noun
Tragik	noun
tragisch	adjective
Tragweite	noun
trefflich	adjective
Treibsand	noun
triftig	adjective
trist	adjective
trotzig	adjective
Trübsinn	noun
Trugschluss	noun
tumultartig	adjective
Tunnelblick	noun
überbordend	adjective
Übereifer	noun
Überhöhung	noun
überkommen	verb
überspannt	adjective
überspitzt	adjective
Überzeugungskraft	noun
Ultimatum	noun
umtriebig	adjective
Umtriebigkeit	noun
Unabdingbarkeit	noun
unabsehbar	adjective
unbändig	adjective
Unbeirrbarkeit	noun
unbotmäßig	adjective
undurchdringlich	adjective
Undurchdringlichkeit	noun
unentwegt	adjective
unergründlich	adjective
Unerschrockenheit	noun
ungeschoren	adjective
ungeteilt	adjective
Ungetüm	noun
universell	adjective
unlängst	adjective
unnachsichtig	adjective
unorthodox	adjective
Unschärfe	noun
unstet	adjective
Unstetigkeit	noun
unterbinden	verb
Unterfangen	noun
unterstellen	verb
untertänig	adjective
Unterton	noun
unumschränkt	adjective
unumstritten	adjective
Unwägbarkeit	noun
unweigerlich	adjective
unwirsch	adjective
Usus	noun
vehement	adjective
Verballhornung	noun
Verbrämung	noun
Verdikt	noun
verfemt	adjective
Verflechtung	noun
vergegenwärtigen	verb
Vergegenwärtigung	noun
vergeistigt	adjective
Verharmlosung	noun
verifizieren	verb
verkannt	adjective
verklausulieren	verb
verklausuliert	adjective
Verlautbarung	noun
verlustieren	verb
vermeintlich	adjective
verquast	adjective
verschmitzt	adjective
Verschrobenheit	noun
versiegen	verb
Versiertheit	noun
versnobt	adjective
Verstiegenheit	noun
verstockt	adjective
Verve	noun
virulent	adjective
Volte	noun
Vorbehalt	noun
Vorstoß	noun
Wagnisbereitschaft	noun
Wechselhaftigkeit	noun
Wechselspiel	noun
wehmütig	adjective
weitreichend	adjective
weitschweifig	adjective
Weitsicht	noun
weltgewandt	adjective
Weltschmerz	noun
Wesenszug	noun
Widerborstigkeit	noun
Widerhall	noun
Widerwille	noun
Winkelzug	noun
wohlfeil	adjective
Wortgewandtheit	noun
Zäsur	noun
zementieren	verb
zeremoniell	adjective
Zerrissenheit	noun
Zerwürfnis	noun
Zufluchtsort	noun
zuschreiben	verb
Zuspruch	noun
Zuträger	noun
zwanglos	adjective
zwangsläufig	adjective
Zwangsläufigkeit	noun
Zwischenton	noun
Abgesang	noun
Adoleszenz	noun
Agonie	noun
Akribie	noun
Allegorie	noun
Alliteration	noun
Ambiente	noun
Ambiguität	noun
Anachronismus	noun
Anathema	noun
Antagonismus	noun
antizipieren	verb
Äon	noun
Aphorismus	noun
apodiktisch	adjective
apokryph	adjective
Apologie	noun
Apotheose	noun
apotheotisch	adjective
äquivok	adjective
archaisch	adjective
Arkanum	noun
Askese	noun
Assonanz	noun
Ästhetik	noun
Attitüde	noun
Aura	noun
Autodidakt	noun
Aversion	noun
Belletristik	noun
Bonhomie	noun
Causa	noun
Chiffre	noun
Chimäre	noun
chimärisch	adjective
Cliquenwirtschaft	noun
Deismus	noun
deklamatorisch	adjective
Dekonstruktion	noun
Delirium	noun
Demiurg	noun
Derivat	noun
Desiderat	noun
Desperado	noun
destillieren	verb
dialektisch	adjective
diametral	adjective
Diaspora	noun
Dichotomie	noun
Diktum	noun
dionysisch	adjective
Diskurs	noun
Dissonanz	noun
Doyen	noun
Duktus	noun
eklektisch	adjective
Eklektizismus	noun
elaborieren	verb
Elegie	noun
Emphase	noun
Entelechie	noun
Entität	noun
ephemer	adjective
Epigone	noun
Epigramm	noun
Epiphanie	noun
erratisch	adjective
Eskapismus	noun
esoterisch	adjective
Ethos	noun
Etymologie	noun
Euphemismus	noun
Evidenz	noun
evozieren	verb
Exegese	noun
exemplifizieren	verb
exoterisch	adjective
Fatum	noun
Fluidum	noun
Fraktur	noun
Furor	noun
Genealogie	noun
Genese	noun
Gnosis	noun
Habitus	noun
Hagiografie	noun
Hedonismus	noun
Hegemonie	noun
Hermeneutik	noun
heterogen	verb
Heuristik	noun
Hierophant	noun
Hommage	noun
homogen	verb
Hybris	noun
hyperbolisch	adjective
Hypertrophie	noun
Idiom	noun
idiosynkratisch	adjective
Ikonografie	noun
ikonoklastisch	adjective
Immanenz	noun
Imperativ	noun
Inbegriff	noun
inhärent	adjective
Inkommensurabilität	noun
Insinuation	noun
Intelligibilität	noun
Interimslösung	noun
Invektive	noun
Kadenz	noun
Kakofonie	noun
Kanon	noun
Katharsis	noun
Klerisei	noun
Kohärenz	noun
Koinzidenz	noun
Kolportage	noun
kondensieren	verb
Konglomerat	noun
Konnotation	noun
konstatieren	verb
kontemplativ	adjective
Konterfei	noun
Kontingenz	noun
Kontrapunkt	noun
Laisser-faire	noun
Lakonie	noun
Lamento	noun
Lettern	noun
Liturgie	noun
mäandernd	adjective
mäeutisch	adjective
manichäisch	adjective
Melange	noun
mephistophelisch	adjective
Metapher	noun
metaphysisch	adjective
Mimesis	noun
mimetisch	adjective
Misanthropie	noun
Monade	noun
Moritat	noun
Narrativ	noun
Nemesis	noun
Nomenklatur	noun
numinos	adjective
Obskurantismus	noun
Ödnis	noun
omnipräsent	adjective
Onomatopoesie	noun
ontologisch	adjective
orphisch	adjective
oszillieren	verb
Panegyrikus	noun
paradigmatisch	adjective
Paradoxon	noun
paraphrasieren	verb
Parvenü	noun
Pastiche	noun
Patina	noun
Pejorativ	noun
pekuniär	adjective
perpetuieren	verb
Phalanx	noun
pharisäerhaft	adjective
Philippika	noun
Physiognomie	noun
Plethora	noun
pointiert	adjective
Polyphonie	noun
polyvalent	adjective
Postulat	noun
postulieren	verb
Prämisse	noun
Primat	noun
promethisch	adjective
Proselyt	noun
Räson	noun
Redundanz	noun
rekurrieren	verb
Reminiszenz	noun
Ressentiment	noun
Rhetorik	noun
rudimentär	adjective
sakrosankt	adjective
Salbaderei	noun
sardonisch	adjective
Schisma	noun
Scholastik	noun
Semantik	noun
sezieren	verb
sibyllinisch	adjective
Simulacrum	noun
Solipsismus	noun
solipsistisch	adjective
somnambul	adjective
Sophismus	noun
sophistisch	adjective
Sottise	noun
sphärisch	adjective
Stakkato	noun
subsumieren	verb
Sujet	noun
Syllogismus	noun
Synästhesie	noun
Tautologie	noun
Teleologie	noun
teleologisch	adjective
tentativ	adjective
Theodizee	noun
transzendent	adjective
Transzendenz	noun
transzendieren	verb
Trias	noun
Trivialität	noun
ubiquitär	adjective
Vanitas	noun
Vernissage	noun
Volatilität	noun
Zeitgeist	noun
